API,WELL_RECORDS_DOCS,WELL_NAME,WELL_NUM,OPERATOR,WELLSTATUS,WELLTYPE,SYMBOL_CLASS,SH_LAT,SH_LON,COUNTY,SECTION,TOWNSHIP,RANGE,QTR4,QTR3,QTR2,QTR1,PM,FOOTAGE_EW,EW,FOOTAGE_NS,NS
3500300001,https://public.occ.ok.gov/OGCDWellRecords/Search.aspx?searchcommand=%7B%5BOG%20Well%20Records%5D%3A%5BAPI%20Number%5D%3D%223500300001%2A%22%7D,KIRCHER,#1,CHAMPLIN EXPLORATION INC,PA,GAS,PLUGGED,36.85323,-98.3895,ALFALFA,4.00,27N,11W,,C,NE,NW,IM,0.0,,0.0,
3500300002,https://public.occ.ok.gov/OGCDWellRecords/Search.aspx?searchcommand=%7B%5BOG%20Well%20Records%5D%3A%5BAPI%20Number%5D%3D%223500300002%2A%22%7D,STATE,#1,OTC/OCC NOT ASSIGNED,PA,GAS,PLUGGED,36.8604815,-98.3849884,ALFALFA,33.00,28N,11W,,C,NW,SE,IM,,,,
3500300005,https://public.occ.ok.gov/OGCDWellRecords/Search.aspx?searchcommand=%7B%5BOG%20Well%20Records%5D%3A%5BAPI%20Number%5D%3D%223500300005%2A%22%7D,J F BISHOP-A,#1,OTC/OCC NOT ASSIGNED,PA,DRY,PLUGGED,36.889495,-98.3174047,ALFALFA,19.00,28N,10W,,,NE,SW,IM,1510.0,W,660.0,N
3500300006,https://public.occ.ok.gov/OGCDWellRecords/Search.aspx?searchcommand=%7B%5BOG%20Well%20Records%5D%3A%5BAPI%20Number%5D%3D%223500300006%2A%22%7D,EVANLENA SCHWAB,#1,OTC/OCC NOT ASSIGNED,PA,DRY,PLUGGED,36.8169216,-98.4661013,ALFALFA,14.00,27N,12W,,,CNW,SW,IM,0.0, ,0.0, 
3500300007,https://public.occ.ok.gov/OGCDWellRecords/Search.aspx?searchcommand=%7B%5BOG%20Well%20Records%5D%3A%5BAPI%20Number%5D%3D%223500300007%2A%22%7D,GEORGE S GRAY,#1,OTC/OCC NOT ASSIGNED,PA,DRY,PLUGGED,36.8422017,-98.5246753,ALFALFA,6.00,27N,12W,,,CSE,SE,IM,0.0, ,0.0, 
3500300008,https://public.occ.ok.gov/OGCDWellRecords/Search.aspx?searchcommand=%7B%5BOG%20Well%20Records%5D%3A%5BAPI%20Number%5D%3D%223500300008%2A%22%7D,CLARK,#1,OTC/OCC NOT ASSIGNED,PA,GAS,PLUGGED,36.8169021,-98.1822028,ALFALFA,17.00,27N,09W,,,CNE,SE,IM,660.0,E,660.0,N
3500300009,https://public.occ.ok.gov/OGCDWellRecords/Search.aspx?searchcommand=%7B%5BOG%20Well%20Records%5D%3A%5BAPI%20Number%5D%3D%223500300009%2A%22%7D,BUCKLES,#1,OTC/OCC NOT ASSIGNED,PA,DRY,PLUGGED,36.7733486,-98.5066483,ALFALFA,32.00,27N,12W,,C,NE,SE,IM,660.0,E,660.0,N
3500300010,https://public.occ.ok.gov/OGCDWellRecords/Search.aspx?searchcommand=%7B%5BOG%20Well%20Records%5D%3A%5BAPI%20Number%5D%3D%223500300010%2A%22%7D,CUTRIGHT,#1,OTC/OCC NOT ASSIGNED,PA,DRY,PLUGGED,36.8640518,-98.2092515,ALFALFA,31.00,28N,09W,,,CSE,NW,IM,0.0, ,0.0, 
3500300011,https://public.occ.ok.gov/OGCDWellRecords/Search.aspx?searchcommand=%7B%5BOG%20Well%20Records%5D%3A%5BAPI%20Number%5D%3D%223500300011%2A%22%7D,BISHOP,#1,OTC/OCC NOT ASSIGNED,PA,DRY,PLUGGED,36.9039969,-98.3489426,ALFALFA,14.00,28N,11W,,,CNW,SE,IM,0.0, ,0.0, 
3500300012,https://public.occ.ok.gov/OGCDWellRecords/Search.aspx?searchcommand=%7B%5BOG%20Well%20Records%5D%3A%5BAPI%20Number%5D%3D%223500300012%2A%22%7D,STATE-HEATH,#1,CROSS TIMBERS OPERATING CO,PA,GAS,PLUGGED,36.9039856,-98.2813573,ALFALFA,16.00,28N,10W,,,CNE,SW,IM,1980.0,W,1980.0,S
3500300013,https://public.occ.ok.gov/OGCDWellRecords/Search.aspx?searchcommand=%7B%5BOG%20Well%20Records%5D%3A%5BAPI%20Number%5D%3D%223500300013%2A%22%7D,MORGENSON-JENNINGS,#1,AMERADA HESS CORPORATION,PA,OIL,PLUGGED,36.6401653,-98.4739688,ALFALFA,15.00,25N,12W,,NE,SW,SE,IM,1650.0,E,890.0,S
3500300014,https://public.occ.ok.gov/OGCDWellRecords/Search.aspx?searchcommand=%7B%5BOG%20Well%20Records%5D%3A%5BAPI%20Number%5D%3D%223500300014%2A%22%7D,CLOYD,#1,OTC/OCC NOT ASSIGNED,PA,DRY,PLUGGED,36.8749939,-98.34894,ALFALFA,26.00,28N,11W,,,CNW,SE,IM,660.0,W,660.0,N
3500300015,https://public.occ.ok.gov/OGCDWellRecords/Search.aspx?searchcommand=%7B%5BOG%20Well%20Records%5D%3A%5BAPI%20Number%5D%3D%223500300015%2A%22%7D,HESS,#1,OTC/OCC NOT ASSIGNED,PA,DRY,PLUGGED,36.9732271,-98.1542809,ALFALFA,22.00,29N,09W,,,SW,SE,IM,0.0, ,0.0, 
3500300016,https://public.occ.ok.gov/OGCDWellRecords/Search.aspx?searchcommand=%7B%5BOG%20Well%20Records%5D%3A%5BAPI%20Number%5D%3D%223500300016%2A%22%7D,ELSIE KINER,#1-11,HARBOR RESOURCES LLC,AC,WSW,WATER_SUPPLY,36.489473,-98.447778,ALFALFA,11.00,23N,12W,C,SW,NE,NE,IM,1650.0,W ,1650.0,S 
3500300017,https://public.occ.ok.gov/OGCDWellRecords/Search.aspx?searchcommand=%7B%5BOG%20Well%20Records%5D%3A%5BAPI%20Number%5D%3D%223500300017%2A%22%7D,LECRONE,#1,OTC/OCC NOT ASSIGNED,PA,OIL,PLUGGED,36.4794973,-98.2580901,ALFALFA,10.00,23N,10W,,,CSE,SW,IM,660.0,E,660.0,S
3500300019,https://public.occ.ok.gov/OGCDWellRecords/Search.aspx?searchcommand=%7B%5BOG%20Well%20Records%5D%3A%5BAPI%20Number%5D%3D%223500300019%2A%22%7D,DODD,#1,OTC/OCC NOT ASSIGNED,PA,DRY,PLUGGED,36.711848,-98.2948516,ALFALFA,20.00,26N,10W,,,CSW,SE,IM,0.0, ,0.0, 
3500300020,https://public.occ.ok.gov/OGCDWellRecords/Search.aspx?searchcommand=%7B%5BOG%20Well%20Records%5D%3A%5BAPI%20Number%5D%3D%223500300020%2A%22%7D,"COLLINS ""A"" (COLLINS 1)",#1-6,OTC/OCC NOT ASSIGNED,PA,GAS,PLUGGED,36.6536489,-98.1523265,ALFALFA,10.00,25N,09W,,C,SW,SE,IM,660.0,W,660.0,S
3500300022,https://public.occ.ok.gov/OGCDWellRecords/Search.aspx?searchcommand=%7B%5BOG%20Well%20Records%5D%3A%5BAPI%20Number%5D%3D%223500300022%2A%22%7D,CRISSUP,#1,WESTERN OIL RESOURCES LTD,PA,OIL,PLUGGED,36.5692494,-98.3131184,ALFALFA,7.00,24N,10W,,SW,NE,SW,IM,1550.0,W,1850.0,S
3500300024,https://public.occ.ok.gov/OGCDWellRecords/Search.aspx?searchcommand=%7B%5BOG%20Well%20Records%5D%3A%5BAPI%20Number%5D%3D%223500300024%2A%22%7D,CLARENCE BELTZ,#1,OTC/OCC NOT ASSIGNED,PA,OIL,PLUGGED,36.7743573,-98.4153977,ALFALFA,31.00,27N,11W,,NE,NE,SE,IM,330.0,E,330.0,N
3500300025,https://public.occ.ok.gov/OGCDWellRecords/Search.aspx?searchcommand=%7B%5BOG%20Well%20Records%5D%3A%5BAPI%20Number%5D%3D%223500300025%2A%22%7D,HAGUE,#1,BVD INC,AC,GAS,GAS,36.798857,-98.36245,ALFALFA,22.00,27N,11W,,,CSE,SE,IM,1980.0,W,660.0,S
3500300026,https://public.occ.ok.gov/OGCDWellRecords/Search.aspx?searchcommand=%7B%5BOG%20Well%20Records%5D%3A%5BAPI%20Number%5D%3D%223500300026%2A%22%7D,S.E. EUREKA (TUCKER #1),#21,PHOENIX PETROCORP INC,PA,TM,PLUGGED,36.900446,-98.219252,ALFALFA,13.00,28N,10W,,C,SE,SE,IM,660.0,E,660.0,S
3500300027,https://public.occ.ok.gov/OGCDWellRecords/Search.aspx?searchcommand=%7B%5BOG%20Well%20Records%5D%3A%5BAPI%20Number%5D%3D%223500300027%2A%22%7D,PRUETT,#1,OTC/OCC NOT ASSIGNED,PA,NT,PLUGGED,36.5447767,-98.3524115,ALFALFA,23.00,24N,11W,,,CSW,NE,IM,660.0,W ,660.0,S 
3500300028,https://public.occ.ok.gov/OGCDWellRecords/Search.aspx?searchcommand=%7B%5BOG%20Well%20Records%5D%3A%5BAPI%20Number%5D%3D%223500300028%2A%22%7D,FLORA SMITH,#1,OTC/OCC NOT ASSIGNED,PA,NT,PLUGGED,36.9148522,-98.2633345,ALFALFA,10.00,28N,10W,,,CSE,SW,IM,660.0,E,660.0,S
3500300029,https://public.occ.ok.gov/OGCDWellRecords/Search.aspx?searchcommand=%7B%5BOG%20Well%20Records%5D%3A%5BAPI%20Number%5D%3D%223500300029%2A%22%7D,F KASSIK,#1,CALVERT DRILLING COMPANY,PA,DRY,PLUGGED,36.6355552,-98.5381622,ALFALFA,19.00,25N,12W,,,CNW,NW,IM,660.0,W,660.0,N
3500300030,https://public.occ.ok.gov/OGCDWellRecords/Search.aspx?searchcommand=%7B%5BOG%20Well%20Records%5D%3A%5BAPI%20Number%5D%3D%223500300030%2A%22%7D,ANCELL,#1,OTC/OCC NOT ASSIGNED,PA,OIL,PLUGGED,36.9219277,-98.1191359,ALFALFA,12.00,28N,09W,,,CSE,NW,IM,660.0,E,660.0,S
3500300031,https://public.occ.ok.gov/OGCDWellRecords/Search.aspx?searchcommand=%7B%5BOG%20Well%20Records%5D%3A%5BAPI%20Number%5D%3D%223500300031%2A%22%7D,KEPHART,#1,OTC/OCC NOT ASSIGNED,PA,NT,PLUGGED,36.6139467,-98.4029917,ALFALFA,29.00,25N,11W,,,CNW,SE,IM,330.0,W,330.0,N
3500300032,https://public.occ.ok.gov/OGCDWellRecords/Search.aspx?searchcommand=%7B%5BOG%20Well%20Records%5D%3A%5BAPI%20Number%5D%3D%223500300032%2A%22%7D,WINANS,#1,CALVERT DRILLING COMPANY,PA,DRY,PLUGGED,36.9210809,-98.160829,ALFALFA,10.00,28N,09W,,SW,SW,NW,IM,0.0, ,0.0, 
3500300033,https://public.occ.ok.gov/OGCDWellRecords/Search.aspx?searchcommand=%7B%5BOG%20Well%20Records%5D%3A%5BAPI%20Number%5D%3D%223500300033%2A%22%7D,PARR,#1,OTC/OCC NOT ASSIGNED,PA,DRY,PLUGGED,36.9184866,-98.2858741,ALFALFA,9.00,28N,10W,,,CNW,SW,IM,660.0,W,660.0,N
3500300035,https://public.occ.ok.gov/OGCDWellRecords/Search.aspx?searchcommand=%7B%5BOG%20Well%20Records%5D%3A%5BAPI%20Number%5D%3D%223500300035%2A%22%7D,SCHMIDT,#1,OTC/OCC NOT ASSIGNED,PA,DRY,PLUGGED,36.5554909,-98.1368457,ALFALFA,14.00,24N,09W,,,CNW,SW,IM,660.0,W,660.0,N
3500300036,https://public.occ.ok.gov/OGCDWellRecords/Search.aspx?searchcommand=%7B%5BOG%20Well%20Records%5D%3A%5BAPI%20Number%5D%3D%223500300036%2A%22%7D,J E MALTBIE,#1,OTC/OCC NOT ASSIGNED,PA,GAS,PLUGGED,36.9175057,-98.1878491,ALFALFA,8.00,28N,09W,,SW,NW,SE,IM,330.0,W,990.0,N
3500300037,https://public.occ.ok.gov/OGCDWellRecords/Search.aspx?searchcommand=%7B%5BOG%20Well%20Records%5D%3A%5BAPI%20Number%5D%3D%223500300037%2A%22%7D,BUTZ,#1,OTC/OCC NOT ASSIGNED,PA,DRY,PLUGGED,36.9776982,-98.1170196,ALFALFA,24.00,29N,09W,,NE,NW,SE,IM,990.0,W,330.0,N
3500300038,https://public.occ.ok.gov/OGCDWellRecords/Search.aspx?searchcommand=%7B%5BOG%20Well%20Records%5D%3A%5BAPI%20Number%5D%3D%223500300038%2A%22%7D,FOLGER,#1,OTC/OCC NOT ASSIGNED,PA,DRY,PLUGGED,36.943345,-98.1666986,ALFALFA,33.00,29N,09W,,SE,SE,SE,IM,330.0,E,330.0,S
3500300039,https://public.occ.ok.gov/OGCDWellRecords/Search.aspx?searchcommand=%7B%5BOG%20Well%20Records%5D%3A%5BAPI%20Number%5D%3D%223500300039%2A%22%7D,ESTELLA HILL,#1,OTC/OCC NOT ASSIGNED,PA,DRY,PLUGGED,36.9724562,-98.3609119,ALFALFA,23.00,29N,11W,,SE,SW,SW,IM,990.0,W,330.0,S
3500300040,https://public.occ.ok.gov/OGCDWellRecords/Search.aspx?searchcommand=%7B%5BOG%20Well%20Records%5D%3A%5BAPI%20Number%5D%3D%223500300040%2A%22%7D,G B SMITH,#1,OTC/OCC NOT ASSIGNED,PA,DRY,PLUGGED,36.9778738,-98.2660646,ALFALFA,22.00,29N,10W,,NE,NE,SW,IM,330.0,E,330.0,N
3500300041,https://public.occ.ok.gov/OGCDWellRecords/Search.aspx?searchcommand=%7B%5BOG%20Well%20Records%5D%3A%5BAPI%20Number%5D%3D%223500300041%2A%22%7D,AMES,#1,OTC/OCC NOT ASSIGNED,PA,DRY,PLUGGED,36.9516007,-98.2762227,ALFALFA,33.00,29N,10W,,,CSE,NE,IM,660.0,E,660.0,S
3500300042,https://public.occ.ok.gov/OGCDWellRecords/Search.aspx?searchcommand=%7B%5BOG%20Well%20Records%5D%3A%5BAPI%20Number%5D%3D%223500300042%2A%22%7D,GLEN TUCKER,#1,OTC/OCC NOT ASSIGNED,PA,DRY,PLUGGED,36.8749611,-98.2407911,ALFALFA,26.00,28N,10W,,,CNW,SE,IM,660.0,W,660.0,N
3500300043,https://public.occ.ok.gov/OGCDWellRecords/Search.aspx?searchcommand=%7B%5BOG%20Well%20Records%5D%3A%5BAPI%20Number%5D%3D%223500300043%2A%22%7D,SCHAEFER,#1,OTC/OCC NOT ASSIGNED,PA,DRY,PLUGGED,36.9102931,-98.4401952,ALFALFA,13.00,28N,12W,,SW,NW,NE,IM,330.0,W,1650.0,S
3500300044,https://public.occ.ok.gov/OGCDWellRecords/Search.aspx?searchcommand=%7B%5BOG%20Well%20Records%5D%3A%5BAPI%20Number%5D%3D%223500300044%2A%22%7D,MAXWELL,#1,OTC/OCC NOT ASSIGNED,PA,DRY,PLUGGED,36.9120185,-98.5055237,ALFALFA,17.00,28N,12W,,NE,NE,NE,IM,330.0,E,330.0,N
3500300045,https://public.occ.ok.gov/OGCDWellRecords/Search.aspx?searchcommand=%7B%5BOG%20Well%20Records%5D%3A%5BAPI%20Number%5D%3D%223500300045%2A%22%7D,MARY JACK,#1,SAMEDAN OIL CORPORATION,PA,DRY,PLUGGED,36.8858583,-98.2858681,ALFALFA,21.00,28N,10W,,,CSW,SW,IM,660.0,W,660.0,S
3500300046,https://public.occ.ok.gov/OGCDWellRecords/Search.aspx?searchcommand=%7B%5BOG%20Well%20Records%5D%3A%5BAPI%20Number%5D%3D%223500300046%2A%22%7D,BIRCHFIELD,#1,AVRA OIL CO,PA,DRY,PLUGGED,36.8304481,-98.1450262,ALFALFA,10.00,27N,09W,,SE,NE,SE,IM,330.0,E,990.0,N
3500300047,https://public.occ.ok.gov/OGCDWellRecords/Search.aspx?searchcommand=%7B%5BOG%20Well%20Records%5D%3A%5BAPI%20Number%5D%3D%223500300047%2A%22%7D,BAKER,#1,OTC/OCC NOT ASSIGNED,PA,DRY,PLUGGED,36.8486768,-98.2441714,ALFALFA,2.00,27N,10W,,SE,SE,NW,IM,330.0,E,330.0,S
3500300048,https://public.occ.ok.gov/OGCDWellRecords/Search.aspx?searchcommand=%7B%5BOG%20Well%20Records%5D%3A%5BAPI%20Number%5D%3D%223500300048%2A%22%7D,ORINGDERFF,#1,OTC/OCC NOT ASSIGNED,PA,OIL,PLUGGED,36.7263211,-98.4165229,ALFALFA,18.00,26N,11W,,,CSE,SE,IM,4620.0,W,660.0,S
3500300049,https://public.occ.ok.gov/OGCDWellRecords/Search.aspx?searchcommand=%7B%5BOG%20Well%20Records%5D%3A%5BAPI%20Number%5D%3D%223500300049%2A%22%7D,COOK,#1,OTC/OCC NOT ASSIGNED,PA,DRY,PLUGGED,36.7080315,-98.119104,ALFALFA,25.00,26N,09W,,,CNE,NW,IM,0.0, ,0.0, 
3500300050,https://public.occ.ok.gov/OGCDWellRecords/Search.aspx?searchcommand=%7B%5BOG%20Well%20Records%5D%3A%5BAPI%20Number%5D%3D%223500300050%2A%22%7D,GARRETT,#1,OTC/OCC NOT ASSIGNED,PA,DRY,PLUGGED,36.7018344,-98.4424253,ALFALFA,25.00,26N,12W,,NE,NE,SW,IM,330.0,E,330.0,N
3500300051,https://public.occ.ok.gov/OGCDWellRecords/Search.aspx?searchcommand=%7B%5BOG%20Well%20Records%5D%3A%5BAPI%20Number%5D%3D%223500300051%2A%22%7D,W L REXROAT TR #1,#1,AMERADA HESS CORPORATION,PA,DRY,PLUGGED,36.4722671,-98.3389313,ALFALFA,14.00,23N,11W,,,CSE,NE,IM,660.0,W,660.0,S
3500300052,https://public.occ.ok.gov/OGCDWellRecords/Search.aspx?searchcommand=%7B%5BOG%20Well%20Records%5D%3A%5BAPI%20Number%5D%3D%223500300052%2A%22%7D,WOODS,#1,OTC/OCC NOT ASSIGNED,PA,DRY,PLUGGED,36.603026,-98.2002213,ALFALFA,31.00,25N,09W,,,CSE,NE,IM,660.0,E,660.0,S
3500300053,https://public.occ.ok.gov/OGCDWellRecords/Search.aspx?searchcommand=%7B%5BOG%20Well%20Records%5D%3A%5BAPI%20Number%5D%3D%223500300053%2A%22%7D,KEPHART-WAGGONER,#1,COG PETROLEUM CORPORATION,PA,NT,PLUGGED,36.6293639,-98.3883413,ALFALFA,21.00,25N,11W,,NE,NE,SW,IM,330.0,E,330.0,N
3500300054,https://public.occ.ok.gov/OGCDWellRecords/Search.aspx?searchcommand=%7B%5BOG%20Well%20Records%5D%3A%5BAPI%20Number%5D%3D%223500300054%2A%22%7D,SAMPLES,#1,OTC/OCC NOT ASSIGNED,PA,DRY,PLUGGED,36.7598669,-98.4131414,ALFALFA,5.00,26N,11W,,NW,NW,SW,IM,330.0,W,330.0,N
3500300056,https://public.occ.ok.gov/OGCDWellRecords/Search.aspx?searchcommand=%7B%5BOG%20Well%20Records%5D%3A%5BAPI%20Number%5D%3D%223500300056%2A%22%7D,ETHEL H JAMES,#1,NORTHERN PUMP COMPANY,PA,DRY,PLUGGED,36.7335381,-98.4660835,ALFALFA,14.00,26N,12W,,,CSW,NW,IM,660.0,W,660.0,S
3500300057,https://public.occ.ok.gov/OGCDWellRecords/Search.aspx?searchcommand=%7B%5BOG%20Well%20Records%5D%3A%5BAPI%20Number%5D%3D%223500300057%2A%22%7D,SHARE,#1,OTC/OCC NOT ASSIGNED,PA,NT,PLUGGED,36.7189671,-98.520155,ALFALFA,20.00,26N,12W,,,CSW,NW,IM,660.0,W,660.0,S
3500300058,https://public.occ.ok.gov/OGCDWellRecords/Search.aspx?searchcommand=%7B%5BOG%20Well%20Records%5D%3A%5BAPI%20Number%5D%3D%223500300058%2A%22%7D,STOVER,#1,OTC/OCC NOT ASSIGNED,PA,OIL,PLUGGED,36.8132534,-98.164178,ALFALFA,16.00,27N,09W,,,CSE,SE,IM,660.0,E,660.0,S
3500300059,https://public.occ.ok.gov/OGCDWellRecords/Search.aspx?searchcommand=%7B%5BOG%20Well%20Records%5D%3A%5BAPI%20Number%5D%3D%223500300059%2A%22%7D,D C SMITH,#1,OTC/OCC NOT ASSIGNED,PA,DRY,PLUGGED,36.8023774,-98.1641775,ALFALFA,21.00,27N,09W,,,CNE,SE,IM,660.0,E,660.0,N
3500300060,https://public.occ.ok.gov/OGCDWellRecords/Search.aspx?searchcommand=%7B%5BOG%20Well%20Records%5D%3A%5BAPI%20Number%5D%3D%223500300060%2A%22%7D,N E CHEROKEE (GINDER 1),#53,MT ENERGY LLC,AC,OIL,OIL,36.795294,-98.318605,ALFALFA,30.00,27N,10W,,C,NE,NW,IM,0.0, ,0.0, 
3500300061,https://public.occ.ok.gov/OGCDWellRecords/Search.aspx?searchcommand=%7B%5BOG%20Well%20Records%5D%3A%5BAPI%20Number%5D%3D%223500300061%2A%22%7D,HERRIN,#1,OTC/OCC NOT ASSIGNED,PA,DRY,PLUGGED,36.8278601,-98.3624514,ALFALFA,10.00,27N,11W,,,CSE,SE,IM,660.0,E,660.0,S
3500300062,https://public.occ.ok.gov/OGCDWellRecords/Search.aspx?searchcommand=%7B%5BOG%20Well%20Records%5D%3A%5BAPI%20Number%5D%3D%223500300062%2A%22%7D,MYERS,#1,OTC/OCC NOT ASSIGNED,PA,DRY,PLUGGED,36.7843388,-98.4075139,ALFALFA,29.00,27N,11W,,,CSE,SW,IM,660.0,E,660.0,S
3500300063,https://public.occ.ok.gov/OGCDWellRecords/Search.aspx?searchcommand=%7B%5BOG%20Well%20Records%5D%3A%5BAPI%20Number%5D%3D%223500300063%2A%22%7D,MEL MCCLAFIN,#1,SORRELS J R DBA CHEYENNE OIL PROPERTIES,PA,DRY,PLUGGED,36.8822108,-98.2498154,ALFALFA,26.00,28N,10W,,,CNW,NW,IM,0.0, ,0.0, 
3500300064,https://public.occ.ok.gov/OGCDWellRecords/Search.aspx?searchcommand=%7B%5BOG%20Well%20Records%5D%3A%5BAPI%20Number%5D%3D%223500300064%2A%22%7D,ROTH,#1,OTC/OCC NOT ASSIGNED,PA,DRY,PLUGGED,36.9660921,-98.4072013,ALFALFA,29.00,29N,11W,,,CSW,NE,IM,660.0,W,660.0,S
3500300066,https://public.occ.ok.gov/OGCDWellRecords/Search.aspx?searchcommand=%7B%5BOG%20Well%20Records%5D%3A%5BAPI%20Number%5D%3D%223500300066%2A%22%7D,NEAL ESTATE,#1,OTC/OCC NOT ASSIGNED,PA,DRY,PLUGGED,36.8168529,-98.1461532,ALFALFA,15.00,27N,09W,,,NE,SE,IM,0.0, ,0.0, 
3500300067,https://public.occ.ok.gov/OGCDWellRecords/Search.aspx?searchcommand=%7B%5BOG%20Well%20Records%5D%3A%5BAPI%20Number%5D%3D%223500300067%2A%22%7D,GREEN,#1,WESTERN OIL RESOURCES LTD,PA,NT,PLUGGED,36.5958353,-98.3759328,ALFALFA,34.00,25N,11W,,,CSW,SW,IM,0.0, ,0.0, 
3500300068,https://public.occ.ok.gov/OGCDWellRecords/Search.aspx?searchcommand=%7B%5BOG%20Well%20Records%5D%3A%5BAPI%20Number%5D%3D%223500300068%2A%22%7D,"ADAMS   ""A""",#1-3,DIVERSIFIED PRODUCTION LLC,AC,GAS,GAS,36.668261,-98.268731,ALFALFA,3.00,25N,10W,,C,SW,SW,IM,660.0,W ,660.0,S 
3500300069,https://public.occ.ok.gov/OGCDWellRecords/Search.aspx?searchcommand=%7B%5BOG%20Well%20Records%5D%3A%5BAPI%20Number%5D%3D%223500300069%2A%22%7D,W O PARR,#1,OTC/OCC NOT ASSIGNED,PA,DRY,PLUGGED,36.9212061,-98.2802307,ALFALFA,9.00,28N,10W,,SE,SE,NW,IM,330.0,E,330.0,S
3500300071,https://public.occ.ok.gov/OGCDWellRecords/Search.aspx?searchcommand=%7B%5BOG%20Well%20Records%5D%3A%5BAPI%20Number%5D%3D%223500300071%2A%22%7D,NEWLIN,#1,COMBINED RESOURCES CORPORATION,PA,GAS,PLUGGED,36.62468,-98.52917,ALFALFA,19.00,25N,12W,,,CSW,SE,IM,,,,
3500300072,https://public.occ.ok.gov/OGCDWellRecords/Search.aspx?searchcommand=%7B%5BOG%20Well%20Records%5D%3A%5BAPI%20Number%5D%3D%223500300072%2A%22%7D,TAYLOR-HEATH,#1,RIVIERA OPERATING LLC,PA,GAS,PLUGGED,36.7589165,-98.4570787,ALFALFA,2.00,26N,12W,,,CNW,SE,IM,660.0,W,660.0,N
3500300073,https://public.occ.ok.gov/OGCDWellRecords/Search.aspx?searchcommand=%7B%5BOG%20Well%20Records%5D%3A%5BAPI%20Number%5D%3D%223500300073%2A%22%7D,WOODWARD (VOSS),#1,AARON WELL SERVICE INC,AC,GAS,GAS,36.533748,-98.111113,ALFALFA,25.00,24N,09W,,C,NW,NE,IM,660.0,W,660.0,N
3500300074,https://public.occ.ok.gov/OGCDWellRecords/Search.aspx?searchcommand=%7B%5BOG%20Well%20Records%5D%3A%5BAPI%20Number%5D%3D%223500300074%2A%22%7D,BOUZIDEN,#1,THOMAS J L ENGINEERING INC,PA,DRY,PLUGGED,36.8676079,-98.5066508,ALFALFA,32.00,28N,12W,,C,NE,NE,IM,660.0,E,660.0,N
3500300076,https://public.occ.ok.gov/OGCDWellRecords/Search.aspx?searchcommand=%7B%5BOG%20Well%20Records%5D%3A%5BAPI%20Number%5D%3D%223500300076%2A%22%7D,BODLE,#1,OTC/OCC NOT ASSIGNED,PA,OIL,PLUGGED,36.9120173,-98.1608258,ALFALFA,15.00,28N,09W,,NW,NW,NW,IM,330.0,W,330.0,N
3500300077,https://public.occ.ok.gov/OGCDWellRecords/Search.aspx?searchcommand=%7B%5BOG%20Well%20Records%5D%3A%5BAPI%20Number%5D%3D%223500300077%2A%22%7D,MINNICK,#1,WESTERN OIL RESOURCES LTD,PA,OIL,PLUGGED,36.5302746,-98.3524086,ALFALFA,26.00,24N,11W,,,CSW,NW,IM,0.0, ,0.0, 
3500300078,https://public.occ.ok.gov/OGCDWellRecords/Search.aspx?searchcommand=%7B%5BOG%20Well%20Records%5D%3A%5BAPI%20Number%5D%3D%223500300078%2A%22%7D,SARVER,#1,OTC/OCC NOT ASSIGNED,PA,DRY,PLUGGED,36.628333,-98.1596409,ALFALFA,22.00,25N,09W,,,CNW,SW,IM,0.0, ,0.0, 
3500300079,https://public.occ.ok.gov/OGCDWellRecords/Search.aspx?searchcommand=%7B%5BOG%20Well%20Records%5D%3A%5BAPI%20Number%5D%3D%223500300079%2A%22%7D,RUST,#1,OTC/OCC NOT ASSIGNED,PA,DRY,PLUGGED,36.8313539,-98.5156692,ALFALFA,8.00,27N,12W,,,CNE,SW,IM,0.0, ,0.0, 
3500300080,https://public.occ.ok.gov/OGCDWellRecords/Search.aspx?searchcommand=%7B%5BOG%20Well%20Records%5D%3A%5BAPI%20Number%5D%3D%223500300080%2A%22%7D,DAVIS,#1,OTC/OCC NOT ASSIGNED,PA,DRY,PLUGGED,36.9442951,-98.4613975,ALFALFA,35.00,29N,12W,,,CSW,SE,IM,0.0, ,0.0, 
3500300081,https://public.occ.ok.gov/OGCDWellRecords/Search.aspx?searchcommand=%7B%5BOG%20Well%20Records%5D%3A%5BAPI%20Number%5D%3D%223500300081%2A%22%7D,PNHNDL WSTRN-NRTN B,#1-1,ACME DEVELOPMENT CORP,PA,NT,PLUGGED,36.5882854,-98.3209706,ALFALFA,1.00,24N,11W,,,CSE,NE,IM,0.0, ,0.0, 
3500300082,https://public.occ.ok.gov/OGCDWellRecords/Search.aspx?searchcommand=%7B%5BOG%20Well%20Records%5D%3A%5BAPI%20Number%5D%3D%223500300082%2A%22%7D,IDA FELLERS,#1,OTC/OCC NOT ASSIGNED,PA,OIL,PLUGGED,36.8531938,-98.4390616,ALFALFA,1.00,27N,12W,,,CNW,NE,IM,0.0, ,0.0, 
3500300083,https://public.occ.ok.gov/OGCDWellRecords/Search.aspx?searchcommand=%7B%5BOG%20Well%20Records%5D%3A%5BAPI%20Number%5D%3D%223500300083%2A%22%7D,L W HADWIGER,#1,KEENER OIL COMPANY,PA,DRY,PLUGGED,36.8060454,-98.4660983,ALFALFA,23.00,27N,12W,,,SW,NW,IM,660.0,W,660.0,S
3500300084,https://public.occ.ok.gov/OGCDWellRecords/Search.aspx?searchcommand=%7B%5BOG%20Well%20Records%5D%3A%5BAPI%20Number%5D%3D%223500300084%2A%22%7D,W W MORRIS,#1,TRANSAMERICAN ENERGY LTD,PA,NT,PLUGGED,36.6147377,-98.1607622,ALFALFA,27.00,25N,09W,,NW,NW,SW,IM,330.0,W,330.0,N
3500300085,https://public.occ.ok.gov/OGCDWellRecords/Search.aspx?searchcommand=%7B%5BOG%20Well%20Records%5D%3A%5BAPI%20Number%5D%3D%223500300085%2A%22%7D,ANGLE,#1,VIERSEN & COCHRAN,PA,NT,PLUGGED,36.9074582,-98.1281308,ALFALFA,14.00,28N,09W,,,CSE,NE,IM,660.0,E,660.0,S
3500300087,https://public.occ.ok.gov/OGCDWellRecords/Search.aspx?searchcommand=%7B%5BOG%20Well%20Records%5D%3A%5BAPI%20Number%5D%3D%223500300087%2A%22%7D,SHIELDS (SHIELDS 1),#25-A,CONCHO EXPLORATION INC,PA,DRY,PLUGGED,36.697609,-98.1106628,ALFALFA,25.00,26N,09W,SE,NW,SE,SE,IM,1968.0,W,664.0,S
3500300088,https://public.occ.ok.gov/OGCDWellRecords/Search.aspx?searchcommand=%7B%5BOG%20Well%20Records%5D%3A%5BAPI%20Number%5D%3D%223500300088%2A%22%7D,G F MCARTHUR,#1,OTC/OCC NOT ASSIGNED,PA,DRY,PLUGGED,36.9011131,-98.5370901,ALFALFA,18.00,28N,12W,,NE,SW,SW,IM,990.0,W,990.0,S
3500300089,https://public.occ.ok.gov/OGCDWellRecords/Search.aspx?searchcommand=%7B%5BOG%20Well%20Records%5D%3A%5BAPI%20Number%5D%3D%223500300089%2A%22%7D,F PELTER,#1,OTC/OCC NOT ASSIGNED,PA,DRY,PLUGGED,36.6283598,-98.4886193,ALFALFA,21.00,25N,12W,,,CNE,SE,IM,660.0,E,660.0,N
3500300091,https://public.occ.ok.gov/OGCDWellRecords/Search.aspx?searchcommand=%7B%5BOG%20Well%20Records%5D%3A%5BAPI%20Number%5D%3D%223500300091%2A%22%7D,PIKE,#1,OTC/OCC NOT ASSIGNED,PA,DRY,PLUGGED,36.628274,-98.110098,ALFALFA,24.00,25N,09W,,,CNE,SE,IM,660.0,E,660.0,N
3500300092,https://public.occ.ok.gov/OGCDWellRecords/Search.aspx?searchcommand=%7B%5BOG%20Well%20Records%5D%3A%5BAPI%20Number%5D%3D%223500300092%2A%22%7D,MARY JACK,#1,MAGNOLIA PETROLEUM LTD,PA,DRY,PLUGGED,36.9479814,-98.3078379,ALFALFA,32.00,29N,10W,,,CNW,SW,IM,660.0,W,660.0,N
3500300093,https://public.occ.ok.gov/OGCDWellRecords/Search.aspx?searchcommand=%7B%5BOG%20Well%20Records%5D%3A%5BAPI%20Number%5D%3D%223500300093%2A%22%7D,SHUTT,#1,OTC/OCC NOT ASSIGNED,PA,DRY,PLUGGED,36.6465478,-98.4390438,ALFALFA,13.00,25N,12W,,,CSW,NE,IM,660.0,W,660.0,S
3500300094,https://public.occ.ok.gov/OGCDWellRecords/Search.aspx?searchcommand=%7B%5BOG%20Well%20Records%5D%3A%5BAPI%20Number%5D%3D%223500300094%2A%22%7D,C L MAXWELL,#1,OTC/OCC NOT ASSIGNED,PA,DRY,PLUGGED,36.9119897,-98.5280624,ALFALFA,18.00,28N,12W,,NE,NW,NE,IM,990.0,W,330.0,N
3500300095,https://public.occ.ok.gov/OGCDWellRecords/Search.aspx?searchcommand=%7B%5BOG%20Well%20Records%5D%3A%5BAPI%20Number%5D%3D%223500300095%2A%22%7D,YOUNG,#1,OTC/OCC NOT ASSIGNED,PA,DRY,PLUGGED,36.5629044,-98.3524144,ALFALFA,14.00,24N,11W,,,CNW,NW,IM,660.0,W,660.0,N
3500300096,https://public.occ.ok.gov/OGCDWellRecords/Search.aspx?searchcommand=%7B%5BOG%20Well%20Records%5D%3A%5BAPI%20Number%5D%3D%223500300096%2A%22%7D,GLIDEWELL,#1,ROYALTY ENERGY DEVELOPMENT LLC,AC,OIL,OIL,36.558373,-98.34455,ALFALFA,14.00,24N,11W,,SW,SW,NE,IM,517.0,W,390.0,S
3500300097,https://public.occ.ok.gov/OGCDWellRecords/Search.aspx?searchcommand=%7B%5BOG%20Well%20Records%5D%3A%5BAPI%20Number%5D%3D%223500300097%2A%22%7D,ATCHISON,#1,OTC/OCC NOT ASSIGNED,PA,DRY,PLUGGED,36.5674387,-98.3220938,ALFALFA,12.00,24N,11W,,NW,SE,SE,IM,990.0,E,990.0,S
3500300098,https://public.occ.ok.gov/OGCDWellRecords/Search.aspx?searchcommand=%7B%5BOG%20Well%20Records%5D%3A%5BAPI%20Number%5D%3D%223500300098%2A%22%7D,LOREE SMITH,#1,OTC/OCC NOT ASSIGNED,PA,DRY,PLUGGED,36.7154767,-98.321882,ALFALFA,19.00,26N,10W,,C,NW,SW,IM,660.0,W ,1980.0,S 
3500300099,https://public.occ.ok.gov/OGCDWellRecords/Search.aspx?searchcommand=%7B%5BOG%20Well%20Records%5D%3A%5BAPI%20Number%5D%3D%223500300099%2A%22%7D,MYRTLE COLLINS,#2,SPRING VALLEY OIL & GAS INC,PA,GAS,PLUGGED,36.722717,-98.38948,ALFALFA,21.00,26N,11W,,,CNE,SW,IM,1980.0,W,1980.0,S
3500300100,https://public.occ.ok.gov/OGCDWellRecords/Search.aspx?searchcommand=%7B%5BOG%20Well%20Records%5D%3A%5BAPI%20Number%5D%3D%223500300100%2A%22%7D,HUTCHESON-STATE,#1,OTC/OCC NOT ASSIGNED,PA,DRY,PLUGGED,36.6853732,-98.1146008,ALFALFA,36.00,26N,09W,,S2,NW,SE,IM,660.0,W,760.0,N
3500300101,https://public.occ.ok.gov/OGCDWellRecords/Search.aspx?searchcommand=%7B%5BOG%20Well%20Records%5D%3A%5BAPI%20Number%5D%3D%223500300101%2A%22%7D,LEEPER,#1,OTC/OCC NOT ASSIGNED,PA,OIL,PLUGGED,36.6501122,-98.4886197,ALFALFA,16.00,25N,12W,,,CNE,NE,IM,0.0, ,0.0, 
3500300102,https://public.occ.ok.gov/OGCDWellRecords/Search.aspx?searchcommand=%7B%5BOG%20Well%20Records%5D%3A%5BAPI%20Number%5D%3D%223500300102%2A%22%7D,ALMA BENTLEY,#1-21,DIVERSIFIED PRODUCTION LLC,PA,GAS,PLUGGED,36.544678,-98.496062,ALFALFA,21.00,24N,12W,,C,SW,NW,IM,660.0,W,660.0,S
3500300103,https://public.occ.ok.gov/OGCDWellRecords/Search.aspx?searchcommand=%7B%5BOG%20Well%20Records%5D%3A%5BAPI%20Number%5D%3D%223500300103%2A%22%7D,A MCCUNE,#1,OTC/OCC NOT ASSIGNED,PA,DRY,PLUGGED,36.4831437,-98.3030037,ALFALFA,7.00,23N,10W,,,NE,SE,IM,1060.0,E,660.0,N
3500300104,https://public.occ.ok.gov/OGCDWellRecords/Search.aspx?searchcommand=%7B%5BOG%20Well%20Records%5D%3A%5BAPI%20Number%5D%3D%223500300104%2A%22%7D,PECHA,#1,ALADDIN PETROLEUM CORPORATION,PA,OIL,PLUGGED,36.4830345,-98.1727592,ALFALFA,9.00,23N,09W,,,CNW,SW,IM,0.0, ,0.0, 
3500300105,https://public.occ.ok.gov/OGCDWellRecords/Search.aspx?searchcommand=%7B%5BOG%20Well%20Records%5D%3A%5BAPI%20Number%5D%3D%223500300105%2A%22%7D,JAMES WILLIAMS,#1,OTC/OCC NOT ASSIGNED,PA,DRY,PLUGGED,36.8095724,-98.5381977,ALFALFA,19.00,27N,12W,,,NW,NW,IM,0.0, ,0.0, 
3500300106,https://public.occ.ok.gov/OGCDWellRecords/Search.aspx?searchcommand=%7B%5BOG%20Well%20Records%5D%3A%5BAPI%20Number%5D%3D%223500300106%2A%22%7D,AMBRUSTER,#1,DAVIS WILLIAM H,PA,DRY,PLUGGED,36.8604719,-98.4030133,ALFALFA,32.00,28N,11W,,,CNW,SE,IM,0.0, ,0.0, 
3500300107,https://public.occ.ok.gov/OGCDWellRecords/Search.aspx?searchcommand=%7B%5BOG%20Well%20Records%5D%3A%5BAPI%20Number%5D%3D%223500300107%2A%22%7D,WAGGONER,#1,OTC/OCC NOT ASSIGNED,PA,DRY,PLUGGED,36.8713645,-98.3669648,ALFALFA,27.00,28N,11W,,,CSW,SE,IM,0.0, ,0.0, 
3500300108,https://public.occ.ok.gov/OGCDWellRecords/Search.aspx?searchcommand=%7B%5BOG%20Well%20Records%5D%3A%5BAPI%20Number%5D%3D%223500300108%2A%22%7D,WOKATY,#2,BREWER CARROLL L,PA,GAS,PLUGGED,36.9038871,-98.1732082,ALFALFA,16.00,28N,09W,,,CNE,SW,IM,1980.0,W,1980.0,S
3500300109,https://public.occ.ok.gov/OGCDWellRecords/Search.aspx?searchcommand=%7B%5BOG%20Well%20Records%5D%3A%5BAPI%20Number%5D%3D%223500300109%2A%22%7D,GRACE HARRISON,#1,WESTERN OIL RESOURCES LTD,PA,DRY,PLUGGED,36.9850586,-98.1915421,ALFALFA,20.00,29N,09W,,NW,NW,NE,IM,0.0, ,0.0, 
3500300110,https://public.occ.ok.gov/OGCDWellRecords/Search.aspx?searchcommand=%7B%5BOG%20Well%20Records%5D%3A%5BAPI%20Number%5D%3D%223500300110%2A%22%7D,CROMWELL,#1,TOKLAN OIL CORPORATION,PA,GAS,PLUGGED,36.8784228,-98.1236416,ALFALFA,25.00,28N,09W,,C,SW,NW,IM,660.0,W,660.0,S
3500300112,https://public.occ.ok.gov/OGCDWellRecords/Search.aspx?searchcommand=%7B%5BOG%20Well%20Records%5D%3A%5BAPI%20Number%5D%3D%223500300112%2A%22%7D,W O TALLEY,#6,DUNCAN WALTER,PA,DRY,PLUGGED,36.8885905,-98.3297883,ALFALFA,24.00,28N,11W,,SE,NW,SE,IM,0.0, ,0.0, 
3500300114,https://public.occ.ok.gov/OGCDWellRecords/Search.aspx?searchcommand=%7B%5BOG%20Well%20Records%5D%3A%5BAPI%20Number%5D%3D%223500300114%2A%22%7D,CHARLEY CASTLE,#1,OTC/OCC NOT ASSIGNED,PA,DRY,PLUGGED,36.729815,-98.137133,ALFALFA,14.00,26N,09W,,,CNE,SW,IM,0.0, ,0.0, 
3500300115,https://public.occ.ok.gov/OGCDWellRecords/Search.aspx?searchcommand=%7B%5BOG%20Well%20Records%5D%3A%5BAPI%20Number%5D%3D%223500300115%2A%22%7D,GIBSON,#1,OTC/OCC NOT ASSIGNED,PA,OIL,PLUGGED,36.5085115,-98.2670763,ALFALFA,33.00,24N,10W,,,SE,SE,IM,0.0, ,0.0, 
3500300117,https://public.occ.ok.gov/OGCDWellRecords/Search.aspx?searchcommand=%7B%5BOG%20Well%20Records%5D%3A%5BAPI%20Number%5D%3D%223500300117%2A%22%7D,GEORGE,#0,OTC/OCC NOT ASSIGNED,PA,NT,PLUGGED,36.6600814,-98.1720473,ALFALFA,9.00,25N,09W,,SE,SE,NW,IM,0.0,,0.0,
3500300118,https://public.occ.ok.gov/OGCDWellRecords/Search.aspx?searchcommand=%7B%5BOG%20Well%20Records%5D%3A%5BAPI%20Number%5D%3D%223500300118%2A%22%7D,DENTON,#1,OTC/OCC NOT ASSIGNED,PA,NT,PLUGGED,36.6003392,-98.2441391,ALFALFA,35.00,25N,10W,,NE,NE,SW,IM,0.0, ,0.0, 
3500300119,https://public.occ.ok.gov/OGCDWellRecords/Search.aspx?searchcommand=%7B%5BOG%20Well%20Records%5D%3A%5BAPI%20Number%5D%3D%223500300119%2A%22%7D,BELTER,#1,OTC/OCC NOT ASSIGNED,PA,DRY,PLUGGED,36.8586757,-98.2926087,ALFALFA,32.00,28N,10W,,,,SE,IM,1320.0,E,1320.0,N
3500300121,https://public.occ.ok.gov/OGCDWellRecords/Search.aspx?searchcommand=%7B%5BOG%20Well%20Records%5D%3A%5BAPI%20Number%5D%3D%223500300121%2A%22%7D,VANOSLE,#1,OTC/OCC NOT ASSIGNED,PA,NT,PLUGGED,36.7307216,-98.1337553,ALFALFA,14.00,26N,09W,,NW,NW,SE,IM,0.0, ,0.0, 
3500300122,https://public.occ.ok.gov/OGCDWellRecords/Search.aspx?searchcommand=%7B%5BOG%20Well%20Records%5D%3A%5BAPI%20Number%5D%3D%223500300122%2A%22%7D,MCKEE,#1,OTC/OCC NOT ASSIGNED,PA,NT,PLUGGED,36.9650695,-98.1621849,ALFALFA,27.00,29N,09W,,SE,SW,NW,IM,0.0, ,0.0, 
3500300123,https://public.occ.ok.gov/OGCDWellRecords/Search.aspx?searchcommand=%7B%5BOG%20Well%20Records%5D%3A%5BAPI%20Number%5D%3D%223500300123%2A%22%7D,JACKS,#1,OTC/OCC NOT ASSIGNED,PA,NT,PLUGGED,36.9049036,-98.341074,ALFALFA,13.00,28N,11W,,NW,NW,SW,IM,0.0, ,0.0, 
3500300124,https://public.occ.ok.gov/OGCDWellRecords/Search.aspx?searchcommand=%7B%5BOG%20Well%20Records%5D%3A%5BAPI%20Number%5D%3D%223500300124%2A%22%7D,GRAVER,#1,OTC/OCC NOT ASSIGNED,PA,NT,PLUGGED,36.9174568,-98.5077812,ALFALFA,8.00,28N,12W,,SW,NE,SE,IM,990.0,E,990.0,N
3500300125,https://public.occ.ok.gov/OGCDWellRecords/Search.aspx?searchcommand=%7B%5BOG%20Well%20Records%5D%3A%5BAPI%20Number%5D%3D%223500300125%2A%22%7D,FURRELL,#1,OTC/OCC NOT ASSIGNED,PA,NT,PLUGGED,36.4785263,-98.1828669,ALFALFA,8.00,23N,09W,,SW,SW,SE,IM,0.0, ,0.0, 
3500300127,https://public.occ.ok.gov/OGCDWellRecords/Search.aspx?searchcommand=%7B%5BOG%20Well%20Records%5D%3A%5BAPI%20Number%5D%3D%223500300127%2A%22%7D,QUINN,#1,OTC/OCC NOT ASSIGNED,PA,DRY,PLUGGED,36.5564267,-98.1402059,ALFALFA,15.00,24N,09W,,NE,NE,SE,IM,300.0,E,300.0,N
3500300128,https://public.occ.ok.gov/OGCDWellRecords/Search.aspx?searchcommand=%7B%5BOG%20Well%20Records%5D%3A%5BAPI%20Number%5D%3D%223500300128%2A%22%7D,UNKNOWN,#7,OTC/OCC NOT ASSIGNED,PA,DRY,PLUGGED,36.527556,-98.3108656,ALFALFA,30.00,24N,10W,,NE,NE,SW,IM,0.0,,0.0,
3500300129,https://public.occ.ok.gov/OGCDWellRecords/Search.aspx?searchcommand=%7B%5BOG%20Well%20Records%5D%3A%5BAPI%20Number%5D%3D%223500300129%2A%22%7D,ACRE,#1,OTC/OCC NOT ASSIGNED,PA,DRY,PLUGGED,36.5592797,-98.3434273,ALFALFA,14.00,24N,11W,,,CSW,NE,IM,660.0,W,660.0,S
3500300130,https://public.occ.ok.gov/OGCDWellRecords/Search.aspx?searchcommand=%7B%5BOG%20Well%20Records%5D%3A%5BAPI%20Number%5D%3D%223500300130%2A%22%7D,TRUMBULL,#1,OTC/OCC NOT ASSIGNED,PA,DRY,PLUGGED,36.5456834,-98.349042,ALFALFA,23.00,24N,11W,,NW,SE,NW,IM,1020.0,E,1020.0,S
3500300131,https://public.occ.ok.gov/OGCDWellRecords/Search.aspx?searchcommand=%7B%5BOG%20Well%20Records%5D%3A%5BAPI%20Number%5D%3D%223500300131%2A%22%7D,FORBES,#1,SMITH BROTHERS ENTERPRISES,PA,DRY,PLUGGED,36.8378345,-98.3388032,ALFALFA,12.00,27N,11W,,SE,NW,NW,IM,990.0,W,990.0,N
3500300133,https://public.occ.ok.gov/OGCDWellRecords/Search.aspx?searchcommand=%7B%5BOG%20Well%20Records%5D%3A%5BAPI%20Number%5D%3D%223500300133%2A%22%7D,BODENSCHATZ,#1,OTC/OCC NOT ASSIGNED,PA,OIL,PLUGGED,36.6999833,-98.480726,ALFALFA,27.00,26N,12W,,SW,NE,SW,IM,840.0,E,990.0,N
3500300134,https://public.occ.ok.gov/OGCDWellRecords/Search.aspx?searchcommand=%7B%5BOG%20Well%20Records%5D%3A%5BAPI%20Number%5D%3D%223500300134%2A%22%7D,HAWKINS,#1,AMBASSADOR OIL CORPORATION,PA,DRY,PLUGGED,36.7046016,-98.3489248,ALFALFA,26.00,26N,11W,,,SW,NE,IM,940.0,E,412.0,S
3500300135,https://public.occ.ok.gov/OGCDWellRecords/Search.aspx?searchcommand=%7B%5BOG%20Well%20Records%5D%3A%5BAPI%20Number%5D%3D%223500300135%2A%22%7D,FORD,#1,OTC/OCC NOT ASSIGNED,PA,DRY,PLUGGED,36.6899646,-98.1551516,ALFALFA,34.00,26N,09W,,,CSE,NW,IM,1980.0,W,660.0,S
3500300136,https://public.occ.ok.gov/OGCDWellRecords/Search.aspx?searchcommand=%7B%5BOG%20Well%20Records%5D%3A%5BAPI%20Number%5D%3D%223500300136%2A%22%7D,FELLERS,#1,JONES & PELLOW OIL CO,PA,DRY,PLUGGED,36.8459583,-98.4165263,ALFALFA,6.00,27N,11W,,,NE,SE,IM,0.0, ,0.0, 
3500300137,https://public.occ.ok.gov/OGCDWellRecords/Search.aspx?searchcommand=%7B%5BOG%20Well%20Records%5D%3A%5BAPI%20Number%5D%3D%223500300137%2A%22%7D,STAUFFER,#1,OTC/OCC NOT ASSIGNED,PA,DRY,PLUGGED,36.7371973,-98.4165229,ALFALFA,18.00,26N,11W,,,CNE,NE,IM,0.0, ,0.0, 
3500300138,https://public.occ.ok.gov/OGCDWellRecords/Search.aspx?searchcommand=%7B%5BOG%20Well%20Records%5D%3A%5BAPI%20Number%5D%3D%223500300138%2A%22%7D,ISAAC,#1,JONES & PELLOW OIL CO,PA,DRY,PLUGGED,36.8059481,-98.524674,ALFALFA,19.00,27N,12W,,,CSE,NE,IM,0.0, ,0.0, 
3500300139,https://public.occ.ok.gov/OGCDWellRecords/Search.aspx?searchcommand=%7B%5BOG%20Well%20Records%5D%3A%5BAPI%20Number%5D%3D%223500300139%2A%22%7D,PARKER,#1,JONES & PELLOW OIL CO,PA,OIL,PLUGGED,36.9732268,-98.5201158,ALFALFA,20.00,29N,12W,,,SE,SW,IM,660.0,W,660.0,S
3500300140,https://public.occ.ok.gov/OGCDWellRecords/Search.aspx?searchcommand=%7B%5BOG%20Well%20Records%5D%3A%5BAPI%20Number%5D%3D%223500300140%2A%22%7D,VOORHEES-WRIGHT,#1,ANADARKO MINERALS INC,AC,GAS,GAS,36.472458,-98.249682,ALFALFA,15.00,23N,10W,,C,SE,NE,IM,1980.0,W,660.0,S
3500300141,https://public.occ.ok.gov/OGCDWellRecords/Search.aspx?searchcommand=%7B%5BOG%20Well%20Records%5D%3A%5BAPI%20Number%5D%3D%223500300141%2A%22%7D,MAXEY,#1,OTC/OCC NOT ASSIGNED,PA,OIL,PLUGGED,36.4685765,-98.1997074,ALFALFA,18.00,23N,09W,,,NW,SE,IM,0.0, ,0.0, 
3500300142,https://public.occ.ok.gov/OGCDWellRecords/Search.aspx?searchcommand=%7B%5BOG%20Well%20Records%5D%3A%5BAPI%20Number%5D%3D%223500300142%2A%22%7D,WAYMAN,#1,FAIN-PORTER PRODUCTION COMPANY,PA,OIL,PLUGGED,36.5627119,-98.105401,ALFALFA,13.00,24N,09W,,,CNE,NE,IM,0.0, ,0.0, 
3500300143,https://public.occ.ok.gov/OGCDWellRecords/Search.aspx?searchcommand=%7B%5BOG%20Well%20Records%5D%3A%5BAPI%20Number%5D%3D%223500300143%2A%22%7D,DAVIS,#1-33,SUPERIOR PRODUCTION LLC,AC,OIL,OIL,36.512123,-98.169337,ALFALFA,33.00,24N,09W,,,NE,SW,IM,710.0,E,660.0,N
3500300144,https://public.occ.ok.gov/OGCDWellRecords/Search.aspx?searchcommand=%7B%5BOG%20Well%20Records%5D%3A%5BAPI%20Number%5D%3D%223500300144%2A%22%7D,FORD,#1-29,SHELL OIL COMPANY,PA,DRY,PLUGGED,36.5302713,-98.2895327,ALFALFA,29.00,24N,10W,,,CSW,NE,IM,610.0,E,660.0,N
3500300145,https://public.occ.ok.gov/OGCDWellRecords/Search.aspx?searchcommand=%7B%5BOG%20Well%20Records%5D%3A%5BAPI%20Number%5D%3D%223500300145%2A%22%7D,DAVIDSON,#1-10,SHELL OIL COMPANY,PA,DRY,PLUGGED,36.4866836,-98.4736587,ALFALFA,10.00,23N,12W,,,CSE,NW,IM,1980.0,W,660.0,S
3500300146,https://public.occ.ok.gov/OGCDWellRecords/Search.aspx?searchcommand=%7B%5BOG%20Well%20Records%5D%3A%5BAPI%20Number%5D%3D%223500300146%2A%22%7D,SLOAN,#1-7,SHELL OIL COMPANY,PA,DRY,PLUGGED,36.4866068,-98.5230616,ALFALFA,7.00,23N,12W,,,CSW,NE,IM,760.0,W,660.0,S
3500300147,https://public.occ.ok.gov/OGCDWellRecords/Search.aspx?searchcommand=%7B%5BOG%20Well%20Records%5D%3A%5BAPI%20Number%5D%3D%223500300147%2A%22%7D,RUTH B. DAVIS,#1,TWENTY/TWENTY OIL & GAS INC,AC,GAS,GAS,36.465049,-98.151561,ALFALFA,15.00,23N,09W,,C,SE,SW,IM,1980.0,W,660.0,S
3500300148,https://public.occ.ok.gov/OGCDWellRecords/Search.aspx?searchcommand=%7B%5BOG%20Well%20Records%5D%3A%5BAPI%20Number%5D%3D%223500300148%2A%22%7D,L L PRENTICE,#1,MOORE WILLIAM DBA OVERDRAFT OIL & GAS,AC,OIL,OIL,36.508502,-98.40181,ALFALFA,32.00,24N,11W,,C,SE,SW,IM,1980.0,W,660.0,S
3500300149,https://public.occ.ok.gov/OGCDWellRecords/Search.aspx?searchcommand=%7B%5BOG%20Well%20Records%5D%3A%5BAPI%20Number%5D%3D%223500300149%2A%22%7D,LAWRENCE MILLER,#1,OTC/OCC NOT ASSIGNED,PA,DRY,PLUGGED,36.962483,-98.3033236,ALFALFA,29.00,29N,10W,,,CNE,SW,IM,1980.0,W,1980.0,S
3500300150,https://public.occ.ok.gov/OGCDWellRecords/Search.aspx?searchcommand=%7B%5BOG%20Well%20Records%5D%3A%5BAPI%20Number%5D%3D%223500300150%2A%22%7D,SINGREE,#1-2,SHELL OIL COMPANY,PA,OIL,PLUGGED,36.5041,-98.3487,ALFALFA,2.00,23N,11W,,,CNE,SW,IM,0.0, ,0.0, 
3500300153,https://public.occ.ok.gov/OGCDWellRecords/Search.aspx?searchcommand=%7B%5BOG%20Well%20Records%5D%3A%5BAPI%20Number%5D%3D%223500300153%2A%22%7D,HENRY WEBER,#1,OTC/OCC NOT ASSIGNED,PA,OIL,PLUGGED,36.5230037,-98.4018088,ALFALFA,29.00,24N,11W,,,CSE,SW,IM,0.0, ,0.0, 
3500300154,https://public.occ.ok.gov/OGCDWellRecords/Search.aspx?searchcommand=%7B%5BOG%20Well%20Records%5D%3A%5BAPI%20Number%5D%3D%223500300154%2A%22%7D,MEANS,#1,NATURAL GAS ANADARKO COMPANY,PA,DRY,PLUGGED,36.5958353,-98.3759328,ALFALFA,34.00,25N,11W,,,CSW,SW,IM,0.0, ,0.0, 
3500300155,https://public.occ.ok.gov/OGCDWellRecords/Search.aspx?searchcommand=%7B%5BOG%20Well%20Records%5D%3A%5BAPI%20Number%5D%3D%223500300155%2A%22%7D,CARTER,#1-25,SHELL OIL COMPANY,PA,DRY,PLUGGED,36.5266022,-98.2221683,ALFALFA,25.00,24N,10W,,,NE,SW,IM,736.0,E,660.0,N
3500300156,https://public.occ.ok.gov/OGCDWellRecords/Search.aspx?searchcommand=%7B%5BOG%20Well%20Records%5D%3A%5BAPI%20Number%5D%3D%223500300156%2A%22%7D,JORDAN (HON GAS UNIT 1),#1,ALADDIN PETROLEUM CORPORATION,PA,DRY,PLUGGED,36.5338154,-98.1862402,ALFALFA,29.00,24N,09W,,,CNE,NW,IM,0.0, ,0.0, 
3500300157,https://public.occ.ok.gov/OGCDWellRecords/Search.aspx?searchcommand=%7B%5BOG%20Well%20Records%5D%3A%5BAPI%20Number%5D%3D%223500300157%2A%22%7D,SWEATT,#1,WESTERN OIL RESOURCES LTD,PA,DRY,PLUGGED,36.5773423,-98.1997162,ALFALFA,7.00,24N,09W,,,NW,NE,IM,0.0, ,0.0, 
3500300158,https://public.occ.ok.gov/OGCDWellRecords/Search.aspx?searchcommand=%7B%5BOG%20Well%20Records%5D%3A%5BAPI%20Number%5D%3D%223500300158%2A%22%7D,W W ARMBRUSTER,#1,OTC/OCC NOT ASSIGNED,PA,DRY,PLUGGED,36.8559281,-98.4176546,ALFALFA,31.00,28N,11W,,SW,SE,SE,IM,0.0, ,0.0, 
3500300159,https://public.occ.ok.gov/OGCDWellRecords/Search.aspx?searchcommand=%7B%5BOG%20Well%20Records%5D%3A%5BAPI%20Number%5D%3D%223500300159%2A%22%7D,DREYER,#1,OTC/OCC NOT ASSIGNED,PA,DRY,PLUGGED,36.8604259,-98.4661102,ALFALFA,35.00,28N,12W,,,NW,SW,IM,660.0,W,660.0,N
3500300161,https://public.occ.ok.gov/OGCDWellRecords/Search.aspx?searchcommand=%7B%5BOG%20Well%20Records%5D%3A%5BAPI%20Number%5D%3D%223500300161%2A%22%7D,J F BISHOP,#1,DUNCAN WALTER,PA,DRY,PLUGGED,36.8931207,-98.3128917,ALFALFA,19.00,28N,10W,,,SW,NE,IM,1980.0,W,1980.0,S
3500300162,https://public.occ.ok.gov/OGCDWellRecords/Search.aspx?searchcommand=%7B%5BOG%20Well%20Records%5D%3A%5BAPI%20Number%5D%3D%223500300162%2A%22%7D,TATE,#1,JONES & PELLOW OIL CO,PA,DRY,PLUGGED,36.9402016,-98.2318026,ALFALFA,1.00,28N,10W,,,CNW,NW,IM,0.0, ,0.0, 
3500300163,https://public.occ.ok.gov/OGCDWellRecords/Search.aspx?searchcommand=%7B%5BOG%20Well%20Records%5D%3A%5BAPI%20Number%5D%3D%223500300163%2A%22%7D,CHRISTENSEN,#1,HUX OIL COMPANY LLC,AC,2RIn,UIC,36.896458,-98.179582,ALFALFA,21.00,28N,09W,,C,NW,NW,IM,660.0,W,660.0,N
3500300164,https://public.occ.ok.gov/OGCDWellRecords/Search.aspx?searchcommand=%7B%5BOG%20Well%20Records%5D%3A%5BAPI%20Number%5D%3D%223500300164%2A%22%7D,HAZEL GLIDEWELL (H. MCCALL 1),#1,RKK PRODUCTION COMPANY,PA,GAS,PLUGGED,36.501251,-98.2491119,ALFALFA,3.00,23N,10W,,C,SE,NE,IM,1980.0,W,660.0,S
3500300165,https://public.occ.ok.gov/OGCDWellRecords/Search.aspx?searchcommand=%7B%5BOG%20Well%20Records%5D%3A%5BAPI%20Number%5D%3D%223500300165%2A%22%7D,N.E. CHEROKEE UNIT,#34,CONOCO INC,PA,DRY,PLUGGED,36.7988616,-98.3399246,ALFALFA,24.00,27N,11W,,,CSW,SW,IM,660.0,W,660.0,S
3500300166,https://public.occ.ok.gov/OGCDWellRecords/Search.aspx?searchcommand=%7B%5BOG%20Well%20Records%5D%3A%5BAPI%20Number%5D%3D%223500300166%2A%22%7D,N E CHEROKEE(W LODGE 1),#52,MT ENERGY LLC,AC,OIL,OIL,36.795256,-98.314147,ALFALFA,30.00,27N,10W,,C,NW,NE,IM,660.0,W,660.0,N
3500300167,https://public.occ.ok.gov/OGCDWellRecords/Search.aspx?searchcommand=%7B%5BOG%20Well%20Records%5D%3A%5BAPI%20Number%5D%3D%223500300167%2A%22%7D,"WILBUR LODGE ""B""",#1,COMBINED RESOURCES CORPORATION,PA,TM,PLUGGED,36.7952316,-98.294858,ALFALFA,29.00,27N,10W,,,CNW,NE,IM,660.0,W,660.0,N
3500300168,https://public.occ.ok.gov/OGCDWellRecords/Search.aspx?searchcommand=%7B%5BOG%20Well%20Records%5D%3A%5BAPI%20Number%5D%3D%223500300168%2A%22%7D,U S A,#1,OTC/OCC NOT ASSIGNED,PA,DRY,PLUGGED,36.841495,-98.279032,ALFALFA,4.00,27N,10W,,SW,SW,SE,IM,0.0, ,0.0, 
3500300169,https://public.occ.ok.gov/OGCDWellRecords/Search.aspx?searchcommand=%7B%5BOG%20Well%20Records%5D%3A%5BAPI%20Number%5D%3D%223500300169%2A%22%7D,COOK,#1,OTC/OCC NOT ASSIGNED,PA,DRY,PLUGGED,36.7515672,-98.1371351,ALFALFA,11.00,26N,09W,,,NE,NW,IM,0.0, ,0.0, 
3500300170,https://public.occ.ok.gov/OGCDWellRecords/Search.aspx?searchcommand=%7B%5BOG%20Well%20Records%5D%3A%5BAPI%20Number%5D%3D%223500300170%2A%22%7D,IDA FELLERS,#3,CHESAPEAKE OPERATING LLC,PA,OIL,PLUGGED,36.849115,-98.43963,ALFALFA,1.00,27N,12W,NE,SW,SW,NE,IM,1987.0,E ,2002.0,N 
3500300171,https://public.occ.ok.gov/OGCDWellRecords/Search.aspx?searchcommand=%7B%5BOG%20Well%20Records%5D%3A%5BAPI%20Number%5D%3D%223500300171%2A%22%7D,CLOYD,#1,WOODS PETROLEUM CORPORATION,PA,OIL,PLUGGED,36.874983,-98.3849897,ALFALFA,28.00,28N,11W,,,NW,SE,IM,660.0,W,1980.0,S
3500300172,https://public.occ.ok.gov/OGCDWellRecords/Search.aspx?searchcommand=%7B%5BOG%20Well%20Records%5D%3A%5BAPI%20Number%5D%3D%223500300172%2A%22%7D,DREYER,#3,YOUNGBLOOD J LEE,PA,OIL,PLUGGED,36.8604443,-98.4435742,ALFALFA,36.00,28N,12W,,,NE,SW,IM,1980.0,W,1980.0,S
3500300174,https://public.occ.ok.gov/OGCDWellRecords/Search.aspx?searchcommand=%7B%5BOG%20Well%20Records%5D%3A%5BAPI%20Number%5D%3D%223500300174%2A%22%7D,NORTON,#B-1,OTC/OCC NOT ASSIGNED,PA,GAS,PLUGGED,36.5882854,-98.3209706,ALFALFA,1.00,24N,11W,,,CSE,NE,IM,0.0, ,0.0, 
3500300176,https://public.occ.ok.gov/OGCDWellRecords/Search.aspx?searchcommand=%7B%5BOG%20Well%20Records%5D%3A%5BAPI%20Number%5D%3D%223500300176%2A%22%7D,FRENCH,#1,OTC/OCC NOT ASSIGNED,PA,NT,PLUGGED,36.5781796,-98.5062286,ALFALFA,8.00,24N,12W,,NW,NW,NE,IM,0.0,,0.0,
3500300177,https://public.occ.ok.gov/OGCDWellRecords/Search.aspx?searchcommand=%7B%5BOG%20Well%20Records%5D%3A%5BAPI%20Number%5D%3D%223500300177%2A%22%7D,JOE SHIELDS,#1,OTC/OCC NOT ASSIGNED,PA,DRY,PLUGGED,36.6962495,-98.1089746,ALFALFA,25.00,26N,09W,E2,SE,SE,SE,IM,2410.0,W ,330.0,S 
3500300186,https://public.occ.ok.gov/OGCDWellRecords/Search.aspx?searchcommand=%7B%5BOG%20Well%20Records%5D%3A%5BAPI%20Number%5D%3D%223500300186%2A%22%7D,GLIDEWELL,#1-3,OTC/OCC NOT ASSIGNED,PA,OIL,PLUGGED,36.4939994,-98.2580922,ALFALFA,3.00,23N,10W,,C,SE,SW,IM,1980.0,W,0.0, 
3500300187,https://public.occ.ok.gov/OGCDWellRecords/Search.aspx?searchcommand=%7B%5BOG%20Well%20Records%5D%3A%5BAPI%20Number%5D%3D%223500300187%2A%22%7D,ROY GWINN,#1,OTC/OCC NOT ASSIGNED,PA,OIL,PLUGGED,36.508511,-98.2760583,ALFALFA,33.00,24N,10W,,C,SE,SW,IM,1980.0,W,660.0,S
3500300188,https://public.occ.ok.gov/OGCDWellRecords/Search.aspx?searchcommand=%7B%5BOG%20Well%20Records%5D%3A%5BAPI%20Number%5D%3D%223500300188%2A%22%7D,FRECH (ARNN),#1,OTC/OCC NOT ASSIGNED,PA,DRY,PLUGGED,36.570136,-98.3973208,ALFALFA,8.00,24N,11W,,NW,NW,SE,IM,0.0,,0.0,
3500300189,https://public.occ.ok.gov/OGCDWellRecords/Search.aspx?searchcommand=%7B%5BOG%20Well%20Records%5D%3A%5BAPI%20Number%5D%3D%223500300189%2A%22%7D,"HAWKINS ""B""(HAWKINS #1)",#1,AMBASSADOR OIL CORPORATION,PA,DRY,PLUGGED,36.7046016,-98.3489248,ALFALFA,26.00,26N,11W,,,SW,NE,IM,940.0,W,412.0,S
3500300190,https://public.occ.ok.gov/OGCDWellRecords/Search.aspx?searchcommand=%7B%5BOG%20Well%20Records%5D%3A%5BAPI%20Number%5D%3D%223500300190%2A%22%7D,MUCK,#1,NATURAL GAS & OIL PROD CO,PA,OIL,PLUGGED,36.6900991,-98.3579257,ALFALFA,35.00,26N,11W,,,CSW,NW,IM,660.0,W,3300.0,S
3500300191,https://public.occ.ok.gov/OGCDWellRecords/Search.aspx?searchcommand=%7B%5BOG%20Well%20Records%5D%3A%5BAPI%20Number%5D%3D%223500300191%2A%22%7D,SE EUREKA,#43,CONOCO INC,PA,OIL,PLUGGED,36.8894617,-98.2498184,ALFALFA,23.00,28N,10W,,,CNW,SW,IM,0.0, ,0.0, 
3500300194,https://public.occ.ok.gov/OGCDWellRecords/Search.aspx?searchcommand=%7B%5BOG%20Well%20Records%5D%3A%5BAPI%20Number%5D%3D%223500300194%2A%22%7D,FEE,#1,OTC/OCC NOT ASSIGNED,PA,DRY,PLUGGED,36.5102701,-98.4489624,ALFALFA,35.00,24N,12W,,,,SE,IM,0.0, ,0.0, 
3500300229,https://public.occ.ok.gov/OGCDWellRecords/Search.aspx?searchcommand=%7B%5BOG%20Well%20Records%5D%3A%5BAPI%20Number%5D%3D%223500300229%2A%22%7D,ACRE,#3,ACTON INC,PA,GAS,PLUGGED,36.6003679,-98.3680647,ALFALFA,34.00,25N,11W,,NW,NW,SE,IM,330.0,W,2310.0,S
3500320002,https://public.occ.ok.gov/OGCDWellRecords/Search.aspx?searchcommand=%7B%5BOG%20Well%20Records%5D%3A%5BAPI%20Number%5D%3D%223500320002%2A%22%7D,ELLIOTT,#1,SCOGGINS PRODUCTION LLC,AC,OIL,OIL,36.47222,-98.42875,ALFALFA,13.00,23N,12W,,C,SE,NE,IM,1980.0,W,660.0,S
3500320004,https://public.occ.ok.gov/OGCDWellRecords/Search.aspx?searchcommand=%7B%5BOG%20Well%20Records%5D%3A%5BAPI%20Number%5D%3D%223500320004%2A%22%7D,AMES-BETTS,#1,OTC/OCC NOT ASSIGNED,PA,DRY,PLUGGED,36.7299681,-98.3849769,ALFALFA,16.00,26N,11W,,,CNW,SE,IM,0.0,,0.0,
3500320005,https://public.occ.ok.gov/OGCDWellRecords/Search.aspx?searchcommand=%7B%5BOG%20Well%20Records%5D%3A%5BAPI%20Number%5D%3D%223500320005%2A%22%7D,STEIN,#1,ORINGDERFF ALMA,PA,DRY,PLUGGED,36.7045811,-98.4029993,ALFALFA,29.00,26N,11W,,,CSW,NE,IM,660.0,W,660.0,S
3500320006,https://public.occ.ok.gov/OGCDWellRecords/Search.aspx?searchcommand=%7B%5BOG%20Well%20Records%5D%3A%5BAPI%20Number%5D%3D%223500320006%2A%22%7D,USA,#1-14,SHELL OIL COMPANY,PA,GAS,PLUGGED,36.8124235,-98.2396588,ALFALFA,14.00,27N,10W,,SE,SW,SE,IM,1210.0,W,500.0,S
3500320007,https://public.occ.ok.gov/OGCDWellRecords/Search.aspx?searchcommand=%7B%5BOG%20Well%20Records%5D%3A%5BAPI%20Number%5D%3D%223500320007%2A%22%7D,FRY UNIT,#1,OTC/OCC NOT ASSIGNED,PA,GAS,PLUGGED,36.7625592,-98.4435593,ALFALFA,1.00,26N,12W,,,CSE,NW,IM,0.0, ,0.0, 
3500320008,https://public.occ.ok.gov/OGCDWellRecords/Search.aspx?searchcommand=%7B%5BOG%20Well%20Records%5D%3A%5BAPI%20Number%5D%3D%223500320008%2A%22%7D,IRWIN,#1,D & D PIPE & EQUIPMENT INC,PA,OIL,PLUGGED,36.5229591,-98.455701,ALFALFA,26.00,24N,12W,,,CSE,SW,IM,1980.0,W,660.0,S
3500320010,https://public.occ.ok.gov/OGCDWellRecords/Search.aspx?searchcommand=%7B%5BOG%20Well%20Records%5D%3A%5BAPI%20Number%5D%3D%223500320010%2A%22%7D,AMRINE,#1,OTC/OCC NOT ASSIGNED,PA,DRY,PLUGGED,36.7190985,-98.3714536,ALFALFA,22.00,26N,11W,,,CSE,NW,IM,0.0, ,0.0, 
3500320011,https://public.occ.ok.gov/OGCDWellRecords/Search.aspx?searchcommand=%7B%5BOG%20Well%20Records%5D%3A%5BAPI%20Number%5D%3D%223500320011%2A%22%7D,BLACKLEDGE,#1-13,REMORA OPERATING LLC,AC,GAS,GAS,36.819748,-98.230626,ALFALFA,13.00,27N,10W,,S2,S2,NW,IM,1320.0,W,370.0,S
3500320012,https://public.occ.ok.gov/OGCDWellRecords/Search.aspx?searchcommand=%7B%5BOG%20Well%20Records%5D%3A%5BAPI%20Number%5D%3D%223500320012%2A%22%7D,NELSON UNIT,#1,MACK ENERGY CO.,PA,GAS,PLUGGED,36.4974519,-98.1143797,ALFALFA,1.00,23N,09W,,,CNE,SW,IM,0.0, ,0.0, 
3500320013,https://public.occ.ok.gov/OGCDWellRecords/Search.aspx?searchcommand=%7B%5BOG%20Well%20Records%5D%3A%5BAPI%20Number%5D%3D%223500320013%2A%22%7D,PECHA,#1-A,ALADDIN PETROLEUM CORPORATION,PA,TM,PLUGGED,36.4830345,-98.1727592,ALFALFA,9.00,23N,09W,,,NW,SW,IM,760.0,W,660.0,N
3500320014,https://public.occ.ok.gov/OGCDWellRecords/Search.aspx?searchcommand=%7B%5BOG%20Well%20Records%5D%3A%5BAPI%20Number%5D%3D%223500320014%2A%22%7D,EARL LESLIE,#1,UNIT PETROLEUM COMPANY,AC,GAS,GAS,36.616853,-98.516968,ALFALFA,29.00,25N,12W,,,CSE,NW,IM,1650.0,W,330.0,S
3500320016,https://public.occ.ok.gov/OGCDWellRecords/Search.aspx?searchcommand=%7B%5BOG%20Well%20Records%5D%3A%5BAPI%20Number%5D%3D%223500320016%2A%22%7D,MILACEK,#1,SUNSET INTERNATIONAL PETROLEUM CORPORATION,PA,NT,PLUGGED,36.4758074,-98.1817434,ALFALFA,17.00,23N,09W,,,CNW,NE,IM,660.0,W,660.0,N
3500320017,https://public.occ.ok.gov/OGCDWellRecords/Search.aspx?searchcommand=%7B%5BOG%20Well%20Records%5D%3A%5BAPI%20Number%5D%3D%223500320017%2A%22%7D,S. E. EUREKA UNIT,#50,PHOENIX PETROCORP INC,AC,OIL,OIL,36.897806,-98.242847,ALFALFA,23.00,28N,10W,,NW,NW,NE,IM,330.0,E,2310.0,N
3500320018,https://public.occ.ok.gov/OGCDWellRecords/Search.aspx?searchcommand=%7B%5BOG%20Well%20Records%5D%3A%5BAPI%20Number%5D%3D%223500320018%2A%22%7D,BLACKLEDGE,#1-14,HILL RESOURCES INC,OR,GAS,ORPHAN,36.820229,-98.237534,ALFALFA,14.00,27N,10W,,SE,SE,NE,IM,370.0,E,950.0,S
3500320019,https://public.occ.ok.gov/OGCDWellRecords/Search.aspx?searchcommand=%7B%5BOG%20Well%20Records%5D%3A%5BAPI%20Number%5D%3D%223500320019%2A%22%7D,NELSON,#1-32,EASTOK ENERGY PARTNERS LLC,NE,OIL,OTHER,36.68634,-98.51115,ALFALFA,32.00,26N,12W,,C,NW,SE,IM,0.0, ,0.0, 
3500320021,https://public.occ.ok.gov/OGCDWellRecords/Search.aspx?searchcommand=%7B%5BOG%20Well%20Records%5D%3A%5BAPI%20Number%5D%3D%223500320021%2A%22%7D,GILBERT (YOUNG),#1,DUDLEY & HEATH DRLG CO,PA,DRY,PLUGGED,36.9769019,-98.479466,ALFALFA,22.00,29N,12W,,,NW,SE,IM,660.0,W,810.0,N
3500320023,https://public.occ.ok.gov/OGCDWellRecords/Search.aspx?searchcommand=%7B%5BOG%20Well%20Records%5D%3A%5BAPI%20Number%5D%3D%223500320023%2A%22%7D,GREEN,#1,OTC/OCC NOT ASSIGNED,PA,GAS,PLUGGED,36.708222,-98.3759535,ALFALFA,27.00,26N,11W,,C,NW,NW,IM,660.0,W,1980.0,S
3500320024,https://public.occ.ok.gov/OGCDWellRecords/Search.aspx?searchcommand=%7B%5BOG%20Well%20Records%5D%3A%5BAPI%20Number%5D%3D%223500320024%2A%22%7D,MAXWELL,#1,OTC/OCC NOT ASSIGNED,PA,OIL,PLUGGED,36.9183631,-98.5066525,ALFALFA,8.00,28N,12W,,,CNE,SE,IM,1980.0,W,1980.0,S
3500320026,https://public.occ.ok.gov/OGCDWellRecords/Search.aspx?searchcommand=%7B%5BOG%20Well%20Records%5D%3A%5BAPI%20Number%5D%3D%223500320026%2A%22%7D,HARVEY E BELTZ,#1,SANDRIDGE EXPLORATION & PRODUCTION LLC,PA,OIL,PLUGGED,36.792469,-98.44356,ALFALFA,25.00,27N,12W,S2,N2,SE,NW,IM,,,,
3500320027,https://public.occ.ok.gov/OGCDWellRecords/Search.aspx?searchcommand=%7B%5BOG%20Well%20Records%5D%3A%5BAPI%20Number%5D%3D%223500320027%2A%22%7D,LUCY KIEBLER,#1,OTC/OCC NOT ASSIGNED,PA,GAS,PLUGGED,36.7118527,-98.3399068,ALFALFA,24.00,26N,11W,,,CSW,SW,IM,660.0,W,660.0,S
3500320029,https://public.occ.ok.gov/OGCDWellRecords/Search.aspx?searchcommand=%7B%5BOG%20Well%20Records%5D%3A%5BAPI%20Number%5D%3D%223500320029%2A%22%7D,SIMON,#1,BROOKWOOD OIL COMPANY,PA,DRY,PLUGGED,36.7298699,-98.4931259,ALFALFA,16.00,26N,12W,,,CNW,SE,IM,660.0,W,1980.0,S
3500320030,https://public.occ.ok.gov/OGCDWellRecords/Search.aspx?searchcommand=%7B%5BOG%20Well%20Records%5D%3A%5BAPI%20Number%5D%3D%223500320030%2A%22%7D,SIMON,#2,OKLAHOMA NATURAL RESOURCES INC,PA,DRY,PLUGGED,36.7298701,-98.4891852,ALFALFA,16.00,26N,12W,E2,W2,NE,SE,IM,1860.0,W,1980.0,S
3500320031,https://public.occ.ok.gov/OGCDWellRecords/Search.aspx?searchcommand=%7B%5BOG%20Well%20Records%5D%3A%5BAPI%20Number%5D%3D%223500320031%2A%22%7D,LOTT,#1,MACK OIL COMPANY,PA,DRY,PLUGGED,36.5119543,-98.1098908,ALFALFA,36.00,24N,09W,,,CNW,SE,IM,660.0,W,1980.0,S
3500320032,https://public.occ.ok.gov/OGCDWellRecords/Search.aspx?searchcommand=%7B%5BOG%20Well%20Records%5D%3A%5BAPI%20Number%5D%3D%223500320032%2A%22%7D,LEHMAN,#1,OTC/OCC NOT ASSIGNED,PA,DRY,PLUGGED,36.7190825,-98.4030005,ALFALFA,20.00,26N,11W,,,CSW,NE,IM,660.0,W,660.0,S
3500320033,https://public.occ.ok.gov/OGCDWellRecords/Search.aspx?searchcommand=%7B%5BOG%20Well%20Records%5D%3A%5BAPI%20Number%5D%3D%223500320033%2A%22%7D,CHURCH,#1,OTC/OCC NOT ASSIGNED,PA,DRY,PLUGGED,36.6864092,-98.204725,ALFALFA,31.00,26N,09W,,,CNW,SE,IM,1980.0,E,1980.0,S
3500320034,https://public.occ.ok.gov/OGCDWellRecords/Search.aspx?searchcommand=%7B%5BOG%20Well%20Records%5D%3A%5BAPI%20Number%5D%3D%223500320034%2A%22%7D,ELLA REED,#1,OTC/OCC NOT ASSIGNED,PA,DRY,PLUGGED,36.9804773,-98.5201158,ALFALFA,20.00,29N,12W,,,CSE,NW,IM,1980.0,W,660.0,S
3500320035,https://public.occ.ok.gov/OGCDWellRecords/Search.aspx?searchcommand=%7B%5BOG%20Well%20Records%5D%3A%5BAPI%20Number%5D%3D%223500320035%2A%22%7D,T BENTLEY,#1,OTC/OCC NOT ASSIGNED,PA,DRY,PLUGGED,36.6128965,-98.5381593,ALFALFA,30.00,25N,12W,,S2,NW,SW,IM,660.0,W,1650.0,S
3500320036,https://public.occ.ok.gov/OGCDWellRecords/Search.aspx?searchcommand=%7B%5BOG%20Well%20Records%5D%3A%5BAPI%20Number%5D%3D%223500320036%2A%22%7D,LYDIA WEBER UNIT,#1,OTC/OCC NOT ASSIGNED,PA,DRY,PLUGGED,36.7915448,-98.4570813,ALFALFA,26.00,27N,12W,,,CSW,NE,IM,660.0,W,660.0,S
3500320037,https://public.occ.ok.gov/OGCDWellRecords/Search.aspx?searchcommand=%7B%5BOG%20Well%20Records%5D%3A%5BAPI%20Number%5D%3D%223500320037%2A%22%7D,RYEL,#1,BOB'S WELL PLUGGING INC,PA,OIL,PLUGGED,36.5338893,-98.3883367,ALFALFA,28.00,24N,11W,,,CNW,NW,IM,660.0,W,1980.0,S
3500320038,https://public.occ.ok.gov/OGCDWellRecords/Search.aspx?searchcommand=%7B%5BOG%20Well%20Records%5D%3A%5BAPI%20Number%5D%3D%223500320038%2A%22%7D,HUNGERFORD,#1,OTC/OCC NOT ASSIGNED,PA,OIL,PLUGGED,36.4794532,-98.1952193,ALFALFA,7.00,23N,09W,,,SE,SE,IM,1980.0,W,660.0,S
3500320039,https://public.occ.ok.gov/OGCDWellRecords/Search.aspx?searchcommand=%7B%5BOG%20Well%20Records%5D%3A%5BAPI%20Number%5D%3D%223500320039%2A%22%7D,WALLENSTEIN,#1,COMPASS RESOURCES,PA,SWD,PLUGGED,36.5338902,-98.379353,ALFALFA,28.00,24N,11W,,,NW,NE,IM,660.0,W,1960.0,S
3500320041,https://public.occ.ok.gov/OGCDWellRecords/Search.aspx?searchcommand=%7B%5BOG%20Well%20Records%5D%3A%5BAPI%20Number%5D%3D%223500320041%2A%22%7D,CHRKEE MTHDST CHRCH,#1,OTC/OCC NOT ASSIGNED,PA,DRY,PLUGGED,36.7190921,-98.3827242,ALFALFA,21.00,26N,11W,,,CS2,NE,IM,1320.0,E,660.0,S
3500320042,https://public.occ.ok.gov/OGCDWellRecords/Search.aspx?searchcommand=%7B%5BOG%20Well%20Records%5D%3A%5BAPI%20Number%5D%3D%223500320042%2A%22%7D,THOMPSON,#1,COTTON PETROLEUM CORPORATION,PA,OIL,PLUGGED,36.526645,-98.3703726,ALFALFA,27.00,24N,11W,,,CNW,SW,IM,660.0,W,1980.0,S
3500320043,https://public.occ.ok.gov/OGCDWellRecords/Search.aspx?searchcommand=%7B%5BOG%20Well%20Records%5D%3A%5BAPI%20Number%5D%3D%223500320043%2A%22%7D,SHARE,#1-29,ANADARKO LAND & EXPLORATION CO,PA,GAS,PLUGGED,36.7031063,-98.5179011,ALFALFA,29.00,26N,12W,S2,S2,S2,NW,IM,1320.0,W,100.0,S
3500320044,https://public.occ.ok.gov/OGCDWellRecords/Search.aspx?searchcommand=%7B%5BOG%20Well%20Records%5D%3A%5BAPI%20Number%5D%3D%223500320044%2A%22%7D,GINDER,#1,OKLAHOMA NATURAL RESOURCES INC,PA,GAS,PLUGGED,36.812889,-98.2559928,ALFALFA,15.00,27N,10W,NW,SW,SE,SE,IM,1570.0,W,370.0,S
3500320045,https://public.occ.ok.gov/OGCDWellRecords/Search.aspx?searchcommand=%7B%5BOG%20Well%20Records%5D%3A%5BAPI%20Number%5D%3D%223500320045%2A%22%7D,WEBER,#1,BLAIK OIL COMPANY,PA,DRY,PLUGGED,36.5375158,-98.3748615,ALFALFA,21.00,24N,11W,,,SE,SE,IM,1980.0,W,660.0,S
3500320046,https://public.occ.ok.gov/OGCDWellRecords/Search.aspx?searchcommand=%7B%5BOG%20Well%20Records%5D%3A%5BAPI%20Number%5D%3D%223500320046%2A%22%7D,HUGHES,#1,ASCOT OILS INC,PA,OIL,PLUGGED,36.523392,-98.4742265,ALFALFA,27.00,24N,12W,SE,NW,SE,SW,IM,750.0,E,750.0,S
3500320047,https://public.occ.ok.gov/OGCDWellRecords/Search.aspx?searchcommand=%7B%5BOG%20Well%20Records%5D%3A%5BAPI%20Number%5D%3D%223500320047%2A%22%7D,JOHN WEBER,#1,BLAIK OIL COMPANY,PA,OIL,PLUGGED,36.5447664,-98.3838469,ALFALFA,21.00,24N,11W,,,SE,NW,IM,1980.0,W,660.0,S
3500320048,https://public.occ.ok.gov/OGCDWellRecords/Search.aspx?searchcommand=%7B%5BOG%20Well%20Records%5D%3A%5BAPI%20Number%5D%3D%223500320048%2A%22%7D,R L BUTLER,#1,OTC/OCC NOT ASSIGNED,PA,OIL,PLUGGED,36.9696018,-98.5155964,ALFALFA,29.00,29N,12W,,,NW,NE,IM,560.0,W,1980.0,S
3500320049,https://public.occ.ok.gov/OGCDWellRecords/Search.aspx?searchcommand=%7B%5BOG%20Well%20Records%5D%3A%5BAPI%20Number%5D%3D%223500320049%2A%22%7D,GINDER,#1,HILL RESOURCES INC,OR,GAS,ORPHAN,36.814917,-98.275188,ALFALFA,16.00,27N,10W,,,,SE,IM,1470.0,W,1320.0,S
3500320051,https://public.occ.ok.gov/OGCDWellRecords/Search.aspx?searchcommand=%7B%5BOG%20Well%20Records%5D%3A%5BAPI%20Number%5D%3D%223500320051%2A%22%7D,FRANK WEBER,#1,BLAIK OIL COMPANY,PA,OIL,PLUGGED,36.5447727,-98.3703755,ALFALFA,22.00,24N,11W,,,SW,NW,IM,660.0,W,660.0,N
3500320052,https://public.occ.ok.gov/OGCDWellRecords/Search.aspx?searchcommand=%7B%5BOG%20Well%20Records%5D%3A%5BAPI%20Number%5D%3D%223500320052%2A%22%7D,GINDER,#2,OKLAHOMA NATURAL RESOURCES INC,PA,DRY,PLUGGED,36.8201391,-98.2650104,ALFALFA,15.00,27N,10W,NW,SW,SE,NW,IM,1420.0,W,420.0,S
3500320053,https://public.occ.ok.gov/OGCDWellRecords/Search.aspx?searchcommand=%7B%5BOG%20Well%20Records%5D%3A%5BAPI%20Number%5D%3D%223500320053%2A%22%7D,BAKER,#1-12,OTC/OCC NOT ASSIGNED,PA,DRY,PLUGGED,36.8318937,-98.2334728,ALFALFA,12.00,27N,10W,SW,NW,NW,SW,IM,330.0,W,2110.0,S
3500320054,https://public.occ.ok.gov/OGCDWellRecords/Search.aspx?searchcommand=%7B%5BOG%20Well%20Records%5D%3A%5BAPI%20Number%5D%3D%223500320054%2A%22%7D,PERRY,#1,TULSA ENERGY PARTNERS LLC,AC,OIL,OIL,36.56653,-98.35242,ALFALFA,11.00,24N,11W,,,SW,SW,IM,660.0,W,660.0,S
3500320055,https://public.occ.ok.gov/OGCDWellRecords/Search.aspx?searchcommand=%7B%5BOG%20Well%20Records%5D%3A%5BAPI%20Number%5D%3D%223500320055%2A%22%7D,DUPUS,#1,COMPASS RESOURCES,PA,OIL,PLUGGED,36.533896,-98.3703726,ALFALFA,27.00,24N,11W,,,CNW,NW,IM,660.0,W,1980.0,S
3500320056,https://public.occ.ok.gov/OGCDWellRecords/Search.aspx?searchcommand=%7B%5BOG%20Well%20Records%5D%3A%5BAPI%20Number%5D%3D%223500320056%2A%22%7D,MINNICK GAS UNIT,#1,INTERNATIONAL BUSINESS CLUB INC,PA,OIL,PLUGGED,36.5392913,-98.2244167,ALFALFA,24.00,24N,10W,,,,SW,IM,1320.0,W,1320.0,S
3500320057,https://public.occ.ok.gov/OGCDWellRecords/Search.aspx?searchcommand=%7B%5BOG%20Well%20Records%5D%3A%5BAPI%20Number%5D%3D%223500320057%2A%22%7D,SKAGGS,#1,RAMSEY ENGINEERING INC,PA,DRY,PLUGGED,36.6609021,-98.1145982,ALFALFA,12.00,25N,09W,,,SW,NE,IM,760.0,W,660.0,S
3500320058,https://public.occ.ok.gov/OGCDWellRecords/Search.aspx?searchcommand=%7B%5BOG%20Well%20Records%5D%3A%5BAPI%20Number%5D%3D%223500320058%2A%22%7D,WALLENSTEIN,#1,RIVIERA OPERATING LLC,PA,OIL,PLUGGED,36.533444,-98.36139,ALFALFA,27.00,24N,11W,N2,S2,NW,NE,IM,660.0,W,1830.0,S
3500320059,https://public.occ.ok.gov/OGCDWellRecords/Search.aspx?searchcommand=%7B%5BOG%20Well%20Records%5D%3A%5BAPI%20Number%5D%3D%223500320059%2A%22%7D,VERA WELCH,#1,ANADARKO E & P ONSHORE LLC,PA,OIL,PLUGGED,36.5483924,-98.3748615,ALFALFA,21.00,24N,11W,,,NE,NE,IM,1980.0,W,1980.0,S
3500320060,https://public.occ.ok.gov/OGCDWellRecords/Search.aspx?searchcommand=%7B%5BOG%20Well%20Records%5D%3A%5BAPI%20Number%5D%3D%223500320060%2A%22%7D,SOLF,#1,JERRY SANNER OIL PROPERTIES INC,AC,GAS,GAS,36.530143,-98.419155,ALFALFA,30.00,24N,11W,,,,NW,IM,0.0, ,0.0, 
3500320061,https://public.occ.ok.gov/OGCDWellRecords/Search.aspx?searchcommand=%7B%5BOG%20Well%20Records%5D%3A%5BAPI%20Number%5D%3D%223500320061%2A%22%7D,DUPUS,#1,BLAIK OIL COMPANY,PA,NT,PLUGGED,36.5266491,-98.3524086,ALFALFA,26.00,24N,11W,,,NW,SW,IM,660.0,W,1980.0,S
3500320063,https://public.occ.ok.gov/OGCDWellRecords/Search.aspx?searchcommand=%7B%5BOG%20Well%20Records%5D%3A%5BAPI%20Number%5D%3D%223500320063%2A%22%7D,SHAFFER,#1,BLAIK OIL COMPANY,PA,OIL,PLUGGED,36.5665267,-98.3613927,ALFALFA,10.00,24N,11W,,,SW,SE,IM,660.0,W,660.0,S
3500320064,https://public.occ.ok.gov/OGCDWellRecords/Search.aspx?searchcommand=%7B%5BOG%20Well%20Records%5D%3A%5BAPI%20Number%5D%3D%223500320064%2A%22%7D,HERRINGTON,#1,PETROLEUM RESOURCES CO,PA,NT,PLUGGED,36.7141071,-98.3855385,ALFALFA,21.00,26N,11W,SE,SW,NW,SE,IM,350.0,W,1620.0,S
3500320066,https://public.occ.ok.gov/OGCDWellRecords/Search.aspx?searchcommand=%7B%5BOG%20Well%20Records%5D%3A%5BAPI%20Number%5D%3D%223500320066%2A%22%7D,LEOLA M POWELL UN,#1,TENNECO OIL COMPANY,PA,DRY,PLUGGED,36.7063482,-98.4638266,ALFALFA,26.00,26N,12W,,,,NW,IM,1420.0,W,1320.0,S
3500320067,https://public.occ.ok.gov/OGCDWellRecords/Search.aspx?searchcommand=%7B%5BOG%20Well%20Records%5D%3A%5BAPI%20Number%5D%3D%223500320067%2A%22%7D,MARY E GOODNO,#1,CONTINENTAL RESOURCES INC,PA,OIL,PLUGGED,36.5120622,-98.4736629,ALFALFA,34.00,24N,12W,,,NE,SW,IM,1980.0,W,1980.0,S
3500320068,https://public.occ.ok.gov/OGCDWellRecords/Search.aspx?searchcommand=%7B%5BOG%20Well%20Records%5D%3A%5BAPI%20Number%5D%3D%223500320068%2A%22%7D,MCEACHERN,#1,SPESS OIL COMPANY INC,AC,GAS,GAS,36.689877,-98.188573,ALFALFA,32.00,26N,09W,,,CSW,NE,IM,0.0, ,0.0, 
3500320069,https://public.occ.ok.gov/OGCDWellRecords/Search.aspx?searchcommand=%7B%5BOG%20Well%20Records%5D%3A%5BAPI%20Number%5D%3D%223500320069%2A%22%7D,PETERS,#1-28,OTC/OCC NOT ASSIGNED,PA,DRY,PLUGGED,36.704492,-98.4976253,ALFALFA,28.00,26N,12W,,,CSE,NW,IM,1980.0,W,1980.0,N
3500320070,https://public.occ.ok.gov/OGCDWellRecords/Search.aspx?searchcommand=%7B%5BOG%20Well%20Records%5D%3A%5BAPI%20Number%5D%3D%223500320070%2A%22%7D,LYDIA M DAVIS,#1,JERRY SANNER OIL PROPERTIES INC,AC,OIL,OIL,36.53017,-98.401389,ALFALFA,29.00,24N,11W,S2,N2,SE,SE,IM,1980.0,W,810.0,S
3500320071,https://public.occ.ok.gov/OGCDWellRecords/Search.aspx?searchcommand=%7B%5BOG%20Well%20Records%5D%3A%5BAPI%20Number%5D%3D%223500320071%2A%22%7D,WILLIAMS,#1,COTTON PETROLEUM CORPORATION,PA,OIL,PLUGGED,36.5411471,-98.3703755,ALFALFA,22.00,24N,11W,,,CNW,SW,IM,660.0,W,1980.0,S
3500320072,https://public.occ.ok.gov/OGCDWellRecords/Search.aspx?searchcommand=%7B%5BOG%20Well%20Records%5D%3A%5BAPI%20Number%5D%3D%223500320072%2A%22%7D,CROXTON,#1,OSBORN HEIRS COMPANY,PA,DRY,PLUGGED,36.6918266,-98.4773478,ALFALFA,34.00,26N,12W,,,,N2,IM,2640.0,W,1320.0,N
3500320073,https://public.occ.ok.gov/OGCDWellRecords/Search.aspx?searchcommand=%7B%5BOG%20Well%20Records%5D%3A%5BAPI%20Number%5D%3D%223500320073%2A%22%7D,JENSEN,#1,OTC/OCC NOT ASSIGNED,PA,DRY,PLUGGED,36.9804168,-98.1226673,ALFALFA,24.00,29N,09W,,,CSE,NW,IM,660.0,E,660.0,S
3500320074,https://public.occ.ok.gov/OGCDWellRecords/Search.aspx?searchcommand=%7B%5BOG%20Well%20Records%5D%3A%5BAPI%20Number%5D%3D%223500320074%2A%22%7D,FRECH EDWARD C,#1,ANADARKO E & P ONSHORE LLC,PA,GAS,PLUGGED,36.5592689,-98.3793555,ALFALFA,16.00,24N,11W,,,SW,NE,IM,660.0,W,660.0,S
3500320075,https://public.occ.ok.gov/OGCDWellRecords/Search.aspx?searchcommand=%7B%5BOG%20Well%20Records%5D%3A%5BAPI%20Number%5D%3D%223500320075%2A%22%7D,LIEBRAND,#1,BLAIK OIL COMPANY,PA,OIL,PLUGGED,36.5701518,-98.2940308,ALFALFA,8.00,24N,10W,,,NE,SW,IM,1980.0,W,1980.0,S
3500320076,https://public.occ.ok.gov/OGCDWellRecords/Search.aspx?searchcommand=%7B%5BOG%20Well%20Records%5D%3A%5BAPI%20Number%5D%3D%223500320076%2A%22%7D,STATE,#1,BLAIK OIL COMPANY,PA,OIL,PLUGGED,36.519388,-98.3793517,ALFALFA,33.00,24N,11W,,,NW,NE,IM,660.0,W,1980.0,S
3500320077,https://public.occ.ok.gov/OGCDWellRecords/Search.aspx?searchcommand=%7B%5BOG%20Well%20Records%5D%3A%5BAPI%20Number%5D%3D%223500320077%2A%22%7D,FORD,#1,OTC/OCC NOT ASSIGNED,PA,DRY,PLUGGED,36.5338536,-98.2176765,ALFALFA,25.00,24N,10W,,,CNW,NE,IM,660.0,W,1980.0,S
3500320078,https://public.occ.ok.gov/OGCDWellRecords/Search.aspx?searchcommand=%7B%5BOG%20Well%20Records%5D%3A%5BAPI%20Number%5D%3D%223500320078%2A%22%7D,BLEW-DAVIS,#1,OSBORN HEIRS COMPANY,PA,DRY,PLUGGED,36.7209165,-98.3376554,ALFALFA,24.00,26N,11W,,,,NW,IM,810.0,W,1320.0,S
3500320079,https://public.occ.ok.gov/OGCDWellRecords/Search.aspx?searchcommand=%7B%5BOG%20Well%20Records%5D%3A%5BAPI%20Number%5D%3D%223500320079%2A%22%7D,WALLENSTEIN,#2,COMPASS RESOURCES,PA,OIL,PLUGGED,36.5302648,-98.3748611,ALFALFA,28.00,24N,11W,,,CSE,NE,IM,1980.0,W,660.0,S
3500320081,https://public.occ.ok.gov/OGCDWellRecords/Search.aspx?searchcommand=%7B%5BOG%20Well%20Records%5D%3A%5BAPI%20Number%5D%3D%223500320081%2A%22%7D,SCHALLNER,#1,BLAIK OIL COMPANY,PA,OIL,PLUGGED,36.5447737,-98.3568974,ALFALFA,22.00,24N,11W,,,CSE,NE,IM,1980.0,W,660.0,S
3500320082,https://public.occ.ok.gov/OGCDWellRecords/Search.aspx?searchcommand=%7B%5BOG%20Well%20Records%5D%3A%5BAPI%20Number%5D%3D%223500320082%2A%22%7D,FRANK SCHALLNER,#1,CONTINENTAL RESOURCES INC,PA,OIL,PLUGGED,36.541148,-98.3613901,ALFALFA,22.00,24N,11W,,,CNW,SE,IM,660.0,W,1980.0,S
3500320083,https://public.occ.ok.gov/OGCDWellRecords/Search.aspx?searchcommand=%7B%5BOG%20Well%20Records%5D%3A%5BAPI%20Number%5D%3D%223500320083%2A%22%7D,BRUNE,#1-30,BUTTRAM OPERATING COMPANY LLC,PA,GAS,PLUGGED,36.700943,-98.42046,ALFALFA,30.00,26N,11W,,,NW,SE,IM,910.0,W,1980.0,S
3500320084,https://public.occ.ok.gov/OGCDWellRecords/Search.aspx?searchcommand=%7B%5BOG%20Well%20Records%5D%3A%5BAPI%20Number%5D%3D%223500320084%2A%22%7D,MEANS,#1,SCOGGINS PRODUCTION LLC,AC,GAS,GAS,36.504892,-98.37037,ALFALFA,3.00,23N,11W,,,CNW,NW,IM,660.0,W,1980.0,S
3500320085,https://public.occ.ok.gov/OGCDWellRecords/Search.aspx?searchcommand=%7B%5BOG%20Well%20Records%5D%3A%5BAPI%20Number%5D%3D%223500320085%2A%22%7D,OBA NANCE,#1,SOUTHERN UNION GAS COMPANY,PA,DRY,PLUGGED,36.5373633,-98.532052,ALFALFA,19.00,24N,12W,,,SW,SW,IM,577.0,W,660.0,S
3500320086,https://public.occ.ok.gov/OGCDWellRecords/Search.aspx?searchcommand=%7B%5BOG%20Well%20Records%5D%3A%5BAPI%20Number%5D%3D%223500320086%2A%22%7D,O BANNON,#1,RAMSEY PROPERTY MGMT INC,PA,OIL,PLUGGED,36.4867579,-98.3838385,ALFALFA,9.00,23N,11W,,,SE,NW,IM,1980.0,W,660.0,S
3500320087,https://public.occ.ok.gov/OGCDWellRecords/Search.aspx?searchcommand=%7B%5BOG%20Well%20Records%5D%3A%5BAPI%20Number%5D%3D%223500320087%2A%22%7D,WEBSTER,#1,OTC/OCC NOT ASSIGNED,PA,DRY,PLUGGED,36.7484932,-98.462145,ALFALFA,11.00,26N,12W,SE,NW,SE,NW,IM,1940.0,W,700.0,S
3500320088,https://public.occ.ok.gov/OGCDWellRecords/Search.aspx?searchcommand=%7B%5BOG%20Well%20Records%5D%3A%5BAPI%20Number%5D%3D%223500320088%2A%22%7D,OPAL SLOAN,#32-1,OTC/OCC NOT ASSIGNED,PA,DRY,PLUGGED,36.5192649,-98.5051,ALFALFA,32.00,24N,12W,,,CNW,NE,IM,0.0, ,0.0, 
3500320089,https://public.occ.ok.gov/OGCDWellRecords/Search.aspx?searchcommand=%7B%5BOG%20Well%20Records%5D%3A%5BAPI%20Number%5D%3D%223500320089%2A%22%7D,TUCKER,#1,OKLAHOMA NATURAL RESOURCES INC,PA,DRY,PLUGGED,36.6573367,-98.1506479,ALFALFA,10.00,25N,09W,,,CNW,SE,IM,660.0,W,1980.0,S
3500320090,https://public.occ.ok.gov/OGCDWellRecords/Search.aspx?searchcommand=%7B%5BOG%20Well%20Records%5D%3A%5BAPI%20Number%5D%3D%223500320090%2A%22%7D,ASKEW,#1,BLAIK OIL COMPANY,PA,DRY,PLUGGED,36.5375256,-98.3524115,ALFALFA,23.00,24N,11W,,,CSW,SW,IM,660.0,W,660.0,S
3500320091,https://public.occ.ok.gov/OGCDWellRecords/Search.aspx?searchcommand=%7B%5BOG%20Well%20Records%5D%3A%5BAPI%20Number%5D%3D%223500320091%2A%22%7D,RULEY,#1,OTC/OCC NOT ASSIGNED,PA,DRY,PLUGGED,36.5556497,-98.2940287,ALFALFA,17.00,24N,10W,,,CNE,SW,IM,1980.0,W,1980.0,S
3500320092,https://public.occ.ok.gov/OGCDWellRecords/Search.aspx?searchcommand=%7B%5BOG%20Well%20Records%5D%3A%5BAPI%20Number%5D%3D%223500320092%2A%22%7D,BLACKLEDGE,#1-11,OTC/OCC NOT ASSIGNED,PA,DRY,PLUGGED,36.8378011,-98.2362777,ALFALFA,11.00,27N,10W,,S2,NE,NE,IM,0.0, ,0.0, 
3500320093,https://public.occ.ok.gov/OGCDWellRecords/Search.aspx?searchcommand=%7B%5BOG%20Well%20Records%5D%3A%5BAPI%20Number%5D%3D%223500320093%2A%22%7D,KATHERINE M FRECH,#1-A,ANADARKO E & P ONSHORE LLC,PA,OIL,PLUGGED,36.5375153,-98.3838469,ALFALFA,21.00,24N,11W,,,SE,SW,IM,1830.0,W,660.0,S
3500320094,https://public.occ.ok.gov/OGCDWellRecords/Search.aspx?searchcommand=%7B%5BOG%20Well%20Records%5D%3A%5BAPI%20Number%5D%3D%223500320094%2A%22%7D,SEVERIN,#1,HEADINGTON ENERGY CORPORATION,PA,OIL,PLUGGED,36.511532,-98.12729,ALFALFA,35.00,24N,09W,NW,SE,NW,SE,IM,1874.0,E,1874.0,S
3500320095,https://public.occ.ok.gov/OGCDWellRecords/Search.aspx?searchcommand=%7B%5BOG%20Well%20Records%5D%3A%5BAPI%20Number%5D%3D%223500320095%2A%22%7D,REDMAN,#7-1,OTC/OCC NOT ASSIGNED,PA,OIL,PLUGGED,36.5519963,-98.2311496,ALFALFA,14.00,24N,10W,,,CSE,SE,IM,0.0, ,0.0, 
3500320096,https://public.occ.ok.gov/OGCDWellRecords/Search.aspx?searchcommand=%7B%5BOG%20Well%20Records%5D%3A%5BAPI%20Number%5D%3D%223500320096%2A%22%7D,STANLEY,#1,OTC/OCC NOT ASSIGNED,PA,OIL,PLUGGED,36.6972407,-98.1776804,ALFALFA,28.00,26N,09W,,,CSW,SW,IM,660.0,W,660.0,S
3500320097,https://public.occ.ok.gov/OGCDWellRecords/Search.aspx?searchcommand=%7B%5BOG%20Well%20Records%5D%3A%5BAPI%20Number%5D%3D%223500320097%2A%22%7D,WETHINGTON,#12-1,OTC/OCC NOT ASSIGNED,PA,DRY,PLUGGED,36.5701089,-98.2176803,ALFALFA,12.00,24N,10W,,,NW,SE,IM,660.0,W,1980.0,S
3500320098,https://public.occ.ok.gov/OGCDWellRecords/Search.aspx?searchcommand=%7B%5BOG%20Well%20Records%5D%3A%5BAPI%20Number%5D%3D%223500320098%2A%22%7D,RAY HARTMAN,#1,OTC/OCC NOT ASSIGNED,PA,GAS,PLUGGED,36.60308,-98.2813128,ALFALFA,33.00,25N,10W,,,CSE,NW,IM,1980.0,W,660.0,S
3500320099,https://public.occ.ok.gov/OGCDWellRecords/Search.aspx?searchcommand=%7B%5BOG%20Well%20Records%5D%3A%5BAPI%20Number%5D%3D%223500320099%2A%22%7D,JOHNSON UNIT,#1,SUPERIOR PRODUCTION LLC,AC,OIL,OIL,36.494085,-98.213557,ALFALFA,1.00,23N,10W,,C,SE,SE,IM,1980.0,W,660.0,S
3500320100,https://public.occ.ok.gov/OGCDWellRecords/Search.aspx?searchcommand=%7B%5BOG%20Well%20Records%5D%3A%5BAPI%20Number%5D%3D%223500320100%2A%22%7D,BARDEN,#1,OTC/OCC NOT ASSIGNED,PA,OIL,PLUGGED,36.6465475,-98.4435424,ALFALFA,13.00,25N,12W,,,CSE,NW,IM,1980.0,W,660.0,S
3500320101,https://public.occ.ok.gov/OGCDWellRecords/Search.aspx?searchcommand=%7B%5BOG%20Well%20Records%5D%3A%5BAPI%20Number%5D%3D%223500320101%2A%22%7D,WEB GLIDEWELL,#1,BOGO ENERGY CORPORATION,PA,OIL,PLUGGED,36.493446,-98.257571,ALFALFA,3.00,23N,10W,,,SE,SW,IM,1980.0,W ,660.0,S 
3500320102,https://public.occ.ok.gov/OGCDWellRecords/Search.aspx?searchcommand=%7B%5BOG%20Well%20Records%5D%3A%5BAPI%20Number%5D%3D%223500320102%2A%22%7D,E J EVANS,#1,OTC/OCC NOT ASSIGNED,PA,DRY,PLUGGED,36.7281657,-98.3556828,ALFALFA,14.00,26N,11W,,,,SW,IM,1320.0,W,1320.0,S
3500320103,https://public.occ.ok.gov/OGCDWellRecords/Search.aspx?searchcommand=%7B%5BOG%20Well%20Records%5D%3A%5BAPI%20Number%5D%3D%223500320103%2A%22%7D,PROUOST,#1,OTC/OCC NOT ASSIGNED,PA,OIL,PLUGGED,36.704438,-98.526922,ALFALFA,30.00,26N,12W,,,S2,NE,IM,1350.0,E,1980.0,N
3500320104,https://public.occ.ok.gov/OGCDWellRecords/Search.aspx?searchcommand=%7B%5BOG%20Well%20Records%5D%3A%5BAPI%20Number%5D%3D%223500320104%2A%22%7D,MARTIN,#2,BLUEBONNET OIL CORPORATION,PA,OIL,PLUGGED,36.5266391,-98.379353,ALFALFA,28.00,24N,11W,,,NW,SE,IM,660.0,W,1980.0,S
3500320105,https://public.occ.ok.gov/OGCDWellRecords/Search.aspx?searchcommand=%7B%5BOG%20Well%20Records%5D%3A%5BAPI%20Number%5D%3D%223500320105%2A%22%7D,SHEPARD,#1,OKLAHOMA OIL & GAS MGMT INC,PA,OIL,PLUGGED,36.533901,-98.3434249,ALFALFA,26.00,24N,11W,,,CNW,NE,IM,660.0,W,1980.0,S
3500320106,https://public.occ.ok.gov/OGCDWellRecords/Search.aspx?searchcommand=%7B%5BOG%20Well%20Records%5D%3A%5BAPI%20Number%5D%3D%223500320106%2A%22%7D,THOMPSON,#1,WOOD FAY C ESTATE,PA,OIL,PLUGGED,36.5193939,-98.3703697,ALFALFA,34.00,24N,11W,,,CNW,NW,IM,660.0,W,1980.0,S
3500320107,https://public.occ.ok.gov/OGCDWellRecords/Search.aspx?searchcommand=%7B%5BOG%20Well%20Records%5D%3A%5BAPI%20Number%5D%3D%223500320107%2A%22%7D,MCNABB,#1,BLAIK OIL COMPANY,PA,OIL,PLUGGED,36.5193988,-98.3434236,ALFALFA,35.00,24N,11W,,,CNW,NE,IM,660.0,W,1980.0,S
3500320108,https://public.occ.ok.gov/OGCDWellRecords/Search.aspx?searchcommand=%7B%5BOG%20Well%20Records%5D%3A%5BAPI%20Number%5D%3D%223500320108%2A%22%7D,NE CHEROKEE UNIT,#73,CONOCO INC,PA,SWD,PLUGGED,36.8015791,-98.3230268,ALFALFA,19.00,27N,10W,,SW,NW,SW,IM,2370.0,W,1850.0,S
3500320109,https://public.occ.ok.gov/OGCDWellRecords/Search.aspx?searchcommand=%7B%5BOG%20Well%20Records%5D%3A%5BAPI%20Number%5D%3D%223500320109%2A%22%7D,PAUL,#1,BLAIK OIL COMPANY,PA,OIL,PLUGGED,36.5266499,-98.3434249,ALFALFA,26.00,24N,11W,,,CNW,SE,IM,660.0,W,1980.0,S
3500320110,https://public.occ.ok.gov/OGCDWellRecords/Search.aspx?searchcommand=%7B%5BOG%20Well%20Records%5D%3A%5BAPI%20Number%5D%3D%223500320110%2A%22%7D,FORD,#1,CARL HUMPHRIES INC,PA,OIL,PLUGGED,36.5384328,-98.3445493,ALFALFA,23.00,24N,11W,,NW,SW,SE,IM,510.0,W,810.0,S
3500320111,https://public.occ.ok.gov/OGCDWellRecords/Search.aspx?searchcommand=%7B%5BOG%20Well%20Records%5D%3A%5BAPI%20Number%5D%3D%223500320111%2A%22%7D,DELLA WELKER,#1,JONES & PELLOW OIL CO,PA,GAS,PLUGGED,36.6999607,-98.4897469,ALFALFA,28.00,26N,12W,,SW,NE,SE,IM,1650.0,W,1650.0,S
3500320112,https://public.occ.ok.gov/OGCDWellRecords/Search.aspx?searchcommand=%7B%5BOG%20Well%20Records%5D%3A%5BAPI%20Number%5D%3D%223500320112%2A%22%7D,HESS,#1,WARE W E INC,PA,DRY,PLUGGED,36.9319288,-98.1382917,ALFALFA,2.00,28N,09W,,SW,NE,SW,IM,990.0,E,990.0,N
3500320114,https://public.occ.ok.gov/OGCDWellRecords/Search.aspx?searchcommand=%7B%5BOG%20Well%20Records%5D%3A%5BAPI%20Number%5D%3D%223500320114%2A%22%7D,COLEMAN,#1,RAMSEY PROPERTY MGMT INC,PA,OIL,PLUGGED,36.5266504,-98.3344445,ALFALFA,25.00,24N,11W,,,NW,SW,IM,660.0,W,1980.0,S
3500320115,https://public.occ.ok.gov/OGCDWellRecords/Search.aspx?searchcommand=%7B%5BOG%20Well%20Records%5D%3A%5BAPI%20Number%5D%3D%223500320115%2A%22%7D,LEEPER UNIT,#1,OTC/OCC NOT ASSIGNED,PA,DRY,PLUGGED,36.6428349,-98.5156417,ALFALFA,17.00,25N,12W,,,NE,SW,IM,1979.0,W,1979.0,S
3500320116,https://public.occ.ok.gov/OGCDWellRecords/Search.aspx?searchcommand=%7B%5BOG%20Well%20Records%5D%3A%5BAPI%20Number%5D%3D%223500320116%2A%22%7D,PRUETT-WILLIAMS,#1,EOG (OKLAHOMA) INC,PA,OIL,PLUGGED,36.5447767,-98.3524115,ALFALFA,23.00,24N,11W,,,SW,NW,IM,660.0,W,660.0,S
3500320117,https://public.occ.ok.gov/OGCDWellRecords/Search.aspx?searchcommand=%7B%5BOG%20Well%20Records%5D%3A%5BAPI%20Number%5D%3D%223500320117%2A%22%7D,RYEL,#2,BOB'S WELL PLUGGING INC,PA,OIL,PLUGGED,36.5302643,-98.3838448,ALFALFA,28.00,24N,11W,,,CSE,NW,IM,1980.0,W,660.0,S
3500320118,https://public.occ.ok.gov/OGCDWellRecords/Search.aspx?searchcommand=%7B%5BOG%20Well%20Records%5D%3A%5BAPI%20Number%5D%3D%223500320118%2A%22%7D,ROSS,#1,BLAIK OIL COMPANY,PA,OIL,PLUGGED,36.5339014,-98.3344445,ALFALFA,25.00,24N,11W,,,CNW,NW,IM,660.0,W,1980.0,S
3500320119,https://public.occ.ok.gov/OGCDWellRecords/Search.aspx?searchcommand=%7B%5BOG%20Well%20Records%5D%3A%5BAPI%20Number%5D%3D%223500320119%2A%22%7D,BULLER,#1,CLAY A MUEGGE,AC,OIL,OIL,36.494795,-98.209464,ALFALFA,6.00,23N,09W,,C,SW,SW,IM,660.0,W,660.0,S
3500320120,https://public.occ.ok.gov/OGCDWellRecords/Search.aspx?searchcommand=%7B%5BOG%20Well%20Records%5D%3A%5BAPI%20Number%5D%3D%223500320120%2A%22%7D,LAMERT UNIT,#1,OTC/OCC NOT ASSIGNED,PA,NT,PLUGGED,36.6718095,-98.1326243,ALFALFA,2.00,25N,09W,,,NW,SE,IM,660.0,W,1980.0,S
3500320121,https://public.occ.ok.gov/OGCDWellRecords/Search.aspx?searchcommand=%7B%5BOG%20Well%20Records%5D%3A%5BAPI%20Number%5D%3D%223500320121%2A%22%7D,JACOB,#1,BLAIK OIL COMPANY,PA,OIL,PLUGGED,36.537527,-98.3344474,ALFALFA,24.00,24N,11W,,,CSW,SW,IM,660.0,W,660.0,S
3500320122,https://public.occ.ok.gov/OGCDWellRecords/Search.aspx?searchcommand=%7B%5BOG%20Well%20Records%5D%3A%5BAPI%20Number%5D%3D%223500320122%2A%22%7D,GARNER,#1,OTC/OCC NOT ASSIGNED,PA,OIL,PLUGGED,36.5737809,-98.3524174,ALFALFA,11.00,24N,11W,,,CSW,NW,IM,0.0, ,0.0, 
3500320123,https://public.occ.ok.gov/OGCDWellRecords/Search.aspx?searchcommand=%7B%5BOG%20Well%20Records%5D%3A%5BAPI%20Number%5D%3D%223500320123%2A%22%7D,CLYDE,#1,BLAIK OIL COMPANY,PA,NT,PLUGGED,36.5266512,-98.3254608,ALFALFA,25.00,24N,11W,,,NW,SE,IM,660.0,W,1980.0,S
3500320124,https://public.occ.ok.gov/OGCDWellRecords/Search.aspx?searchcommand=%7B%5BOG%20Well%20Records%5D%3A%5BAPI%20Number%5D%3D%223500320124%2A%22%7D,BERNARD,#1,CANVAS ENERGY LLC,PA,GAS,PLUGGED,36.54099,-98.12786,ALFALFA,23.00,24N,09W,,,NW,SE,IM,660.0,W,1980.0,S
3500320125,https://public.occ.ok.gov/OGCDWellRecords/Search.aspx?searchcommand=%7B%5BOG%20Well%20Records%5D%3A%5BAPI%20Number%5D%3D%223500320125%2A%22%7D,PENQUITE,#1,BLAIK OIL COMPANY,PA,OIL,PLUGGED,36.5334491,-98.3254608,ALFALFA,25.00,24N,11W,N2,S2,NW,NE,IM,660.0,W,1900.0,S
3500320127,https://public.occ.ok.gov/OGCDWellRecords/Search.aspx?searchcommand=%7B%5BOG%20Well%20Records%5D%3A%5BAPI%20Number%5D%3D%223500320127%2A%22%7D,TRUITT,#1,SUPERIOR OIL & GAS LLC,AC,OIL,OIL,36.501019,-98.213719,ALFALFA,1.00,23N,10W,,,CSE,NE,IM,1980.0,W,660.0,S
3500320128,https://public.occ.ok.gov/OGCDWellRecords/Search.aspx?searchcommand=%7B%5BOG%20Well%20Records%5D%3A%5BAPI%20Number%5D%3D%223500320128%2A%22%7D,DUGAN UNIT,#1,OTC/OCC NOT ASSIGNED,PA,DRY,PLUGGED,36.6319589,-98.5156395,ALFALFA,20.00,25N,12W,,,CSE,NW,IM,1980.0,W,660.0,S
3500320129,https://public.occ.ok.gov/OGCDWellRecords/Search.aspx?searchcommand=%7B%5BOG%20Well%20Records%5D%3A%5BAPI%20Number%5D%3D%223500320129%2A%22%7D,ZRUST,#1,BLAIK OIL COMPANY,PA,OIL,PLUGGED,36.5266491,-98.3164804,ALFALFA,30.00,24N,10W,,,NW,SW,IM,0.0, ,0.0, 
3500320130,https://public.occ.ok.gov/OGCDWellRecords/Search.aspx?searchcommand=%7B%5BOG%20Well%20Records%5D%3A%5BAPI%20Number%5D%3D%223500320130%2A%22%7D,MEANS  (ROBERT V MEANS 1 ),#1-11,ROYALTY ENERGY DEVELOPMENT LLC,AC,OIL,OIL,36.566079,-98.343404,ALFALFA,11.00,24N,11W,,,CSW,SE,IM,660.0,W,660.0,S
3500320131,https://public.occ.ok.gov/OGCDWellRecords/Search.aspx?searchcommand=%7B%5BOG%20Well%20Records%5D%3A%5BAPI%20Number%5D%3D%223500320131%2A%22%7D,OKLAHOMA,#1,BLAIK OIL COMPANY,PA,OIL,PLUGGED,36.5194002,-98.3254595,ALFALFA,36.00,24N,11W,,,NW,NE,IM,660.0,W,1980.0,S
3500320132,https://public.occ.ok.gov/OGCDWellRecords/Search.aspx?searchcommand=%7B%5BOG%20Well%20Records%5D%3A%5BAPI%20Number%5D%3D%223500320132%2A%22%7D,MARTIN,#1,OTC/OCC NOT ASSIGNED,PA,OIL,PLUGGED,36.5193871,-98.3883338,ALFALFA,33.00,24N,11W,,,CNW,NW,IM,660.0,W,1980.0,S
3500320133,https://public.occ.ok.gov/OGCDWellRecords/Search.aspx?searchcommand=%7B%5BOG%20Well%20Records%5D%3A%5BAPI%20Number%5D%3D%223500320133%2A%22%7D,WHITMAN,#1,M & R ENTERPRISES LC,PA,OIL,PLUGGED,36.486683,-98.1907233,ALFALFA,8.00,23N,09W,,,SW,NW,IM,660.0,W,660.0,S
3500320134,https://public.occ.ok.gov/OGCDWellRecords/Search.aspx?searchcommand=%7B%5BOG%20Well%20Records%5D%3A%5BAPI%20Number%5D%3D%223500320134%2A%22%7D,BULLER (4-1),#3,RUSSELL D MELOY OIL & GAS CO,OR,GAS,ORPHAN,36.494905,-98.174558,ALFALFA,4.00,23N,09W,,,,SW,IM,1320.0,W,1320.0,S
3500320135,https://public.occ.ok.gov/OGCDWellRecords/Search.aspx?searchcommand=%7B%5BOG%20Well%20Records%5D%3A%5BAPI%20Number%5D%3D%223500320135%2A%22%7D,JEN LINK,#23-1,OTC/OCC NOT ASSIGNED,PA,DRY,PLUGGED,36.7163838,-98.3500517,ALFALFA,23.00,26N,11W,,NW,NW,SE,IM,330.0,W,2310.0,S
3500320136,https://public.occ.ok.gov/OGCDWellRecords/Search.aspx?searchcommand=%7B%5BOG%20Well%20Records%5D%3A%5BAPI%20Number%5D%3D%223500320136%2A%22%7D,ELIZABETH,#1-24,OTC/OCC NOT ASSIGNED,PA,OIL,PLUGGED,36.5366215,-98.325462,ALFALFA,24.00,24N,11W,,CS2,SW,SE,IM,660.0,W,330.0,S
3500320137,https://public.occ.ok.gov/OGCDWellRecords/Search.aspx?searchcommand=%7B%5BOG%20Well%20Records%5D%3A%5BAPI%20Number%5D%3D%223500320137%2A%22%7D,JANTZEN,#7-1,"RAW CRUDE OIL & GAS, L.L.C.",OR,OIL,ORPHAN,36.490455,-98.209615,ALFALFA,7.00,23N,09W,,C,NW,NW,IM,660.0,W,1980.0,S
3500320138,https://public.occ.ok.gov/OGCDWellRecords/Search.aspx?searchcommand=%7B%5BOG%20Well%20Records%5D%3A%5BAPI%20Number%5D%3D%223500320138%2A%22%7D,OKLAHOMA STATE,#1-36,KIVETT KENNETH W,PA,OIL,PLUGGED,36.5193993,-98.3344415,ALFALFA,36.00,24N,11W,,,CNW,NW,IM,660.0,W,1980.0,S
3500320139,https://public.occ.ok.gov/OGCDWellRecords/Search.aspx?searchcommand=%7B%5BOG%20Well%20Records%5D%3A%5BAPI%20Number%5D%3D%223500320139%2A%22%7D,CHAPMAN,#1,BLAIK OIL COMPANY,PA,OIL,PLUGGED,36.483058,-98.1862339,ALFALFA,8.00,23N,09W,,,CNE,SW,IM,1980.0,W,1980.0,S
3500320140,https://public.occ.ok.gov/OGCDWellRecords/Search.aspx?searchcommand=%7B%5BOG%20Well%20Records%5D%3A%5BAPI%20Number%5D%3D%223500320140%2A%22%7D,BERNARD UNIT,#1,OTC/OCC NOT ASSIGNED,PA,DRY,PLUGGED,36.6210543,-98.5336623,ALFALFA,30.00,25N,12W,,,CNE,NW,IM,1980.0,W,1980.0,S
3500320141,https://public.occ.ok.gov/OGCDWellRecords/Search.aspx?searchcommand=%7B%5BOG%20Well%20Records%5D%3A%5BAPI%20Number%5D%3D%223500320141%2A%22%7D,REDMAN,#1,MT ENERGY LLC,AC,OIL,OIL,36.508223,-98.209821,ALFALFA,31.00,24N,09W,,C,SW,SW,IM,660.0,W,660.0,S
3500320142,https://public.occ.ok.gov/OGCDWellRecords/Search.aspx?searchcommand=%7B%5BOG%20Well%20Records%5D%3A%5BAPI%20Number%5D%3D%223500320142%2A%22%7D,FAULKNER,#1,DIVERSIFIED PRODUCTION LLC,AC,OIL,OIL,36.479567,-98.182885,ALFALFA,8.00,23N,09W,,C,SW,SE,IM,660.0,W,660.0,S
3500320143,https://public.occ.ok.gov/OGCDWellRecords/Search.aspx?searchcommand=%7B%5BOG%20Well%20Records%5D%3A%5BAPI%20Number%5D%3D%223500320143%2A%22%7D,COULTER,#1,CARL E GUNGOLL EXPLORATION LLC,PA,OIL,PLUGGED,36.5520247,-98.3568979,ALFALFA,15.00,24N,11W,,,SE,SE,IM,660.0,E,660.0,S
3500320144,https://public.occ.ok.gov/OGCDWellRecords/Search.aspx?searchcommand=%7B%5BOG%20Well%20Records%5D%3A%5BAPI%20Number%5D%3D%223500320144%2A%22%7D,ARRON BELTZ,#1,ANADARKO E & P ONSHORE LLC,PA,DRY,PLUGGED,36.8151768,-98.3286557,ALFALFA,13.00,27N,11W,,,,SE,IM,1420.0,W,1320.0,S
3500320145,https://public.occ.ok.gov/OGCDWellRecords/Search.aspx?searchcommand=%7B%5BOG%20Well%20Records%5D%3A%5BAPI%20Number%5D%3D%223500320145%2A%22%7D,SINGREE,#1,CONTINENTAL RESOURCES INC,PA,TM,PLUGGED,36.504849,-98.43324,ALFALFA,1.00,23N,12W,SE,NW,NW,NE,IM,660.0,W,1980.0,S
3500320146,https://public.occ.ok.gov/OGCDWellRecords/Search.aspx?searchcommand=%7B%5BOG%20Well%20Records%5D%3A%5BAPI%20Number%5D%3D%223500320146%2A%22%7D,E E COOK,#2,SUPERIOR PRODUCTION LLC,AC,OIL,OIL,36.519378,-98.4063,ALFALFA,32.00,24N,11W,,C,NW,NW,IM,660.0,W,1980.0,S
3500320147,https://public.occ.ok.gov/OGCDWellRecords/Search.aspx?searchcommand=%7B%5BOG%20Well%20Records%5D%3A%5BAPI%20Number%5D%3D%223500320147%2A%22%7D,PROSPECT,#1,MT ENERGY LLC,AC,GAS,GAS,36.515348,-98.209853,ALFALFA,31.00,24N,09W,,C,SW,NW,IM,660.0,W,660.0,S
3500320148,https://public.occ.ok.gov/OGCDWellRecords/Search.aspx?searchcommand=%7B%5BOG%20Well%20Records%5D%3A%5BAPI%20Number%5D%3D%223500320148%2A%22%7D,STATE,#1,SOONER DRILLING INC,PA,OIL,PLUGGED,36.5089277,-98.4382962,ALFALFA,36.00,24N,12W,SE,NW,SE,SW,IM,1850.0,W,750.0,S
3500320149,https://public.occ.ok.gov/OGCDWellRecords/Search.aspx?searchcommand=%7B%5BOG%20Well%20Records%5D%3A%5BAPI%20Number%5D%3D%223500320149%2A%22%7D,DIEL,#1-16,OTC/OCC NOT ASSIGNED,PA,DRY,PLUGGED,36.8192423,-98.2835988,ALFALFA,16.00,27N,10W,S2,S2,S2,NW,IM,1320.0,W,50.0,S
3500320150,https://public.occ.ok.gov/OGCDWellRecords/Search.aspx?searchcommand=%7B%5BOG%20Well%20Records%5D%3A%5BAPI%20Number%5D%3D%223500320150%2A%22%7D,KERNS,#1,CONTINENTAL RESOURCES INC,PA,OIL,PLUGGED,36.504849,-98.44222,ALFALFA,1.00,23N,12W,,,CNW,NW,IM,660.0,W,1980.0,S
3500320151,https://public.occ.ok.gov/OGCDWellRecords/Search.aspx?searchcommand=%7B%5BOG%20Well%20Records%5D%3A%5BAPI%20Number%5D%3D%223500320151%2A%22%7D,ELLE,#1,HARBOR RESOURCES LLC,AC,OIL,OIL,36.486663,-98.455617,ALFALFA,11.00,23N,12W,,C,SE,NW,IM,1980.0,W,660.0,S
3500320152,https://public.occ.ok.gov/OGCDWellRecords/Search.aspx?searchcommand=%7B%5BOG%20Well%20Records%5D%3A%5BAPI%20Number%5D%3D%223500320152%2A%22%7D,CLARK,#1,LEAR PETROLEUM EXPLORATION INC,PA,DRY,PLUGGED,36.5409583,-98.114386,ALFALFA,24.00,24N,09W,,,CNE,SW,IM,1980.0,W,1980.0,S
3500320153,https://public.occ.ok.gov/OGCDWellRecords/Search.aspx?searchcommand=%7B%5BOG%20Well%20Records%5D%3A%5BAPI%20Number%5D%3D%223500320153%2A%22%7D,BAKER,#1-30,"RAW CRUDE OIL & GAS, L.L.C.",OR,GAS,ORPHAN,36.619598,-98.524861,ALFALFA,30.00,25N,12W,,,C,NE,IM,1980.0,W,1320.0,S
3500320154,https://public.occ.ok.gov/OGCDWellRecords/Search.aspx?searchcommand=%7B%5BOG%20Well%20Records%5D%3A%5BAPI%20Number%5D%3D%223500320154%2A%22%7D,SINGREE A,#1,CONTINENTAL RESOURCES INC,PA,TM,PLUGGED,36.4975983,-98.4332426,ALFALFA,1.00,23N,12W,,,CNW,SE,IM,660.0,W,1980.0,S
3500320155,https://public.occ.ok.gov/OGCDWellRecords/Search.aspx?searchcommand=%7B%5BOG%20Well%20Records%5D%3A%5BAPI%20Number%5D%3D%223500320155%2A%22%7D,LUTHER,#1,DOMINION OK TX E & P INC,PA,OIL,PLUGGED,36.5229771,-98.2131846,ALFALFA,25.00,24N,10W,,,CSE,SE,IM,1980.0,W,660.0,S
3500320156,https://public.occ.ok.gov/OGCDWellRecords/Search.aspx?searchcommand=%7B%5BOG%20Well%20Records%5D%3A%5BAPI%20Number%5D%3D%223500320156%2A%22%7D,KEPHART,#1,RENEGADE OIL AND GAS LLC,STFD,GAS,STATE_FUNDS_PLUGGING,36.612164,-98.401104,ALFALFA,29.00,25N,11W,,,C,SE,IM,1320.0,W,1320.0,S
3500320157,https://public.occ.ok.gov/OGCDWellRecords/Search.aspx?searchcommand=%7B%5BOG%20Well%20Records%5D%3A%5BAPI%20Number%5D%3D%223500320157%2A%22%7D,G W PRICE,#1-A,OTC/OCC NOT ASSIGNED,PA,OIL,PLUGGED,36.5048115,-98.4691707,ALFALFA,3.00,23N,12W,,,CNW,NE,IM,660.0,W,1980.0,S
3500320158,https://public.occ.ok.gov/OGCDWellRecords/Search.aspx?searchcommand=%7B%5BOG%20Well%20Records%5D%3A%5BAPI%20Number%5D%3D%223500320158%2A%22%7D,WILT-A,#1,PANENERGY SERVICES INC,PA,DRY,PLUGGED,36.5012235,-98.4377327,ALFALFA,1.00,23N,12W,,,CSE,NW,IM,1980.0,W,660.0,S
3500320159,https://public.occ.ok.gov/OGCDWellRecords/Search.aspx?searchcommand=%7B%5BOG%20Well%20Records%5D%3A%5BAPI%20Number%5D%3D%223500320159%2A%22%7D,MARTENEY,#1,CHESAPEAKE OPERATING LLC,PA,GAS,PLUGGED,36.501206,-98.2042,ALFALFA,6.00,23N,09W,,,CSE,NW,IM,1980.0,W,660.0,S
3500320160,https://public.occ.ok.gov/OGCDWellRecords/Search.aspx?searchcommand=%7B%5BOG%20Well%20Records%5D%3A%5BAPI%20Number%5D%3D%223500320160%2A%22%7D,THOMAS,#1,CRAWLEY PETROLEUM CORPORATION,PA,DRY,PLUGGED,36.4830583,-98.4691694,ALFALFA,10.00,23N,12W,,,CNW,SE,IM,660.0,W,1980.0,S
3500320161,https://public.occ.ok.gov/OGCDWellRecords/Search.aspx?searchcommand=%7B%5BOG%20Well%20Records%5D%3A%5BAPI%20Number%5D%3D%223500320161%2A%22%7D,LESLIE,#1,FOUR STATES PETROLEUM INC,PA,GAS,PLUGGED,36.640994,-98.5269187,ALFALFA,18.00,25N,12W,,,,SE,IM,330.0,W,1320.0,S
3500320162,https://public.occ.ok.gov/OGCDWellRecords/Search.aspx?searchcommand=%7B%5BOG%20Well%20Records%5D%3A%5BAPI%20Number%5D%3D%223500320162%2A%22%7D,BROWN,#1-19,OTC/OCC NOT ASSIGNED,PA,DRY,PLUGGED,36.9768235,-98.5336635,ALFALFA,19.00,29N,12W,,,CNW,SE,IM,660.0,W,1980.0,S
3500320163,https://public.occ.ok.gov/OGCDWellRecords/Search.aspx?searchcommand=%7B%5BOG%20Well%20Records%5D%3A%5BAPI%20Number%5D%3D%223500320163%2A%22%7D,ORVILLE WRIGHT,#1,WLW OIL & GAS LLC,AC,OIL,OIL,36.522254,-98.205686,ALFALFA,30.00,24N,09W,,C,SE,SW,IM,1980.0,W,660.0,S
3500320164,https://public.occ.ok.gov/OGCDWellRecords/Search.aspx?searchcommand=%7B%5BOG%20Well%20Records%5D%3A%5BAPI%20Number%5D%3D%223500320164%2A%22%7D,KERNS B,#1-2,ROYALTY ENERGY DEVELOPMENT LLC,AC,OIL,OIL,36.501206,-98.44672,ALFALFA,2.00,23N,12W,,C,SE,NE,IM,1980.0,W,660.0,S
3500320165,https://public.occ.ok.gov/OGCDWellRecords/Search.aspx?searchcommand=%7B%5BOG%20Well%20Records%5D%3A%5BAPI%20Number%5D%3D%223500320165%2A%22%7D,BAKER-NELSON UN,#1,BLAIK OIL COMPANY,PA,DRY,PLUGGED,36.6120449,-98.4998611,ALFALFA,28.00,25N,12W,,,,SW,IM,1320.0,W,1320.0,S
3500320166,https://public.occ.ok.gov/OGCDWellRecords/Search.aspx?searchcommand=%7B%5BOG%20Well%20Records%5D%3A%5BAPI%20Number%5D%3D%223500320166%2A%22%7D,BAKER-NELSON UNIT,#1-A,BLAIK OIL COMPANY,PA,DRY,PLUGGED,36.6120449,-98.4998611,ALFALFA,28.00,25N,12W,,,,SW,IM,1340.0,W,1320.0,S
3500320167,https://public.occ.ok.gov/OGCDWellRecords/Search.aspx?searchcommand=%7B%5BOG%20Well%20Records%5D%3A%5BAPI%20Number%5D%3D%223500320167%2A%22%7D,CORDELL,#1,OTC/OCC NOT ASSIGNED,PA,DRY,PLUGGED,36.5519809,-98.4377411,ALFALFA,13.00,24N,12W,,,CSE,SW,IM,1980.0,W,660.0,S
3500320168,https://public.occ.ok.gov/OGCDWellRecords/Search.aspx?searchcommand=%7B%5BOG%20Well%20Records%5D%3A%5BAPI%20Number%5D%3D%223500320168%2A%22%7D,COOK,#1,HARBOR RESOURCES LLC,AC,OIL,OIL,36.483046,-98.460043,ALFALFA,11.00,23N,12W,,C,NW,SW,IM,660.0,W,1980.0,S
3500320169,https://public.occ.ok.gov/OGCDWellRecords/Search.aspx?searchcommand=%7B%5BOG%20Well%20Records%5D%3A%5BAPI%20Number%5D%3D%223500320169%2A%22%7D,JOHNSON-SHEPARD,#1,OTC/OCC NOT ASSIGNED,PA,OIL,PLUGGED,36.4722563,-98.267075,ALFALFA,16.00,23N,10W,,,SE,NE,IM,1980.0,W,660.0,S
3500320170,https://public.occ.ok.gov/OGCDWellRecords/Search.aspx?searchcommand=%7B%5BOG%20Well%20Records%5D%3A%5BAPI%20Number%5D%3D%223500320170%2A%22%7D,BRADLEY,#1,WHEATLAND OIL COMPANY,PA,OIL,PLUGGED,36.482582,-98.48264,ALFALFA,9.00,23N,12W,N2,S2,NE,SE,IM,,,,
3500320171,https://public.occ.ok.gov/OGCDWellRecords/Search.aspx?searchcommand=%7B%5BOG%20Well%20Records%5D%3A%5BAPI%20Number%5D%3D%223500320171%2A%22%7D,WATSON,#1,SCOGGINS PRODUCTION  COMPANY,PA,DRY,PLUGGED,36.486684,-98.46468,ALFALFA,10.00,23N,12W,,,CSE,NE,IM,1980.0,W,660.0,S
3500320172,https://public.occ.ok.gov/OGCDWellRecords/Search.aspx?searchcommand=%7B%5BOG%20Well%20Records%5D%3A%5BAPI%20Number%5D%3D%223500320172%2A%22%7D,ACRE,#1,ASCOT OILS INC,PA,GAS,PLUGGED,36.5755905,-98.3591455,ALFALFA,10.00,24N,11W,,,,NE,IM,0.0, ,0.0, 
3500320173,https://public.occ.ok.gov/OGCDWellRecords/Search.aspx?searchcommand=%7B%5BOG%20Well%20Records%5D%3A%5BAPI%20Number%5D%3D%223500320173%2A%22%7D,GARRISON,#1,SCOGGINS PRODUCTION LLC,PA,NT,PLUGGED,36.483058,-98.47815,ALFALFA,10.00,23N,12W,,,CNW,SW,IM,660.0,W,1980.0,S
3500320174,https://public.occ.ok.gov/OGCDWellRecords/Search.aspx?searchcommand=%7B%5BOG%20Well%20Records%5D%3A%5BAPI%20Number%5D%3D%223500320174%2A%22%7D,BLACKLEDGE,#11-2,OTC/OCC NOT ASSIGNED,PA,DRY,PLUGGED,36.829644,-98.2385325,ALFALFA,11.00,27N,10W,,,,SE,IM,1320.0,E,1320.0,S
3500320175,https://public.occ.ok.gov/OGCDWellRecords/Search.aspx?searchcommand=%7B%5BOG%20Well%20Records%5D%3A%5BAPI%20Number%5D%3D%223500320175%2A%22%7D,KINER,#1,HARBOR RESOURCES LLC,AC,OIL,OIL,36.490341,-98.451109,ALFALFA,11.00,23N,12W,,C,NW,NE,IM,660.0,W,1980.0,S
3500320176,https://public.occ.ok.gov/OGCDWellRecords/Search.aspx?searchcommand=%7B%5BOG%20Well%20Records%5D%3A%5BAPI%20Number%5D%3D%223500320176%2A%22%7D,STATE SCHOOL LAND,#1,CROSS TIMBERS PRODUCTION CO,PA,OIL,PLUGGED,36.4757844,-98.4871323,ALFALFA,16.00,23N,12W,,,CNW,NE,IM,660.0,W,1980.0,S
3500320177,https://public.occ.ok.gov/OGCDWellRecords/Search.aspx?searchcommand=%7B%5BOG%20Well%20Records%5D%3A%5BAPI%20Number%5D%3D%223500320177%2A%22%7D,FRECH UNIT,#1,CLAY A MUEGGE,AC,GAS,GAS,36.604316,-98.401024,ALFALFA,32.00,25N,11W,,,,NE,IM,1320.0,W,1320.0,S
3500320178,https://public.occ.ok.gov/OGCDWellRecords/Search.aspx?searchcommand=%7B%5BOG%20Well%20Records%5D%3A%5BAPI%20Number%5D%3D%223500320178%2A%22%7D,FOY DAVIS,#2,SUPERIOR PRODUCTION LLC,AC,OIL,OIL,36.483278,-98.218486,ALFALFA,12.00,23N,10W,,C,NW,SE,IM,660.0,W,1980.0,S
3500320179,https://public.occ.ok.gov/OGCDWellRecords/Search.aspx?searchcommand=%7B%5BOG%20Well%20Records%5D%3A%5BAPI%20Number%5D%3D%223500320179%2A%22%7D,ROARK /A/,#1-9,PANENERGY SERVICES INC,PA,OIL,PLUGGED,36.4866611,-98.4826442,ALFALFA,9.00,23N,12W,,,CSE,NE,IM,1980.0,W,660.0,S
3500320180,https://public.occ.ok.gov/OGCDWellRecords/Search.aspx?searchcommand=%7B%5BOG%20Well%20Records%5D%3A%5BAPI%20Number%5D%3D%223500320180%2A%22%7D,FORD,#2,"TOKEN OPERATING, LLC",AC,OIL,OIL,36.519237,-98.433259,ALFALFA,36.00,24N,12W,,C,NW,NE,IM,660.0,W,1980.0,S
3500320181,https://public.occ.ok.gov/OGCDWellRecords/Search.aspx?searchcommand=%7B%5BOG%20Well%20Records%5D%3A%5BAPI%20Number%5D%3D%223500320181%2A%22%7D,EASTERLING-ST SCHL,#1,OTC/OCC NOT ASSIGNED,PA,OIL,PLUGGED,36.4694386,-98.4972314,ALFALFA,16.00,23N,12W,,NW,NW,SW,IM,330.0,W,2310.0,S
3500320182,https://public.occ.ok.gov/OGCDWellRecords/Search.aspx?searchcommand=%7B%5BOG%20Well%20Records%5D%3A%5BAPI%20Number%5D%3D%223500320182%2A%22%7D,STATE SCHOOL,#2,OTC/OCC NOT ASSIGNED,PA,NT,PLUGGED,36.472159,-98.4826437,ALFALFA,16.00,23N,12W,,,CSE,NE,IM,660.0,E,660.0,S
3500320183,https://public.occ.ok.gov/OGCDWellRecords/Search.aspx?searchcommand=%7B%5BOG%20Well%20Records%5D%3A%5BAPI%20Number%5D%3D%223500320183%2A%22%7D,DAVIDSON,#1,SCOGGINS PRODUCTION  COMPANY,PA,OIL,PLUGGED,36.48623,-98.47422,ALFALFA,10.00,23N,12W,NE,SW,SE,NW,IM,1720.0,W,400.0,S
3500320184,https://public.occ.ok.gov/OGCDWellRecords/Search.aspx?searchcommand=%7B%5BOG%20Well%20Records%5D%3A%5BAPI%20Number%5D%3D%223500320184%2A%22%7D,"KINER ""A""",#1-2,CONTINENTAL RESOURCES INC,PA,INJ,PLUGGED,36.497581,-98.45121,ALFALFA,2.00,23N,12W,,,CNW,SE,IM,660.0,W,1980.0,S
3500320185,https://public.occ.ok.gov/OGCDWellRecords/Search.aspx?searchcommand=%7B%5BOG%20Well%20Records%5D%3A%5BAPI%20Number%5D%3D%223500320185%2A%22%7D,ACRE,#2,ASCOT OILS INC,PA,GAS,PLUGGED,36.5882795,-98.3658891,ALFALFA,3.00,24N,11W,,,CSE,NW,IM,1980.0,W,660.0,S
3500320186,https://public.occ.ok.gov/OGCDWellRecords/Search.aspx?searchcommand=%7B%5BOG%20Well%20Records%5D%3A%5BAPI%20Number%5D%3D%223500320186%2A%22%7D,"THOMAS ""A""",#1-2,CONTINENTAL RESOURCES INC,PA,OIL,PLUGGED,36.493502,-98.45514,ALFALFA,2.00,23N,12W,NW,SE,SE,SW,IM,2005.0,W,610.0,S
3500320187,https://public.occ.ok.gov/OGCDWellRecords/Search.aspx?searchcommand=%7B%5BOG%20Well%20Records%5D%3A%5BAPI%20Number%5D%3D%223500320187%2A%22%7D,REBEL,#1-31,SINGER-FLEISCHAKER OIL OP CO,PA,DRY,PLUGGED,36.7715064,-98.5359387,ALFALFA,31.00,27N,12W,,,,SW,IM,1395.0,W,1320.0,S
3500320188,https://public.occ.ok.gov/OGCDWellRecords/Search.aspx?searchcommand=%7B%5BOG%20Well%20Records%5D%3A%5BAPI%20Number%5D%3D%223500320188%2A%22%7D,ELDON,#1,OTC/OCC NOT ASSIGNED,PA,NT,PLUGGED,36.4753736,-98.4596201,ALFALFA,14.00,23N,12W,NW,SE,NW,NW,IM,735.0,W,1905.0,S
3500320189,https://public.occ.ok.gov/OGCDWellRecords/Search.aspx?searchcommand=%7B%5BOG%20Well%20Records%5D%3A%5BAPI%20Number%5D%3D%223500320189%2A%22%7D,ALINE,#1-35,THUNDER PETROLEUM LLC,PA,OIL,PLUGGED,36.508243,-98.447148,ALFALFA,35.00,24N,12W,,C,SE,SE,IM,1980.0,W,660.0,S
3500320191,https://public.occ.ok.gov/OGCDWellRecords/Search.aspx?searchcommand=%7B%5BOG%20Well%20Records%5D%3A%5BAPI%20Number%5D%3D%223500320191%2A%22%7D,"ORVILLE ""A""",#1,LCB RESOURCES LLC,PA,OIL,PLUGGED,36.53021,-98.2087,ALFALFA,30.00,24N,09W,,,CSW,NW,IM,660.0,W,660.0,S
3500320192,https://public.occ.ok.gov/OGCDWellRecords/Search.aspx?searchcommand=%7B%5BOG%20Well%20Records%5D%3A%5BAPI%20Number%5D%3D%223500320192%2A%22%7D,MAX BENTLEY,#1,DIVERSIFIED PRODUCTION LLC,PA,GAS,PLUGGED,36.537691,-98.482377,ALFALFA,21.00,24N,12W,,C,SE,SE,IM,1980.0,W,660.0,S
3500320193,https://public.occ.ok.gov/OGCDWellRecords/Search.aspx?searchcommand=%7B%5BOG%20Well%20Records%5D%3A%5BAPI%20Number%5D%3D%223500320193%2A%22%7D,THOMAS /B/,#1-9,CONTINENTAL RESOURCES INC,PA,OIL,PLUGGED,36.4794094,-98.4916228,ALFALFA,9.00,23N,12W,,,CSE,SW,IM,1980.0,W,660.0,S
3500320194,https://public.occ.ok.gov/OGCDWellRecords/Search.aspx?searchcommand=%7B%5BOG%20Well%20Records%5D%3A%5BAPI%20Number%5D%3D%223500320194%2A%22%7D,GREEN,#1,COG PETROLEUM CORPORATION,STFD,GAS,STATE_FUNDS_PLUGGING,36.618466,-98.41989,ALFALFA,30.00,25N,11W,,NE,SW,NE,IM,990.0,W,990.0,S
3500320195,https://public.occ.ok.gov/OGCDWellRecords/Search.aspx?searchcommand=%7B%5BOG%20Well%20Records%5D%3A%5BAPI%20Number%5D%3D%223500320195%2A%22%7D,STATE,#2,PHILLIPS OIL OPERATING CO,PA,NT,PLUGGED,36.513913,-98.4354893,ALFALFA,36.00,24N,12W,,,,,IM,660.0,W,1980.0,S
3500320196,https://public.occ.ok.gov/OGCDWellRecords/Search.aspx?searchcommand=%7B%5BOG%20Well%20Records%5D%3A%5BAPI%20Number%5D%3D%223500320196%2A%22%7D,FRANK LAWRENCE,#1,HARBOR RESOURCES LLC,AC,OIL,OIL,36.463947,-98.52755,ALFALFA,18.00,23N,12W,,CS2,SE,SW,IM,1980.0,W,330.0,S
3500320197,https://public.occ.ok.gov/OGCDWellRecords/Search.aspx?searchcommand=%7B%5BOG%20Well%20Records%5D%3A%5BAPI%20Number%5D%3D%223500320197%2A%22%7D,FORD,#1,JHATCO INC,AC,OIL,OIL,36.530384,-98.214009,ALFALFA,25.00,24N,10W,,,CSE,NE,IM,1980.0,W,660.0,S
3500320198,https://public.occ.ok.gov/OGCDWellRecords/Search.aspx?searchcommand=%7B%5BOG%20Well%20Records%5D%3A%5BAPI%20Number%5D%3D%223500320198%2A%22%7D,BARROWS,#1,MULLEN WILLIAM COMPANY,PA,OIL,PLUGGED,36.4762597,-98.4787062,ALFALFA,15.00,23N,12W,SE,NW,NW,NW,IM,365.0,W,2275.0,S
3500320199,https://public.occ.ok.gov/OGCDWellRecords/Search.aspx?searchcommand=%7B%5BOG%20Well%20Records%5D%3A%5BAPI%20Number%5D%3D%223500320199%2A%22%7D,DORAMUS /A/,#1-16,ANADARKO PETROLEUM CORPORATION,PA,OIL,PLUGGED,36.4757835,-98.4961092,ALFALFA,16.00,23N,12W,,,NW,NW,IM,660.0,W,1980.0,S
3500320200,https://public.occ.ok.gov/OGCDWellRecords/Search.aspx?searchcommand=%7B%5BOG%20Well%20Records%5D%3A%5BAPI%20Number%5D%3D%223500320200%2A%22%7D,KELTCH,#1,COTTON PETROLEUM CORPORATION,PA,DRY,PLUGGED,36.7054965,-98.3906018,ALFALFA,28.00,26N,11W,,NW,SE,NW,IM,1650.0,W,990.0,S
3500320201,https://public.occ.ok.gov/OGCDWellRecords/Search.aspx?searchcommand=%7B%5BOG%20Well%20Records%5D%3A%5BAPI%20Number%5D%3D%223500320201%2A%22%7D,THOMAS  C,#1-2,CONTINENTAL RESOURCES INC,PA,OIL,PLUGGED,36.49758,-98.46019,ALFALFA,2.00,23N,12W,,,CNW,SW,IM,660.0,W,1980.0,S
3500320202,https://public.occ.ok.gov/OGCDWellRecords/Search.aspx?searchcommand=%7B%5BOG%20Well%20Records%5D%3A%5BAPI%20Number%5D%3D%223500320202%2A%22%7D,LAWRENCE,#1,HARBOR RESOURCES LLC,AC,OIL,OIL,36.463947,-98.51745,ALFALFA,18.00,23N,12W,,SE,SE,SE,IM,,,,
3500320203,https://public.occ.ok.gov/OGCDWellRecords/Search.aspx?searchcommand=%7B%5BOG%20Well%20Records%5D%3A%5BAPI%20Number%5D%3D%223500320203%2A%22%7D,BRADLEY,#2,CONTINENTAL RESOURCES INC,PA,OIL,PLUGGED,36.482582,-98.48713,ALFALFA,9.00,23N,12W,N2,S2,NW,SE,IM,660.0,W,1830.0,S
3500320204,https://public.occ.ok.gov/OGCDWellRecords/Search.aspx?searchcommand=%7B%5BOG%20Well%20Records%5D%3A%5BAPI%20Number%5D%3D%223500320204%2A%22%7D,"HERTZLER ""A""",#1-2,CONTINENTAL RESOURCES INC,PA,OIL,PLUGGED,36.501206,-98.4557,ALFALFA,2.00,23N,12W,,,CSE,NW,IM,1980.0,W,660.0,S
3500320205,https://public.occ.ok.gov/OGCDWellRecords/Search.aspx?searchcommand=%7B%5BOG%20Well%20Records%5D%3A%5BAPI%20Number%5D%3D%223500320205%2A%22%7D,"DORAMUS ""A""",#2-16,CONTINENTAL RESOURCES INC,PA,OIL,PLUGGED,36.472159,-98.49162,ALFALFA,16.00,23N,12W,,,CSE,NW,IM,1980.0,W,660.0,S
3500320206,https://public.occ.ok.gov/OGCDWellRecords/Search.aspx?searchcommand=%7B%5BOG%20Well%20Records%5D%3A%5BAPI%20Number%5D%3D%223500320206%2A%22%7D,ELLE,#2,SCOGGINS PRODUCTION LLC,PA,TM,PLUGGED,36.490329,-98.46018,ALFALFA,11.00,23N,12W,,,CNW,NW,IM,660.0,W,1980.0,S
3500320207,https://public.occ.ok.gov/OGCDWellRecords/Search.aspx?searchcommand=%7B%5BOG%20Well%20Records%5D%3A%5BAPI%20Number%5D%3D%223500320207%2A%22%7D,BRINING,#1,OTC/OCC NOT ASSIGNED,PA,GAS,PLUGGED,36.7661841,-98.4480646,ALFALFA,1.00,26N,12W,,,CNW,NW,IM,660.0,W,1980.0,S
3500320208,https://public.occ.ok.gov/OGCDWellRecords/Search.aspx?searchcommand=%7B%5BOG%20Well%20Records%5D%3A%5BAPI%20Number%5D%3D%223500320208%2A%22%7D,"KERNS ""C""",#1-2,CONTINENTAL RESOURCES INC,PA,OIL,PLUGGED,36.504832,-98.45121,ALFALFA,2.00,23N,12W,,,CNW,NE,IM,660.0,W,1980.0,S
3500320209,https://public.occ.ok.gov/OGCDWellRecords/Search.aspx?searchcommand=%7B%5BOG%20Well%20Records%5D%3A%5BAPI%20Number%5D%3D%223500320209%2A%22%7D,"THOMAS ""B""",#2-9,ROYALTY ENERGY DEVELOPMENT LLC,AC,OIL,OIL,36.483035,-98.49611,ALFALFA,9.00,23N,12W,,C,NW,SW,IM,660.0,W,1980.0,S
3500320210,https://public.occ.ok.gov/OGCDWellRecords/Search.aspx?searchcommand=%7B%5BOG%20Well%20Records%5D%3A%5BAPI%20Number%5D%3D%223500320210%2A%22%7D,SPRINGER UNIT,#1,GLENN SUPPLY COMPANY INC,PA,GAS,PLUGGED,36.5900757,-98.4040648,ALFALFA,5.00,24N,11W,,,,NW,IM,1320.0,W,1320.0,N
3500320211,https://public.occ.ok.gov/OGCDWellRecords/Search.aspx?searchcommand=%7B%5BOG%20Well%20Records%5D%3A%5BAPI%20Number%5D%3D%223500320211%2A%22%7D,SCHOOL LAND,#1,COG PETROLEUM CORPORATION,STFD,GAS,STATE_FUNDS_PLUGGING,36.642959,-98.38947,ALFALFA,16.00,25N,11W,,,CNE,SW,IM,1980.0,W,1980.0,S
3500320212,https://public.occ.ok.gov/OGCDWellRecords/Search.aspx?searchcommand=%7B%5BOG%20Well%20Records%5D%3A%5BAPI%20Number%5D%3D%223500320212%2A%22%7D,PHILLIPS /A/,#1-3,ANADARKO PETROLEUM CORPORATION,PA,OIL,PLUGGED,36.493935,-98.4646805,ALFALFA,3.00,23N,12W,,,SE,SE,IM,1980.0,W,660.0,S
3500320213,https://public.occ.ok.gov/OGCDWellRecords/Search.aspx?searchcommand=%7B%5BOG%20Well%20Records%5D%3A%5BAPI%20Number%5D%3D%223500320213%2A%22%7D,ONEIL /A/,#1-9,PANENERGY SERVICES INC,PA,OIL,PLUGGED,36.4866606,-98.4916228,ALFALFA,9.00,23N,12W,,,SE,NW,IM,1980.0,W,660.0,S
3500320214,https://public.occ.ok.gov/OGCDWellRecords/Search.aspx?searchcommand=%7B%5BOG%20Well%20Records%5D%3A%5BAPI%20Number%5D%3D%223500320214%2A%22%7D,LORRAINE,#1,DIVERSIFIED PRODUCTION LLC,AC,GAS,GAS,36.530167,-98.48265,ALFALFA,28.00,24N,12W,,C,SE,NE,IM,1980.0,W,660.0,S
3500320216,https://public.occ.ok.gov/OGCDWellRecords/Search.aspx?searchcommand=%7B%5BOG%20Well%20Records%5D%3A%5BAPI%20Number%5D%3D%223500320216%2A%22%7D,DUEL,#1,DIVERSIFIED PRODUCTION LLC,AC,GAS,GAS,36.533792,-98.49612,ALFALFA,28.00,24N,12W,,C,NW,NW,IM,660.0,W,1980.0,S
3500320218,https://public.occ.ok.gov/OGCDWellRecords/Search.aspx?searchcommand=%7B%5BOG%20Well%20Records%5D%3A%5BAPI%20Number%5D%3D%223500320218%2A%22%7D,LAWRENCE,#2,OTC/OCC NOT ASSIGNED,PA,DRY,PLUGGED,36.468026,-98.5224993,ALFALFA,18.00,23N,12W,NW,SE,NW,SE,IM,880.0,W,1780.0,S
3500320219,https://public.occ.ok.gov/OGCDWellRecords/Search.aspx?searchcommand=%7B%5BOG%20Well%20Records%5D%3A%5BAPI%20Number%5D%3D%223500320219%2A%22%7D,DAVIS,#23-1,CONTINENTAL RESOURCES INC,PA,GAS,PLUGGED,36.5447128,-98.4467177,ALFALFA,23.00,24N,12W,,,CSE,NE,IM,1980.0,W,660.0,S
3500320221,https://public.occ.ok.gov/OGCDWellRecords/Search.aspx?searchcommand=%7B%5BOG%20Well%20Records%5D%3A%5BAPI%20Number%5D%3D%223500320221%2A%22%7D,HADWIGER,#1,OTC/OCC NOT ASSIGNED,PA,DRY,PLUGGED,36.8151754,-98.3106309,ALFALFA,18.00,27N,10W,,,,SE,IM,1320.0,E,1320.0,S
3500320222,https://public.occ.ok.gov/OGCDWellRecords/Search.aspx?searchcommand=%7B%5BOG%20Well%20Records%5D%3A%5BAPI%20Number%5D%3D%223500320222%2A%22%7D,SLOAN /A/,#1-8,ANADARKO PETROLEUM CORPORATION,PA,OIL,PLUGGED,36.4793842,-98.5006082,ALFALFA,8.00,23N,12W,,,CSE,SE,IM,1980.0,W,660.0,S
3500320223,https://public.occ.ok.gov/OGCDWellRecords/Search.aspx?searchcommand=%7B%5BOG%20Well%20Records%5D%3A%5BAPI%20Number%5D%3D%223500320223%2A%22%7D,"SLOAN ""B""",#1-17,ROYALTY ENERGY DEVELOPMENT LLC,AC,OIL,OIL,36.475759,-98.5051,ALFALFA,17.00,23N,12W,,C,NW,NE,IM,660.0,W,1980.0,S
3500320224,https://public.occ.ok.gov/OGCDWellRecords/Search.aspx?searchcommand=%7B%5BOG%20Well%20Records%5D%3A%5BAPI%20Number%5D%3D%223500320224%2A%22%7D,WATSON,#2,SCOGGINS PRODUCTION  COMPANY,PA,OIL,PLUGGED,36.49031,-98.46917,ALFALFA,10.00,23N,12W,,,CNW,NE,IM,660.0,W,1980.0,S
3500320225,https://public.occ.ok.gov/OGCDWellRecords/Search.aspx?searchcommand=%7B%5BOG%20Well%20Records%5D%3A%5BAPI%20Number%5D%3D%223500320225%2A%22%7D,G W PRICE,#2,OTC/OCC NOT ASSIGNED,PA,OIL,PLUGGED,36.5002798,-98.463558,ALFALFA,3.00,23N,12W,,SE,SE,NE,IM,2310.0,W,330.0,S
3500320226,https://public.occ.ok.gov/OGCDWellRecords/Search.aspx?searchcommand=%7B%5BOG%20Well%20Records%5D%3A%5BAPI%20Number%5D%3D%223500320226%2A%22%7D,GOSS-JEFFRIES UNIT,#1,CHESAPEAKE OPERATING LLC,PA,GAS,PLUGGED,36.546457,-98.50286,ALFALFA,20.00,24N,12W,,,,NE,IM,1320.0,E,1320.0,N
3500320227,https://public.occ.ok.gov/OGCDWellRecords/Search.aspx?searchcommand=%7B%5BOG%20Well%20Records%5D%3A%5BAPI%20Number%5D%3D%223500320227%2A%22%7D,EASON-LAWRENCE,#1,VALJOHN ENERGY CORPORATION,AC,OIL,OIL,36.4676,-98.51407,ALFALFA,17.00,23N,12W,C,S2,NW,SW,IM,660.0,W,1650.0,S
3500320228,https://public.occ.ok.gov/OGCDWellRecords/Search.aspx?searchcommand=%7B%5BOG%20Well%20Records%5D%3A%5BAPI%20Number%5D%3D%223500320228%2A%22%7D,EASON-LAWRENCE,#2,EASON OIL COMPANY,PA,OIL,PLUGGED,36.4657879,-98.5107069,ALFALFA,17.00,23N,12W,,NW,SE,SW,IM,1650.0,W,990.0,S
3500320229,https://public.occ.ok.gov/OGCDWellRecords/Search.aspx?searchcommand=%7B%5BOG%20Well%20Records%5D%3A%5BAPI%20Number%5D%3D%223500320229%2A%22%7D,ACRE,#3,ASCOT OILS INC,PA,GAS,PLUGGED,36.6003679,-98.3680647,ALFALFA,34.00,25N,11W,,NW,NW,SE,IM,330.0,W,2310.0,S
3500320230,https://public.occ.ok.gov/OGCDWellRecords/Search.aspx?searchcommand=%7B%5BOG%20Well%20Records%5D%3A%5BAPI%20Number%5D%3D%223500320230%2A%22%7D,DAVIDSON,#2,OTC/OCC NOT ASSIGNED,PA,OIL,PLUGGED,36.4894021,-98.4792704,ALFALFA,10.00,23N,12W,,SW,NW,NW,IM,330.0,W,1650.0,S
3500320231,https://public.occ.ok.gov/OGCDWellRecords/Search.aspx?searchcommand=%7B%5BOG%20Well%20Records%5D%3A%5BAPI%20Number%5D%3D%223500320231%2A%22%7D,SLOAN B,#2-17,ROYALTY ENERGY DEVELOPMENT LLC,AC,OIL,OIL,36.473284,-98.501349,ALFALFA,17.00,23N,12W,C,NW,SE,NE,IM,1650.0,W,990.0,S
3500320232,https://public.occ.ok.gov/OGCDWellRecords/Search.aspx?searchcommand=%7B%5BOG%20Well%20Records%5D%3A%5BAPI%20Number%5D%3D%223500320232%2A%22%7D,WEBB,#9-A,BVD INC,AC,GAS,GAS,36.745278,-98.492,ALFALFA,9.00,26N,12W,,NE,NW,SE,IM,990.0,W,2310.0,S
3500320233,https://public.occ.ok.gov/OGCDWellRecords/Search.aspx?searchcommand=%7B%5BOG%20Well%20Records%5D%3A%5BAPI%20Number%5D%3D%223500320233%2A%22%7D,SLOAN,#A 2-8,EARLSBORO ENERGIES CORPORATION,PA,OIL,PLUGGED,36.48301,-98.5051,ALFALFA,8.00,23N,12W,,,CNW,SE,IM,660.0,W,1980.0,S
3500320234,https://public.occ.ok.gov/OGCDWellRecords/Search.aspx?searchcommand=%7B%5BOG%20Well%20Records%5D%3A%5BAPI%20Number%5D%3D%223500320234%2A%22%7D,D BOOZE,#1,OTC/OCC NOT ASSIGNED,PA,OIL,PLUGGED,36.4893794,-98.4949898,ALFALFA,9.00,23N,12W,,SE,NW,NW,IM,990.0,W,1650.0,S
3500320235,https://public.occ.ok.gov/OGCDWellRecords/Search.aspx?searchcommand=%7B%5BOG%20Well%20Records%5D%3A%5BAPI%20Number%5D%3D%223500320235%2A%22%7D,PERRY UNIT,#1,OTC/OCC NOT ASSIGNED,PA,DRY,PLUGGED,36.4720736,-98.109887,ALFALFA,13.00,23N,09W,,,CSW,NE,IM,660.0,W,660.0,S
3500320236,https://public.occ.ok.gov/OGCDWellRecords/Search.aspx?searchcommand=%7B%5BOG%20Well%20Records%5D%3A%5BAPI%20Number%5D%3D%223500320236%2A%22%7D,GARRISON,#2,OKLAHOMA RIG & SALVAGE INC,PA,OIL,PLUGGED,36.4794324,-98.4736587,ALFALFA,10.00,23N,12W,,,SE,SW,IM,1730.0,W,660.0,S
3500320237,https://public.occ.ok.gov/OGCDWellRecords/Search.aspx?searchcommand=%7B%5BOG%20Well%20Records%5D%3A%5BAPI%20Number%5D%3D%223500320237%2A%22%7D,BALDWIN,#1,SLOAN PETROLEUM SERVICE INC,PA,GAS,PLUGGED,36.603304,-98.35004,ALFALFA,35.00,25N,11W,,NW,SW,NE,IM,330.0,W,990.0,S
3500320238,https://public.occ.ok.gov/OGCDWellRecords/Search.aspx?searchcommand=%7B%5BOG%20Well%20Records%5D%3A%5BAPI%20Number%5D%3D%223500320238%2A%22%7D,CURRY,#22-1,CONTINENTAL RESOURCES INC,PA,GAS,PLUGGED,36.544557,-98.464607,ALFALFA,22.00,24N,12W,,,CSE,NE,IM,1980.0,W,660.0,S
3500320239,https://public.occ.ok.gov/OGCDWellRecords/Search.aspx?searchcommand=%7B%5BOG%20Well%20Records%5D%3A%5BAPI%20Number%5D%3D%223500320239%2A%22%7D,HERTZLER,#23-1,ROYALTY ENERGY DEVELOPMENT LLC,AC,OIL,OIL,36.537461,-98.4602,ALFALFA,23.00,24N,12W,,C,SW,SW,IM,660.0,W,660.0,S
3500320240,https://public.occ.ok.gov/OGCDWellRecords/Search.aspx?searchcommand=%7B%5BOG%20Well%20Records%5D%3A%5BAPI%20Number%5D%3D%223500320240%2A%22%7D,EDNA,#1-5,SANDRIDGE EXPLORATION & PRODUCTION LLC,PA,OIL,PLUGGED,36.505783,-98.39844,ALFALFA,5.00,23N,11W,,NW,NW,NE,IM,380.0,W,2310.0,S
3500320241,https://public.occ.ok.gov/OGCDWellRecords/Search.aspx?searchcommand=%7B%5BOG%20Well%20Records%5D%3A%5BAPI%20Number%5D%3D%223500320241%2A%22%7D,EASON-LAWRENCE,#3,EASON OIL COMPANY,PA,OIL,PLUGGED,36.4694139,-98.5062184,ALFALFA,17.00,23N,12W,,NW,NW,SE,IM,330.0,W,2310.0,S
3500320242,https://public.occ.ok.gov/OGCDWellRecords/Search.aspx?searchcommand=%7B%5BOG%20Well%20Records%5D%3A%5BAPI%20Number%5D%3D%223500320242%2A%22%7D,MITCHELL,#1,CHESAPEAKE OPERATING LLC,PA,OIL,PLUGGED,36.548317,-98.47816,ALFALFA,22.00,24N,12W,,,CNW,NW,IM,660.0,W,1980.0,S
3500320243,https://public.occ.ok.gov/OGCDWellRecords/Search.aspx?searchcommand=%7B%5BOG%20Well%20Records%5D%3A%5BAPI%20Number%5D%3D%223500320243%2A%22%7D,NORTON,#1,CONTINENTAL RESOURCES INC,PA,GAS,PLUGGED,36.589632,-98.3861008,ALFALFA,4.00,24N,11W,N2,N2,S2,NW,IM,1320.0,W,1438.0,N
3500320244,https://public.occ.ok.gov/OGCDWellRecords/Search.aspx?searchcommand=%7B%5BOG%20Well%20Records%5D%3A%5BAPI%20Number%5D%3D%223500320244%2A%22%7D,BROWN,#1,BECK PUMP & SUPPLY INC,PA,GAS,PLUGGED,36.5994613,-98.2993376,ALFALFA,32.00,25N,10W,,,CNE,SW,IM,1980.0,W,1980.0,S
3500320245,https://public.occ.ok.gov/OGCDWellRecords/Search.aspx?searchcommand=%7B%5BOG%20Well%20Records%5D%3A%5BAPI%20Number%5D%3D%223500320245%2A%22%7D,SLOAN /C/,#1-17,PANENERGY SERVICES INC,PA,OIL,PLUGGED,36.4721328,-98.5095847,ALFALFA,17.00,23N,12W,,,CSE,NW,IM,1980.0,W,660.0,S
3500320246,https://public.occ.ok.gov/OGCDWellRecords/Search.aspx?searchcommand=%7B%5BOG%20Well%20Records%5D%3A%5BAPI%20Number%5D%3D%223500320246%2A%22%7D,C W PRICE /B/,#1,OTC/OCC NOT ASSIGNED,PA,DRY,PLUGGED,36.4930057,-98.4815221,ALFALFA,4.00,23N,12W,,SE,SE,SE,IM,2310.0,W,330.0,S
3500320247,https://public.occ.ok.gov/OGCDWellRecords/Search.aspx?searchcommand=%7B%5BOG%20Well%20Records%5D%3A%5BAPI%20Number%5D%3D%223500320247%2A%22%7D,HENRY,#1-20,HENNESSEY OIL & GAS LLC,STFD,OIL,STATE_FUNDS_PLUGGING,36.537506,-98.39283,ALFALFA,20.00,24N,11W,,,SE,SE,IM,2310.0,W,660.0,S
3500320248,https://public.occ.ok.gov/OGCDWellRecords/Search.aspx?searchcommand=%7B%5BOG%20Well%20Records%5D%3A%5BAPI%20Number%5D%3D%223500320248%2A%22%7D,ALTON,#1,M3V ENERGY LLC,AC,OIL,OIL,36.540869,-98.478161,ALFALFA,22.00,24N,12W,,C,NW,SW,IM,660.0,W,1980.0,S
3500320249,https://public.occ.ok.gov/OGCDWellRecords/Search.aspx?searchcommand=%7B%5BOG%20Well%20Records%5D%3A%5BAPI%20Number%5D%3D%223500320249%2A%22%7D,C E BROWN,#1,EASON OIL COMPANY,PA,GAS,PLUGGED,36.4784775,-98.5084645,ALFALFA,8.00,23N,12W,,SE,SE,SW,IM,2310.0,W,330.0,S
3500320250,https://public.occ.ok.gov/OGCDWellRecords/Search.aspx?searchcommand=%7B%5BOG%20Well%20Records%5D%3A%5BAPI%20Number%5D%3D%223500320250%2A%22%7D,WILDER-POYNTER,#1,DOMINION OK TX E & P INC,PA,OIL,PLUGGED,36.4939345,-98.4736608,ALFALFA,3.00,23N,12W,,,SE,SW,IM,1980.0,W,560.0,S
3500320251,https://public.occ.ok.gov/OGCDWellRecords/Search.aspx?searchcommand=%7B%5BOG%20Well%20Records%5D%3A%5BAPI%20Number%5D%3D%223500320251%2A%22%7D,OUTHIER-SPRINGER UNIT,#1,BCE-MACH LLC,AC,GAS,GAS,36.582813,-98.41304,ALFALFA,6.00,24N,11W,,C,N2,SE,IM,1320.0,E,1980.0,S
3500320252,https://public.occ.ok.gov/OGCDWellRecords/Search.aspx?searchcommand=%7B%5BOG%20Well%20Records%5D%3A%5BAPI%20Number%5D%3D%223500320252%2A%22%7D,ELKINS,#1,OKLAHOMA RIG & SALVAGE INC,PA,OIL,PLUGGED,36.4658372,-98.4658018,ALFALFA,15.00,23N,12W,,NW,SE,SE,IM,1800.0,W,990.0,S
3500320253,https://public.occ.ok.gov/OGCDWellRecords/Search.aspx?searchcommand=%7B%5BOG%20Well%20Records%5D%3A%5BAPI%20Number%5D%3D%223500320253%2A%22%7D,"KINER ""B""",#1-2,ANADARKO PETROLEUM CORPORATION,PA,NT,PLUGGED,36.4948617,-98.447839,ALFALFA,2.00,23N,12W,,NW,SE,SE,IM,1650.0,W,990.0,S
3500320254,https://public.occ.ok.gov/OGCDWellRecords/Search.aspx?searchcommand=%7B%5BOG%20Well%20Records%5D%3A%5BAPI%20Number%5D%3D%223500320254%2A%22%7D,HARTMAN,#1,AEXCO PETROLEUM INC,AC,GAS,GAS,36.614757,-98.278931,ALFALFA,28.00,25N,10W,,NW,NW,SE,IM,330.0,W,2310.0,S
3500320255,https://public.occ.ok.gov/OGCDWellRecords/Search.aspx?searchcommand=%7B%5BOG%20Well%20Records%5D%3A%5BAPI%20Number%5D%3D%223500320255%2A%22%7D,JIMMIE /23/,#1,CONTINENTAL RESOURCES INC,PA,OIL,PLUGGED,36.5374617,-98.4467177,ALFALFA,23.00,24N,12W,,,CSE,SE,IM,1980.0,W,660.0,S
3500320256,https://public.occ.ok.gov/OGCDWellRecords/Search.aspx?searchcommand=%7B%5BOG%20Well%20Records%5D%3A%5BAPI%20Number%5D%3D%223500320256%2A%22%7D,VANCE,#1,SUPERIOR PRODUCTION LLC,AC,OIL,OIL,36.505107,-98.200617,ALFALFA,6.00,23N,09W,,C,NW,NE,IM,660.0,W,1980.0,S
3500320257,https://public.occ.ok.gov/OGCDWellRecords/Search.aspx?searchcommand=%7B%5BOG%20Well%20Records%5D%3A%5BAPI%20Number%5D%3D%223500320257%2A%22%7D,SLOAN,#1,RUSSELL D MELOY OIL & GAS CO,PA,OIL,PLUGGED,36.4857286,-98.5084645,ALFALFA,8.00,23N,12W,,SE,SE,NW,IM,2310.0,W,330.0,S
3500320258,https://public.occ.ok.gov/OGCDWellRecords/Search.aspx?searchcommand=%7B%5BOG%20Well%20Records%5D%3A%5BAPI%20Number%5D%3D%223500320258%2A%22%7D,"SLOAN ""C""",#2-17,CONTINENTAL RESOURCES INC,PA,OIL,PLUGGED,36.475758,-98.51407,ALFALFA,17.00,23N,12W,,,CNW,NW,IM,660.0,W,1980.0,S
3500320259,https://public.occ.ok.gov/OGCDWellRecords/Search.aspx?searchcommand=%7B%5BOG%20Well%20Records%5D%3A%5BAPI%20Number%5D%3D%223500320259%2A%22%7D,HERTZLER,#1,AVALANCHE OIL & GAS LLC,AC,OIL,OIL,36.536552,-98.490441,ALFALFA,21.00,24N,12W,,SE,SE,SW,IM,2310.0,W,330.0,S
3500320260,https://public.occ.ok.gov/OGCDWellRecords/Search.aspx?searchcommand=%7B%5BOG%20Well%20Records%5D%3A%5BAPI%20Number%5D%3D%223500320260%2A%22%7D,SEVERIN,#1,OTC/OCC NOT ASSIGNED,PA,OIL,PLUGGED,36.4758713,-98.2625766,ALFALFA,15.00,23N,10W,,,CNW,NW,IM,660.0,W,1980.0,S
3500320261,https://public.occ.ok.gov/OGCDWellRecords/Search.aspx?searchcommand=%7B%5BOG%20Well%20Records%5D%3A%5BAPI%20Number%5D%3D%223500320261%2A%22%7D,TUXHORN,#1,GAMBLER OIL LLC (THE),STFD,GAS,STATE_FUNDS_PLUGGING,36.587224,-98.259976,ALFALFA,3.00,24N,10W,,SW,SE,NW,IM,1650.0,W,330.0,S
3500320262,https://public.occ.ok.gov/OGCDWellRecords/Search.aspx?searchcommand=%7B%5BOG%20Well%20Records%5D%3A%5BAPI%20Number%5D%3D%223500320262%2A%22%7D,COMER,#1,COG PETROLEUM CORPORATION,PA,GAS,PLUGGED,36.643856,-98.40412,ALFALFA,17.00,25N,11W,,NW,NW,SE,IM,330.0,W,2310.0,S
3500320263,https://public.occ.ok.gov/OGCDWellRecords/Search.aspx?searchcommand=%7B%5BOG%20Well%20Records%5D%3A%5BAPI%20Number%5D%3D%223500320263%2A%22%7D,TUCKER,#1,BUTTONWOOD PETROLEUM INC,PA,GAS,PLUGGED,36.6284357,-98.2452673,ALFALFA,23.00,25N,10W,,,CNE,SW,IM,1980.0,W,1980.0,S
3500320264,https://public.occ.ok.gov/OGCDWellRecords/Search.aspx?searchcommand=%7B%5BOG%20Well%20Records%5D%3A%5BAPI%20Number%5D%3D%223500320264%2A%22%7D,"PHILLIPS ""A""",#2-3,ANADARKO PETROLEUM CORPORATION,PA,NT,PLUGGED,36.4966541,-98.4680481,ALFALFA,3.00,23N,12W,,SE,NW,SE,IM,990.0,W,1650.0,S
3500320265,https://public.occ.ok.gov/OGCDWellRecords/Search.aspx?searchcommand=%7B%5BOG%20Well%20Records%5D%3A%5BAPI%20Number%5D%3D%223500320265%2A%22%7D,JAY /24/,#1,OTC/OCC NOT ASSIGNED,PA,OIL,PLUGGED,36.5447304,-98.4287536,ALFALFA,24.00,24N,12W,,,CSE,NE,IM,1980.0,W,660.0,S
3500320266,https://public.occ.ok.gov/OGCDWellRecords/Search.aspx?searchcommand=%7B%5BOG%20Well%20Records%5D%3A%5BAPI%20Number%5D%3D%223500320266%2A%22%7D,THELMA GLENN,#1,HARBOR RESOURCES LLC,AC,OIL,OIL,36.47845,-98.51745,ALFALFA,7.00,23N,12W,,SE,SE,SE,IM,2310.0,W,330.0,S
3500320267,https://public.occ.ok.gov/OGCDWellRecords/Search.aspx?searchcommand=%7B%5BOG%20Well%20Records%5D%3A%5BAPI%20Number%5D%3D%223500320267%2A%22%7D,EASON-LAWRENCE,#4,VALJOHN ENERGY CORPORATION,AC,OIL,OIL,36.465789,-98.49949,ALFALFA,17.00,23N,12W,C,NE,SE,SE,IM,2310.0,W,990.0,S
3500320268,https://public.occ.ok.gov/OGCDWellRecords/Search.aspx?searchcommand=%7B%5BOG%20Well%20Records%5D%3A%5BAPI%20Number%5D%3D%223500320268%2A%22%7D,FRANK LAWRENCE,#2,HARBOR RESOURCES LLC,AC,OIL,OIL,36.467572,-98.53092,ALFALFA,18.00,23N,12W,,SE,NW,SW,IM,990.0,W,1650.0,S
3500320269,https://public.occ.ok.gov/OGCDWellRecords/Search.aspx?searchcommand=%7B%5BOG%20Well%20Records%5D%3A%5BAPI%20Number%5D%3D%223500320269%2A%22%7D,GLENN STEWART (R E STEWART 1),#1,EASON OIL COMPANY,PA,OIL,PLUGGED,36.4711985,-98.5174497,ALFALFA,18.00,23N,12W,,SE,SE,NE,IM,2310.0,W,330.0,S
3500320270,https://public.occ.ok.gov/OGCDWellRecords/Search.aspx?searchcommand=%7B%5BOG%20Well%20Records%5D%3A%5BAPI%20Number%5D%3D%223500320270%2A%22%7D,E. STOUT,#1,CAREY GAS COMPANY,PA,NT,PLUGGED,36.6003736,-98.325271,ALFALFA,36.00,25N,11W,C,NE,NE,SW,IM,2310.0,W,2310.0,S
3500320271,https://public.occ.ok.gov/OGCDWellRecords/Search.aspx?searchcommand=%7B%5BOG%20Well%20Records%5D%3A%5BAPI%20Number%5D%3D%223500320271%2A%22%7D,IRWIN,#23-1,CONTINENTAL RESOURCES INC,PA,OIL,PLUGGED,36.5483378,-98.4557031,ALFALFA,23.00,24N,12W,,,CNE,NW,IM,1980.0,W,1980.0,S
3500320272,https://public.occ.ok.gov/OGCDWellRecords/Search.aspx?searchcommand=%7B%5BOG%20Well%20Records%5D%3A%5BAPI%20Number%5D%3D%223500320272%2A%22%7D,STATE,#1-13,PLAINSMEN ENERGY LLC,AC,OIL,OIL,36.473486,-98.323361,ALFALFA,13.00,23N,11W,,,C,NE,IM,1320.0,W,1320.0,S
3500320273,https://public.occ.ok.gov/OGCDWellRecords/Search.aspx?searchcommand=%7B%5BOG%20Well%20Records%5D%3A%5BAPI%20Number%5D%3D%223500320273%2A%22%7D,FRECH,#1,BECK PUMP & SUPPLY INC,PA,GAS,PLUGGED,36.5755838,-98.3771096,ALFALFA,9.00,24N,11W,,,,NE,IM,1320.0,W,1320.0,S
3500320274,https://public.occ.ok.gov/OGCDWellRecords/Search.aspx?searchcommand=%7B%5BOG%20Well%20Records%5D%3A%5BAPI%20Number%5D%3D%223500320274%2A%22%7D,ENGELKEN,#1,OTC/OCC NOT ASSIGNED,PA,GAS,PLUGGED,36.7189389,-98.5336771,ALFALFA,19.00,26N,12W,,,CSE,NW,IM,1980.0,W,660.0,S
3500320275,https://public.occ.ok.gov/OGCDWellRecords/Search.aspx?searchcommand=%7B%5BOG%20Well%20Records%5D%3A%5BAPI%20Number%5D%3D%223500320275%2A%22%7D,BALDWIN,#2,SLOAN PETROLEUM SERVICE INC,PA,GAS,PLUGGED,36.613919,-98.350564,ALFALFA,26.00,25N,11W,SE,SW,NW,SE,IM,470.0,W,1445.0,S
3500320276,https://public.occ.ok.gov/OGCDWellRecords/Search.aspx?searchcommand=%7B%5BOG%20Well%20Records%5D%3A%5BAPI%20Number%5D%3D%223500320276%2A%22%7D,CALLAHAN-COULREC,#1,BECK PUMP & SUPPLY INC,PA,GAS,PLUGGED,36.5855657,-98.3310848,ALFALFA,1.00,24N,11W,,NW,NE,SW,IM,1650.0,W,2310.0,S
3500320277,https://public.occ.ok.gov/OGCDWellRecords/Search.aspx?searchcommand=%7B%5BOG%20Well%20Records%5D%3A%5BAPI%20Number%5D%3D%223500320277%2A%22%7D,HERTZLER-PARKER,#1-22,HENRY GUNGOLL OPERATING INC,PA,OIL,PLUGGED,36.5374413,-98.4691744,ALFALFA,22.00,24N,12W,,,SW,SE,IM,660.0,W,660.0,S
3500320279,https://public.occ.ok.gov/OGCDWellRecords/Search.aspx?searchcommand=%7B%5BOG%20Well%20Records%5D%3A%5BAPI%20Number%5D%3D%223500320279%2A%22%7D,POLLACK,#1,CONTINENTAL RESOURCES INC,PA,OIL,PLUGGED,36.7353306,-98.4818566,ALFALFA,15.00,26N,12W,,,,NW,IM,1320.0,W,1320.0,N
3500320280,https://public.occ.ok.gov/OGCDWellRecords/Search.aspx?searchcommand=%7B%5BOG%20Well%20Records%5D%3A%5BAPI%20Number%5D%3D%223500320280%2A%22%7D,BRINING,#1,CANVAS ENERGY LLC,AC,GAS,GAS,36.764372,-98.44581,ALFALFA,1.00,26N,12W,,,,NW,IM,1320.0,W,1320.0,N
3500320281,https://public.occ.ok.gov/OGCDWellRecords/Search.aspx?searchcommand=%7B%5BOG%20Well%20Records%5D%3A%5BAPI%20Number%5D%3D%223500320281%2A%22%7D,TERREL UNIT,#1,HUX OIL COMPANY LLC,AC,GAS,GAS,36.553747,-98.503336,ALFALFA,17.00,24N,12W,,,C,SE,IM,1320.0,E,1320.0,S
3500320283,https://public.occ.ok.gov/OGCDWellRecords/Search.aspx?searchcommand=%7B%5BOG%20Well%20Records%5D%3A%5BAPI%20Number%5D%3D%223500320283%2A%22%7D,JOHN MCDANIEL,#1,COG PETROLEUM CORPORATION,PA,GAS,PLUGGED,36.643872,-98.3725677,ALFALFA,15.00,25N,11W,,NW,NE,SW,IM,1650.0,W,2310.0,S
3500320284,https://public.occ.ok.gov/OGCDWellRecords/Search.aspx?searchcommand=%7B%5BOG%20Well%20Records%5D%3A%5BAPI%20Number%5D%3D%223500320284%2A%22%7D,BLOYD,#1,HARBOR RESOURCES LLC,AC,OIL,OIL,36.464968,-98.43773,ALFALFA,13.00,23N,12W,,C,SE,SW,IM,1980.0,W,660.0,S
3500320285,https://public.occ.ok.gov/OGCDWellRecords/Search.aspx?searchcommand=%7B%5BOG%20Well%20Records%5D%3A%5BAPI%20Number%5D%3D%223500320285%2A%22%7D,BRITTING,#19-1,GAMBLER OIL LLC (THE),STFD,OIL,STATE_FUNDS_PLUGGING,36.548124,-98.424169,ALFALFA,19.00,24N,11W,,,CNW,NW,IM,660.0,W,1980.0,S
3500320286,https://public.occ.ok.gov/OGCDWellRecords/Search.aspx?searchcommand=%7B%5BOG%20Well%20Records%5D%3A%5BAPI%20Number%5D%3D%223500320286%2A%22%7D,JETT,#815,OTC/OCC NOT ASSIGNED,PA,GAS,PLUGGED,36.677247,-98.1393747,ALFALFA,2.00,25N,09W,,,,NW,IM,1320.0,W,1320.0,N
3500320287,https://public.occ.ok.gov/OGCDWellRecords/Search.aspx?searchcommand=%7B%5BOG%20Well%20Records%5D%3A%5BAPI%20Number%5D%3D%223500320287%2A%22%7D,CASTLE,#1,COMPASS DRILLING INC,PA,GAS,PLUGGED,36.6701121,-98.2294989,ALFALFA,1.00,25N,10W,,,,SW,IM,1320.0,W,1320.0,S
3500320288,https://public.occ.ok.gov/OGCDWellRecords/Search.aspx?searchcommand=%7B%5BOG%20Well%20Records%5D%3A%5BAPI%20Number%5D%3D%223500320288%2A%22%7D,GERTRUDE MYERS,#1,OTC/OCC NOT ASSIGNED,PA,DRY,PLUGGED,36.708998,-98.5145246,ALFALFA,29.00,26N,12W,,NE,NE,NW,IM,2310.0,W,2310.0,S
3500320289,https://public.occ.ok.gov/OGCDWellRecords/Search.aspx?searchcommand=%7B%5BOG%20Well%20Records%5D%3A%5BAPI%20Number%5D%3D%223500320289%2A%22%7D,ST SCHOOL LAND,#2-A,CROSS TIMBERS PRODUCTION CO,PA,OIL,PLUGGED,36.4730654,-98.4837659,ALFALFA,16.00,23N,12W,,NW,SE,NE,IM,1650.0,W,990.0,S
3500320290,https://public.occ.ok.gov/OGCDWellRecords/Search.aspx?searchcommand=%7B%5BOG%20Well%20Records%5D%3A%5BAPI%20Number%5D%3D%223500320290%2A%22%7D,OAKLEY,#1,OTC/OCC NOT ASSIGNED,PA,GAS,PLUGGED,36.590092,-98.2962805,ALFALFA,5.00,24N,10W,,,,NW,IM,1320.0,W,1320.0,N
3500320291,https://public.occ.ok.gov/OGCDWellRecords/Search.aspx?searchcommand=%7B%5BOG%20Well%20Records%5D%3A%5BAPI%20Number%5D%3D%223500320291%2A%22%7D,WILT,#A-1,OTC/OCC NOT ASSIGNED,PA,OIL,PLUGGED,36.5021298,-98.4388553,ALFALFA,1.00,23N,12W,,NW,SE,NW,IM,1650.0,W,990.0,S
3500320292,https://public.occ.ok.gov/OGCDWellRecords/Search.aspx?searchcommand=%7B%5BOG%20Well%20Records%5D%3A%5BAPI%20Number%5D%3D%223500320292%2A%22%7D,GLENN STEWART,#2,EASON OIL COMPANY,PA,OIL,PLUGGED,36.4752771,-98.5219382,ALFALFA,18.00,23N,12W,N2,SE,NW,NE,IM,990.0,W,1800.0,S
3500320293,https://public.occ.ok.gov/OGCDWellRecords/Search.aspx?searchcommand=%7B%5BOG%20Well%20Records%5D%3A%5BAPI%20Number%5D%3D%223500320293%2A%22%7D,BOOZE,#19-1,CONTINENTAL RESOURCES INC,PA,OIL,PLUGGED,36.541119,-98.42427,ALFALFA,19.00,24N,11W,,,CNW,SW,IM,660.0,W,1980.0,S
3500320294,https://public.occ.ok.gov/OGCDWellRecords/Search.aspx?searchcommand=%7B%5BOG%20Well%20Records%5D%3A%5BAPI%20Number%5D%3D%223500320294%2A%22%7D,W B BLEW,#1,CHESAPEAKE OPERATING LLC,PA,GAS,PLUGGED,36.628469,-98.34892,ALFALFA,23.00,25N,11W,,,CNW,SE,IM,660.0,W,1980.0,S
3500320295,https://public.occ.ok.gov/OGCDWellRecords/Search.aspx?searchcommand=%7B%5BOG%20Well%20Records%5D%3A%5BAPI%20Number%5D%3D%223500320295%2A%22%7D,HARTMAN 1-A SWD,#1-A,ASCOT OILS INC,PA,NT,PLUGGED,36.6144095,-98.2773801,ALFALFA,28.00,25N,10W,SE,NW,NW,SE,IM,430.0,W,2210.0,S
3500320296,https://public.occ.ok.gov/OGCDWellRecords/Search.aspx?searchcommand=%7B%5BOG%20Well%20Records%5D%3A%5BAPI%20Number%5D%3D%223500320296%2A%22%7D,LAUGHLIN,#1,OTC/OCC NOT ASSIGNED,PA,DRY,PLUGGED,36.7407893,-98.461582,ALFALFA,11.00,26N,12W,,,CSE,SW,IM,1980.0,W,660.0,S
3500320297,https://public.occ.ok.gov/OGCDWellRecords/Search.aspx?searchcommand=%7B%5BOG%20Well%20Records%5D%3A%5BAPI%20Number%5D%3D%223500320297%2A%22%7D,WILT,#1,TORCH OPERATING COMPANY,PA,OIL,PLUGGED,36.4985037,-98.4433454,ALFALFA,1.00,23N,12W,,NW,NW,SW,IM,330.0,W,2310.0,S
3500320299,https://public.occ.ok.gov/OGCDWellRecords/Search.aspx?searchcommand=%7B%5BOG%20Well%20Records%5D%3A%5BAPI%20Number%5D%3D%223500320299%2A%22%7D,MATHIS,#1,COMBINED RESOURCES CORPORATION,PA,GAS,PLUGGED,36.755271,-98.4706,ALFALFA,3.00,26N,12W,,,CSE,SE,IM,1980.0,W,660.0,S
3500320300,https://public.occ.ok.gov/OGCDWellRecords/Search.aspx?searchcommand=%7B%5BOG%20Well%20Records%5D%3A%5BAPI%20Number%5D%3D%223500320300%2A%22%7D,NELSON,#1,ASCOT OILS INC,PA,GAS,PLUGGED,36.5976319,-98.2655359,ALFALFA,34.00,25N,10W,,,,SW,IM,1320.0,W,1320.0,S
3500320301,https://public.occ.ok.gov/OGCDWellRecords/Search.aspx?searchcommand=%7B%5BOG%20Well%20Records%5D%3A%5BAPI%20Number%5D%3D%223500320301%2A%22%7D,CARSON /A/,#1-19,PANENERGY SERVICES INC,PA,DRY,PLUGGED,36.6320288,-98.2047199,ALFALFA,19.00,25N,09W,,,CSW,NE,IM,660.0,W,660.0,S
3500320302,https://public.occ.ok.gov/OGCDWellRecords/Search.aspx?searchcommand=%7B%5BOG%20Well%20Records%5D%3A%5BAPI%20Number%5D%3D%223500320302%2A%22%7D,PROVOST,#10-A,BVD INC,AC,GAS,GAS,36.749832,-98.48186,ALFALFA,10.00,26N,12W,,,,NW,IM,1320.0,W,1320.0,S
3500320303,https://public.occ.ok.gov/OGCDWellRecords/Search.aspx?searchcommand=%7B%5BOG%20Well%20Records%5D%3A%5BAPI%20Number%5D%3D%223500320303%2A%22%7D,DAISY,#15-1,CONTINENTAL RESOURCES INC,PA,OIL,PLUGGED,36.5519435,-98.4646821,ALFALFA,15.00,24N,12W,,,CSE,SE,IM,1980.0,W,660.0,S
3500320304,https://public.occ.ok.gov/OGCDWellRecords/Search.aspx?searchcommand=%7B%5BOG%20Well%20Records%5D%3A%5BAPI%20Number%5D%3D%223500320304%2A%22%7D,WHITWORTH,#14-1,CONTINENTAL RESOURCES INC,PA,OIL,PLUGGED,36.5555883,-98.4601987,ALFALFA,14.00,24N,12W,,,CNW,SW,IM,660.0,W,1980.0,S
3500320305,https://public.occ.ok.gov/OGCDWellRecords/Search.aspx?searchcommand=%7B%5BOG%20Well%20Records%5D%3A%5BAPI%20Number%5D%3D%223500320305%2A%22%7D,GERTRUDE WALKER,#1,KIRKPATRICK RONALD B,PA,OIL,PLUGGED,36.7453662,-98.4063814,ALFALFA,8.00,26N,11W,,NE,NE,SW,IM,2310.0,W,2310.0,S
3500320306,https://public.occ.ok.gov/OGCDWellRecords/Search.aspx?searchcommand=%7B%5BOG%20Well%20Records%5D%3A%5BAPI%20Number%5D%3D%223500320306%2A%22%7D,HELLMAN,#1,ASCOT OILS INC,PA,GAS,PLUGGED,36.7497543,-98.5359336,ALFALFA,7.00,26N,12W,,,,NW,IM,1320.0,W,1320.0,N
3500320307,https://public.occ.ok.gov/OGCDWellRecords/Search.aspx?searchcommand=%7B%5BOG%20Well%20Records%5D%3A%5BAPI%20Number%5D%3D%223500320307%2A%22%7D,BLOYD,#A-1,HARBOR RESOURCES LLC,AC,OIL,OIL,36.464997,-98.446713,ALFALFA,14.00,23N,12W,,C,SE,SE,IM,1980.0,W,660.0,S
3500320308,https://public.occ.ok.gov/OGCDWellRecords/Search.aspx?searchcommand=%7B%5BOG%20Well%20Records%5D%3A%5BAPI%20Number%5D%3D%223500320308%2A%22%7D,HUGHEY,#1,BECK PUMP & SUPPLY INC,PA,GAS,PLUGGED,36.6339029,-98.2925951,ALFALFA,20.00,25N,10W,,,,NE,IM,1320.0,E,1320.0,N
3500320309,https://public.occ.ok.gov/OGCDWellRecords/Search.aspx?searchcommand=%7B%5BOG%20Well%20Records%5D%3A%5BAPI%20Number%5D%3D%223500320309%2A%22%7D,PELTER,#1,OTC/OCC NOT ASSIGNED,PA,GAS,PLUGGED,36.6175882,-98.2993397,ALFALFA,29.00,25N,10W,,,CSE,NW,IM,1980.0,W,660.0,S
3500320310,https://public.occ.ok.gov/OGCDWellRecords/Search.aspx?searchcommand=%7B%5BOG%20Well%20Records%5D%3A%5BAPI%20Number%5D%3D%223500320310%2A%22%7D,"SOMERS ""A""",#1-8,CONTINENTAL RESOURCES INC,PA,OIL,PLUGGED,36.485729,-98.49949,ALFALFA,8.00,23N,12W,,SE,SE,NE,IM,2310.0,W,330.0,S
3500320311,https://public.occ.ok.gov/OGCDWellRecords/Search.aspx?searchcommand=%7B%5BOG%20Well%20Records%5D%3A%5BAPI%20Number%5D%3D%223500320311%2A%22%7D,MCMURTREY,#1-4,KIRKPATRICK RONALD B,PA,DRY,PLUGGED,36.7552476,-98.4886231,ALFALFA,4.00,26N,12W,,,CSE,SE,IM,1980.0,W,660.0,S
3500320312,https://public.occ.ok.gov/OGCDWellRecords/Search.aspx?searchcommand=%7B%5BOG%20Well%20Records%5D%3A%5BAPI%20Number%5D%3D%223500320312%2A%22%7D,MEYER,#1,NATIONAL OIL COMPANY (THE),PA,DRY,PLUGGED,36.7063277,-98.4818515,ALFALFA,27.00,26N,12W,,,,NW,IM,1320.0,W,1320.0,N
3500320313,https://public.occ.ok.gov/OGCDWellRecords/Search.aspx?searchcommand=%7B%5BOG%20Well%20Records%5D%3A%5BAPI%20Number%5D%3D%223500320313%2A%22%7D,GLEN STEWART UNIT,#3,EASON OIL COMPANY,PA,OIL,PLUGGED,36.4711981,-98.5264267,ALFALFA,18.00,23N,12W,,SE,SE,NW,IM,2310.0,W,330.0,S
3500320314,https://public.occ.ok.gov/OGCDWellRecords/Search.aspx?searchcommand=%7B%5BOG%20Well%20Records%5D%3A%5BAPI%20Number%5D%3D%223500320314%2A%22%7D,FRANKS-MEANS UNIT,#1,BLAIK OIL COMPANY,PA,GAS,PLUGGED,36.6121498,-98.3736873,ALFALFA,27.00,25N,11W,,,,SW,IM,1320.0,W,1320.0,S
3500320315,https://public.occ.ok.gov/OGCDWellRecords/Search.aspx?searchcommand=%7B%5BOG%20Well%20Records%5D%3A%5BAPI%20Number%5D%3D%223500320315%2A%22%7D,DUBBS UNIT,#1,RR OIL WELL OPERATIONS LLC,AC,GAS,GAS,36.604893,-98.38272,ALFALFA,33.00,25N,11W,,,,NE,IM,1320.0,E,1320.0,N
3500320316,https://public.occ.ok.gov/OGCDWellRecords/Search.aspx?searchcommand=%7B%5BOG%20Well%20Records%5D%3A%5BAPI%20Number%5D%3D%223500320316%2A%22%7D,ALDRICH,#1,OTC/OCC NOT ASSIGNED,PA,DRY,PLUGGED,36.6622926,-98.535356,ALFALFA,7.00,25N,12W,NW,NW,SE,NW,IM,1620.0,W,1220.0,S
3500320317,https://public.occ.ok.gov/OGCDWellRecords/Search.aspx?searchcommand=%7B%5BOG%20Well%20Records%5D%3A%5BAPI%20Number%5D%3D%223500320317%2A%22%7D,MILDRED,#28-2,CONTINENTAL RESOURCES INC,PA,OIL,PLUGGED,36.5265409,-98.496121,ALFALFA,28.00,24N,12W,,,CNW,SW,IM,660.0,W,1980.0,S
3500320318,https://public.occ.ok.gov/OGCDWellRecords/Search.aspx?searchcommand=%7B%5BOG%20Well%20Records%5D%3A%5BAPI%20Number%5D%3D%223500320318%2A%22%7D,MILDRED,#28-1,CONTINENTAL RESOURCES INC,PA,OIL,PLUGGED,36.5229163,-98.4826454,ALFALFA,28.00,24N,12W,,,CSE,SE,IM,1980.0,W,660.0,S
3500320319,https://public.occ.ok.gov/OGCDWellRecords/Search.aspx?searchcommand=%7B%5BOG%20Well%20Records%5D%3A%5BAPI%20Number%5D%3D%223500320319%2A%22%7D,STATE,#13-1,MATOR LLC,AC,OIL,OIL,36.561999,-98.33333,ALFALFA,13.00,24N,11W,C,SE,NW,NW,IM,990.0,W,1650.0,S
3500320320,https://public.occ.ok.gov/OGCDWellRecords/Search.aspx?searchcommand=%7B%5BOG%20Well%20Records%5D%3A%5BAPI%20Number%5D%3D%223500320320%2A%22%7D,BULLER (BRUCE O. MEYERS),#1,SUPERIOR PRODUCTION LLC,AC,OIL,OIL,36.523031,-98.200608,ALFALFA,30.00,24N,09W,,,SW,SE,IM,660.0,W,660.0,S
3500320321,https://public.occ.ok.gov/OGCDWellRecords/Search.aspx?searchcommand=%7B%5BOG%20Well%20Records%5D%3A%5BAPI%20Number%5D%3D%223500320321%2A%22%7D,STONE,#1,ASCOT OILS INC,PA,GAS,PLUGGED,36.59,-98.30638888888889,ALFALFA,6.00,24N,10W,,,,NE,IM,1320.0,E,1320.0,N
3500320322,https://public.occ.ok.gov/OGCDWellRecords/Search.aspx?searchcommand=%7B%5BOG%20Well%20Records%5D%3A%5BAPI%20Number%5D%3D%223500320322%2A%22%7D,HADWIGER,#1,KIRKPATRICK RONALD B,PA,OIL,PLUGGED,36.7625866,-98.4075097,ALFALFA,5.00,26N,11W,,,CSE,NW,IM,1980.0,W,660.0,S
3500320323,https://public.occ.ok.gov/OGCDWellRecords/Search.aspx?searchcommand=%7B%5BOG%20Well%20Records%5D%3A%5BAPI%20Number%5D%3D%223500320323%2A%22%7D,GANO-SARA /B/,#1,DALLAS OIL & GAS INC,PA,OIL,PLUGGED,36.5085021,-98.2491123,ALFALFA,34.00,24N,10W,,,CSE,SE,IM,1980.0,W,660.0,S
3500320324,https://public.occ.ok.gov/OGCDWellRecords/Search.aspx?searchcommand=%7B%5BOG%20Well%20Records%5D%3A%5BAPI%20Number%5D%3D%223500320324%2A%22%7D,CLAIR E SPRAQUE,#2,SWN PRODUCTION LLC,PA,OIL,PLUGGED,36.5193664,-98.4152797,ALFALFA,31.00,24N,11W,,,CNW,NE,IM,3300.0,W,4620.0,S
3500320325,https://public.occ.ok.gov/OGCDWellRecords/Search.aspx?searchcommand=%7B%5BOG%20Well%20Records%5D%3A%5BAPI%20Number%5D%3D%223500320325%2A%22%7D,C.E.BROWN,#2,BECK PUMP & SUPPLY INC,PA,NT,PLUGGED,36.4821025,-98.5129538,ALFALFA,8.00,23N,12W,,SE,NW,SW,IM,990.0,W,1650.0,S
3500320327,https://public.occ.ok.gov/OGCDWellRecords/Search.aspx?searchcommand=%7B%5BOG%20Well%20Records%5D%3A%5BAPI%20Number%5D%3D%223500320327%2A%22%7D,WEBB,#9-B,BVD INC,AC,GAS,GAS,36.741199,-98.49876,ALFALFA,9.00,26N,12W,S2,NW,SE,SW,IM,1550.0,W,990.0,S
3500320328,https://public.occ.ok.gov/OGCDWellRecords/Search.aspx?searchcommand=%7B%5BOG%20Well%20Records%5D%3A%5BAPI%20Number%5D%3D%223500320328%2A%22%7D,WEIGAND,#1,COG PETROLEUM CORPORATION,PA,GAS,PLUGGED,36.6556543,-98.3736949,ALFALFA,10.00,25N,11W,,,,SW,IM,1980.0,W,1320.0,S
3500320329,https://public.occ.ok.gov/OGCDWellRecords/Search.aspx?searchcommand=%7B%5BOG%20Well%20Records%5D%3A%5BAPI%20Number%5D%3D%223500320329%2A%22%7D,METCALF,#1,PANENERGY SERVICES INC,PA,NT,PLUGGED,36.6121334,-98.2655384,ALFALFA,27.00,25N,10W,,,,SW,IM,1320.0,W,1320.0,S
3500320330,https://public.occ.ok.gov/OGCDWellRecords/Search.aspx?searchcommand=%7B%5BOG%20Well%20Records%5D%3A%5BAPI%20Number%5D%3D%223500320330%2A%22%7D,SCHALLNER /A/,#1-22,CHESAPEAKE OPERATING LLC,PA,GAS,PLUGGED,36.626652,-98.36469,ALFALFA,22.00,25N,11W,,,,SE,IM,1320.0,W,1320.0,S
3500320331,https://public.occ.ok.gov/OGCDWellRecords/Search.aspx?searchcommand=%7B%5BOG%20Well%20Records%5D%3A%5BAPI%20Number%5D%3D%223500320331%2A%22%7D,MCCRADY,#1,COG PETROLEUM CORPORATION,PA,GAS,PLUGGED,36.6411248,-98.4187697,ALFALFA,18.00,25N,11W,,,,SE,IM,1320.0,W,1320.0,S
3500320332,https://public.occ.ok.gov/OGCDWellRecords/Search.aspx?searchcommand=%7B%5BOG%20Well%20Records%5D%3A%5BAPI%20Number%5D%3D%223500320332%2A%22%7D,LAMBERT,#1,WHEATLAND OIL COMPANY,PA,DRY,PLUGGED,36.6772477,-98.1303742,ALFALFA,2.00,25N,09W,,,,NE,IM,1420.0,W,1320.0,S
3500320333,https://public.occ.ok.gov/OGCDWellRecords/Search.aspx?searchcommand=%7B%5BOG%20Well%20Records%5D%3A%5BAPI%20Number%5D%3D%223500320333%2A%22%7D,ZIMMERMAN,#1,PHILLIPS OIL OPERATING CO,PA,OIL,PLUGGED,36.50126,-98.3838406,ALFALFA,4.00,23N,11W,,,CSE,NW,IM,1980.0,W,660.0,S
3500320334,https://public.occ.ok.gov/OGCDWellRecords/Search.aspx?searchcommand=%7B%5BOG%20Well%20Records%5D%3A%5BAPI%20Number%5D%3D%223500320334%2A%22%7D,MCBROOM,#1,ASCOT OILS INC,PA,STFD,PLUGGED,36.737164,-98.45708,ALFALFA,14.00,26N,12W,,,NW,NE,IM,660.0,W,1980.0,S
3500320335,https://public.occ.ok.gov/OGCDWellRecords/Search.aspx?searchcommand=%7B%5BOG%20Well%20Records%5D%3A%5BAPI%20Number%5D%3D%223500320335%2A%22%7D,CUSHENBERRY,#18A,OTC/OCC NOT ASSIGNED,PA,DRY,PLUGGED,36.7280027,-98.5269237,ALFALFA,18.00,26N,12W,,,,SE,IM,1320.0,W,1320.0,S
3500320336,https://public.occ.ok.gov/OGCDWellRecords/Search.aspx?searchcommand=%7B%5BOG%20Well%20Records%5D%3A%5BAPI%20Number%5D%3D%223500320336%2A%22%7D,WEB GLIDWELL,#1,DALLAS OIL & GAS INC,PA,OIL,PLUGGED,36.5012505,-98.2580922,ALFALFA,3.00,23N,10W,,,SE,NW,IM,1980.0,W,660.0,S
3500320337,https://public.occ.ok.gov/OGCDWellRecords/Search.aspx?searchcommand=%7B%5BOG%20Well%20Records%5D%3A%5BAPI%20Number%5D%3D%223500320337%2A%22%7D,FAIRBANKS,#1,DIVERSIFIED PRODUCTION LLC,PA,GAS,PLUGGED,36.548284,-98.486981,ALFALFA,21.00,24N,12W,,C,NW,NE,IM,660.0,W,1980.0,S
3500320338,https://public.occ.ok.gov/OGCDWellRecords/Search.aspx?searchcommand=%7B%5BOG%20Well%20Records%5D%3A%5BAPI%20Number%5D%3D%223500320338%2A%22%7D,G PORTER,#1,BOBWHITE PRODUCTION CO INC,PA,OIL,PLUGGED,36.5229383,-98.1907321,ALFALFA,29.00,24N,09W,,,SW,SW,IM,660.0,W,660.0,S
3500320339,https://public.occ.ok.gov/OGCDWellRecords/Search.aspx?searchcommand=%7B%5BOG%20Well%20Records%5D%3A%5BAPI%20Number%5D%3D%223500320339%2A%22%7D,WELCH,#1,CLASSEN OIL & GAS CO,PA,OIL,PLUGGED,36.5755939,-98.314242,ALFALFA,7.00,24N,10W,,,,NW,IM,1320.0,W,1320.0,S
3500320340,https://public.occ.ok.gov/OGCDWellRecords/Search.aspx?searchcommand=%7B%5BOG%20Well%20Records%5D%3A%5BAPI%20Number%5D%3D%223500320340%2A%22%7D,WHITE,#13-1,SCOGGINS PRODUCTION LLC,AC,OIL,OIL,36.472219,-98.43773,ALFALFA,13.00,23N,12W,,C,SE,NW,IM,1980.0,W,660.0,S
3500320341,https://public.occ.ok.gov/OGCDWellRecords/Search.aspx?searchcommand=%7B%5BOG%20Well%20Records%5D%3A%5BAPI%20Number%5D%3D%223500320341%2A%22%7D,"NILES ""A""",#1-13,BCE-MACH LLC,AC,GAS,GAS,36.642972,-98.33089,ALFALFA,13.00,25N,11W,,C,NW,SE,IM,660.0,W,1980.0,S
3500320342,https://public.occ.ok.gov/OGCDWellRecords/Search.aspx?searchcommand=%7B%5BOG%20Well%20Records%5D%3A%5BAPI%20Number%5D%3D%223500320342%2A%22%7D,LOTTIE,#10-1,CONTINENTAL RESOURCES INC,PA,OIL,PLUGGED,36.5664456,-98.4646826,ALFALFA,10.00,24N,12W,,,CSE,SE,IM,1980.0,W,660.0,S
3500320343,https://public.occ.ok.gov/OGCDWellRecords/Search.aspx?searchcommand=%7B%5BOG%20Well%20Records%5D%3A%5BAPI%20Number%5D%3D%223500320343%2A%22%7D,STEWART /14/,#1,CONTINENTAL RESOURCES INC,PA,OIL,PLUGGED,36.5592148,-98.4467181,ALFALFA,14.00,24N,12W,,,CSE,NE,IM,1980.0,W,660.0,S
3500320344,https://public.occ.ok.gov/OGCDWellRecords/Search.aspx?searchcommand=%7B%5BOG%20Well%20Records%5D%3A%5BAPI%20Number%5D%3D%223500320344%2A%22%7D,DORIS,#15-1,CONTINENTAL RESOURCES INC,PA,OIL,PLUGGED,36.5591945,-98.4646822,ALFALFA,15.00,24N,12W,,,CSE,NE,IM,1980.0,W,660.0,S
3500320345,https://public.occ.ok.gov/OGCDWellRecords/Search.aspx?searchcommand=%7B%5BOG%20Well%20Records%5D%3A%5BAPI%20Number%5D%3D%223500320345%2A%22%7D,STEPHENSON,#1,EDINGER ENGINEERING INC,PA,GAS,PLUGGED,36.473011,-98.1289733,ALFALFA,14.00,23N,09W,,NW,SW,NE,IM,330.0,W,990.0,S
3500320346,https://public.occ.ok.gov/OGCDWellRecords/Search.aspx?searchcommand=%7B%5BOG%20Well%20Records%5D%3A%5BAPI%20Number%5D%3D%223500320346%2A%22%7D,IVA L WOODS,#2,ANADARKO E & P ONSHORE LLC,PA,OIL,PLUGGED,36.5266383,-98.3883367,ALFALFA,28.00,24N,11W,,,CNW,SW,IM,660.0,W,1980.0,S
3500320347,https://public.occ.ok.gov/OGCDWellRecords/Search.aspx?searchcommand=%7B%5BOG%20Well%20Records%5D%3A%5BAPI%20Number%5D%3D%223500320347%2A%22%7D,WEST,#1,OTC/OCC NOT ASSIGNED,PA,GAS,PLUGGED,36.6826852,-98.1371267,ALFALFA,35.00,26N,09W,,,CSE,SW,IM,1980.0,W,660.0,S
3500320348,https://public.occ.ok.gov/OGCDWellRecords/Search.aspx?searchcommand=%7B%5BOG%20Well%20Records%5D%3A%5BAPI%20Number%5D%3D%223500320348%2A%22%7D,ONEILL-BARROWS UNIT,#1,OTC/OCC NOT ASSIGNED,PA,DRY,PLUGGED,36.5301412,-98.5095931,ALFALFA,29.00,24N,12W,,,CSE,NW,IM,0.0, ,0.0, 
3500320349,https://public.occ.ok.gov/OGCDWellRecords/Search.aspx?searchcommand=%7B%5BOG%20Well%20Records%5D%3A%5BAPI%20Number%5D%3D%223500320349%2A%22%7D,WALKER,#1,CONTINENTAL RESOURCES INC,PA,TM,PLUGGED,36.5338808,-98.2491127,ALFALFA,27.00,24N,10W,,,CNE,NE,IM,1980.0,W,1980.0,S
3500320350,https://public.occ.ok.gov/OGCDWellRecords/Search.aspx?searchcommand=%7B%5BOG%20Well%20Records%5D%3A%5BAPI%20Number%5D%3D%223500320350%2A%22%7D,STURGEON,#1,BELMONT OIL COMPANY,PA,DRY,PLUGGED,36.5302648,-98.2670767,ALFALFA,28.00,24N,10W,,,CSE,NE,IM,1980.0,W,660.0,S
3500320351,https://public.occ.ok.gov/OGCDWellRecords/Search.aspx?searchcommand=%7B%5BOG%20Well%20Records%5D%3A%5BAPI%20Number%5D%3D%223500320351%2A%22%7D,OARE A,#1-4,DIVERSIFIED PRODUCTION LLC,AC,GAS,GAS,36.675571,-98.277833,ALFALFA,4.00,25N,10W,,C,SW,NE,IM,660.0,W,660.0,S
3500320352,https://public.occ.ok.gov/OGCDWellRecords/Search.aspx?searchcommand=%7B%5BOG%20Well%20Records%5D%3A%5BAPI%20Number%5D%3D%223500320352%2A%22%7D,BASSETT /A/,#1-7,CHESAPEAKE OPERATING LLC,PA,NT,PLUGGED,36.657471,-98.31737,ALFALFA,7.00,25N,10W,,,NE,SW,IM,1980.0,W,1980.0,S
3500320353,https://public.occ.ok.gov/OGCDWellRecords/Search.aspx?searchcommand=%7B%5BOG%20Well%20Records%5D%3A%5BAPI%20Number%5D%3D%223500320353%2A%22%7D,NEFF /A/,#1-24,CHESAPEAKE OPERATING LLC,PA,GAS,PLUGGED,36.633908,-98.33764,ALFALFA,24.00,25N,11W,,,,NW,IM,1320.0,W,1320.0,S
3500320354,https://public.occ.ok.gov/OGCDWellRecords/Search.aspx?searchcommand=%7B%5BOG%20Well%20Records%5D%3A%5BAPI%20Number%5D%3D%223500320354%2A%22%7D,KIESEL,#1,HENNESSEY OIL & GAS LLC,PA,GAS,PLUGGED,36.533853,-98.22666,ALFALFA,25.00,24N,10W,,,NW,NW,IM,660.0,W,2080.0,S
3500320355,https://public.occ.ok.gov/OGCDWellRecords/Search.aspx?searchcommand=%7B%5BOG%20Well%20Records%5D%3A%5BAPI%20Number%5D%3D%223500320355%2A%22%7D,MARTIN,#2,PHILLIPS OIL OPERATING CO,PA,OIL,PLUGGED,36.5157621,-98.3838427,ALFALFA,33.00,24N,11W,,,CSE,NW,IM,1980.0,W,660.0,S
3500320356,https://public.occ.ok.gov/OGCDWellRecords/Search.aspx?searchcommand=%7B%5BOG%20Well%20Records%5D%3A%5BAPI%20Number%5D%3D%223500320356%2A%22%7D,MEANS UNIT,#1,WESSELY ENERGY COMPANY,PA,DRY,PLUGGED,36.5755472,-98.4310016,ALFALFA,12.00,24N,12W,,,,NE,IM,1320.0,W,1320.0,S
3500320357,https://public.occ.ok.gov/OGCDWellRecords/Search.aspx?searchcommand=%7B%5BOG%20Well%20Records%5D%3A%5BAPI%20Number%5D%3D%223500320357%2A%22%7D,BRINING,#1-31,CHESAPEAKE OPERATING LLC,PA,GAS,PLUGGED,36.77345,-98.42554,ALFALFA,31.00,27N,11W,,,NE,SW,IM,1883.0,W,1980.0,S
3500320358,https://public.occ.ok.gov/OGCDWellRecords/Search.aspx?searchcommand=%7B%5BOG%20Well%20Records%5D%3A%5BAPI%20Number%5D%3D%223500320358%2A%22%7D,HERTZLER,#1,D & D PIPE & EQUIPMENT INC,PA,OIL,PLUGGED,36.4722022,-98.4467156,ALFALFA,14.00,23N,12W,,,CSE,NE,IM,1980.0,W,660.0,S
3500320359,https://public.occ.ok.gov/OGCDWellRecords/Search.aspx?searchcommand=%7B%5BOG%20Well%20Records%5D%3A%5BAPI%20Number%5D%3D%223500320359%2A%22%7D,DAWSON,#17-A,BVD INC,AC,GAS,GAS,36.735282,-98.5089,ALFALFA,17.00,26N,12W,,,,NE,IM,,,,
3500320360,https://public.occ.ok.gov/OGCDWellRecords/Search.aspx?searchcommand=%7B%5BOG%20Well%20Records%5D%3A%5BAPI%20Number%5D%3D%223500320360%2A%22%7D,GING,#34-1,CONTINENTAL RESOURCES INC,PA,OIL,PLUGGED,36.5093436,-98.4635582,ALFALFA,34.00,24N,12W,,NE,SE,SE,IM,2310.0,W,990.0,S
3500320361,https://public.occ.ok.gov/OGCDWellRecords/Search.aspx?searchcommand=%7B%5BOG%20Well%20Records%5D%3A%5BAPI%20Number%5D%3D%223500320361%2A%22%7D,CITIES SERV FOSTER,#1,T B K ENERGY COMPANY,AC,GAS,GAS,36.832092,-98.479219,ALFALFA,10.00,27N,12W,,,CNE,SW,IM,1980.0,W,1980.0,S
3500320362,https://public.occ.ok.gov/OGCDWellRecords/Search.aspx?searchcommand=%7B%5BOG%20Well%20Records%5D%3A%5BAPI%20Number%5D%3D%223500320362%2A%22%7D,LOOKABAUGH /A/,#1-8,CHESAPEAKE OPERATING LLC,PA,NT,PLUGGED,36.661093,-98.29935,ALFALFA,8.00,25N,10W,,,SE,NW,IM,1980.0,W,660.0,S
3500320363,https://public.occ.ok.gov/OGCDWellRecords/Search.aspx?searchcommand=%7B%5BOG%20Well%20Records%5D%3A%5BAPI%20Number%5D%3D%223500320363%2A%22%7D,NEWLIN A,#1-12,DIVERSIFIED PRODUCTION LLC,AC,GAS,GAS,36.657473,-98.3309,ALFALFA,12.00,25N,11W,,C,NW,SE,IM,660.0,W,1980.0,S
3500320364,https://public.occ.ok.gov/OGCDWellRecords/Search.aspx?searchcommand=%7B%5BOG%20Well%20Records%5D%3A%5BAPI%20Number%5D%3D%223500320364%2A%22%7D,EARL,#29-1,HARBOR RESOURCES LLC,AC,OIL,OIL,36.526516,-98.5051,ALFALFA,29.00,24N,12W,,,CNW,SE,IM,660.0,W,1980.0,S
3500320365,https://public.occ.ok.gov/OGCDWellRecords/Search.aspx?searchcommand=%7B%5BOG%20Well%20Records%5D%3A%5BAPI%20Number%5D%3D%223500320365%2A%22%7D,BERNARD,#24-1,BLUEBONNET OIL CORPORATION,PA,OIL,PLUGGED,36.5374793,-98.4287536,ALFALFA,24.00,24N,12W,,,CSE,SE,IM,1980.0,W,660.0,S
3500320366,https://public.occ.ok.gov/OGCDWellRecords/Search.aspx?searchcommand=%7B%5BOG%20Well%20Records%5D%3A%5BAPI%20Number%5D%3D%223500320366%2A%22%7D,VIOLA /24/,#1,CONTINENTAL RESOURCES INC,PA,NT,PLUGGED,36.5411038,-98.4422317,ALFALFA,24.00,24N,12W,,,CNW,SW,IM,660.0,W,1980.0,S
3500320367,https://public.occ.ok.gov/OGCDWellRecords/Search.aspx?searchcommand=%7B%5BOG%20Well%20Records%5D%3A%5BAPI%20Number%5D%3D%223500320367%2A%22%7D,MCCOLLUM,#A-1,ASHLOCK RESOURCES LLC,AC,OIL,OIL,36.496743,-98.201847,ALFALFA,6.00,23N,09W,C,SW,NW,SE,IM,330.0,W,1650.0,S
3500320369,https://public.occ.ok.gov/OGCDWellRecords/Search.aspx?searchcommand=%7B%5BOG%20Well%20Records%5D%3A%5BAPI%20Number%5D%3D%223500320369%2A%22%7D,KOEHN,#1,BLAIR OIL COMPANY,PA,GAS,PLUGGED,36.4830953,-98.2266514,ALFALFA,12.00,23N,10W,,,CNW,SW,IM,660.0,W,1980.0,S
3500320371,https://public.occ.ok.gov/OGCDWellRecords/Search.aspx?searchcommand=%7B%5BOG%20Well%20Records%5D%3A%5BAPI%20Number%5D%3D%223500320371%2A%22%7D,CUSHENBERRY,#18-B,BVD INC,PA,GAS,PLUGGED,36.7270964,-98.5257978,ALFALFA,18.00,26N,12W,,CNW,SE,SE,IM,1650.0,W,990.0,S
3500320379,https://public.occ.ok.gov/OGCDWellRecords/Search.aspx?searchcommand=%7B%5BOG%20Well%20Records%5D%3A%5BAPI%20Number%5D%3D%223500320379%2A%22%7D,OSHEA-SPEAKER UNIT,#1,MT ENERGY LLC,AC,GAS,GAS,36.568175,-98.503233,ALFALFA,8.00,24N,12W,,,,SE,IM,1320.0,W,1320.0,S
3500320380,https://public.occ.ok.gov/OGCDWellRecords/Search.aspx?searchcommand=%7B%5BOG%20Well%20Records%5D%3A%5BAPI%20Number%5D%3D%223500320380%2A%22%7D,STERBA UNIT,#1,PETROLEUM WASTE RECOVERY INC,PA,DRY,PLUGGED,36.6319847,-98.4976147,ALFALFA,21.00,25N,12W,,,CSE,NW,IM,1980.0,W,660.0,S
3500320381,https://public.occ.ok.gov/OGCDWellRecords/Search.aspx?searchcommand=%7B%5BOG%20Well%20Records%5D%3A%5BAPI%20Number%5D%3D%223500320381%2A%22%7D,THINE,#1,OTC/OCC NOT ASSIGNED,PA,DRY,PLUGGED,36.9002363,-98.5066521,ALFALFA,17.00,28N,12W,,,CSE,SE,IM,1980.0,W,660.0,S
3500320382,https://public.occ.ok.gov/OGCDWellRecords/Search.aspx?searchcommand=%7B%5BOG%20Well%20Records%5D%3A%5BAPI%20Number%5D%3D%223500320382%2A%22%7D,PRUETT /13/,#1,OTC/OCC NOT ASSIGNED,PA,OIL,PLUGGED,36.562857,-98.4422347,ALFALFA,13.00,24N,12W,,,CNW,NW,IM,660.0,W,1980.0,S
3500320383,https://public.occ.ok.gov/OGCDWellRecords/Search.aspx?searchcommand=%7B%5BOG%20Well%20Records%5D%3A%5BAPI%20Number%5D%3D%223500320383%2A%22%7D,ENGELKEN,#2,CHACO ENERGY COMPANY,AC,GAS,GAS,36.720751,-98.53593,ALFALFA,19.00,26N,12W,,,,NW,IM,1320.0,W,1320.0,S
3500320384,https://public.occ.ok.gov/OGCDWellRecords/Search.aspx?searchcommand=%7B%5BOG%20Well%20Records%5D%3A%5BAPI%20Number%5D%3D%223500320384%2A%22%7D,MACPOWELL,#1,OTC/OCC NOT ASSIGNED,PA,DRY,PLUGGED,36.7045156,-98.4750986,ALFALFA,27.00,26N,12W,,,CSW,NE,IM,660.0,W,660.0,S
3500320385,https://public.occ.ok.gov/OGCDWellRecords/Search.aspx?searchcommand=%7B%5BOG%20Well%20Records%5D%3A%5BAPI%20Number%5D%3D%223500320385%2A%22%7D,JENLINK,#1,KAISER-FRANCIS OIL COMPANY,PA,NT,PLUGGED,36.6339063,-98.3196154,ALFALFA,19.00,25N,10W,,,,CNW,IM,1320.0,W,1320.0,N
3500320386,https://public.occ.ok.gov/OGCDWellRecords/Search.aspx?searchcommand=%7B%5BOG%20Well%20Records%5D%3A%5BAPI%20Number%5D%3D%223500320386%2A%22%7D,NORMA /13/,#1,CONTINENTAL RESOURCES INC,PA,NT,PLUGGED,36.472268,-98.3299442,ALFALFA,13.00,23N,11W,,,CSE,NW,IM,1980.0,W,660.0,S
3500320387,https://public.occ.ok.gov/OGCDWellRecords/Search.aspx?searchcommand=%7B%5BOG%20Well%20Records%5D%3A%5BAPI%20Number%5D%3D%223500320387%2A%22%7D,HERBERT W WRIGHT,#1,OTC/OCC NOT ASSIGNED,PA,DRY,PLUGGED,36.5265414,-98.1682761,ALFALFA,28.00,24N,09W,,,CNE,SW,IM,1980.0,W,1980.0,S
3500320388,https://public.occ.ok.gov/OGCDWellRecords/Search.aspx?searchcommand=%7B%5BOG%20Well%20Records%5D%3A%5BAPI%20Number%5D%3D%223500320388%2A%22%7D,WEBSTER,#16-A,BVD INC,AC,GAS,GAS,36.73832,-98.503319,ALFALFA,16.00,26N,12W,,,NW,NW,IM,330.0,W,1980.0,S
3500320389,https://public.occ.ok.gov/OGCDWellRecords/Search.aspx?searchcommand=%7B%5BOG%20Well%20Records%5D%3A%5BAPI%20Number%5D%3D%223500320389%2A%22%7D,DAWSON,#17-B,BCE-MACH LLC,PA,GAS,PLUGGED,36.728031,-98.51791,ALFALFA,17.00,26N,12W,,,C,SW,IM,,,,
3500320390,https://public.occ.ok.gov/OGCDWellRecords/Search.aspx?searchcommand=%7B%5BOG%20Well%20Records%5D%3A%5BAPI%20Number%5D%3D%223500320390%2A%22%7D,FRISDEN,#1,D & J OIL COMPANY INC,PA,OIL,PLUGGED,36.8540619,-98.4739837,ALFALFA,3.00,27N,12W,,NE,NW,NE,IM,990.0,W,2310.0,S
3500320391,https://public.occ.ok.gov/OGCDWellRecords/Search.aspx?searchcommand=%7B%5BOG%20Well%20Records%5D%3A%5BAPI%20Number%5D%3D%223500320391%2A%22%7D,JOHNSON-KOONS,#1,GOOD VAUGHN,PA,GAS,PLUGGED,36.5029982,-98.1884811,ALFALFA,5.00,23N,09W,,,,NW,IM,1320.0,W,1320.0,S
3500320392,https://public.occ.ok.gov/OGCDWellRecords/Search.aspx?searchcommand=%7B%5BOG%20Well%20Records%5D%3A%5BAPI%20Number%5D%3D%223500320392%2A%22%7D,CRONIN,#1,OTC/OCC NOT ASSIGNED,PA,DRY,PLUGGED,36.4640768,-98.2390019,ALFALFA,14.00,23N,10W,,SE,SE,SW,IM,2310.0,W,330.0,S
3500320393,https://public.occ.ok.gov/OGCDWellRecords/Search.aspx?searchcommand=%7B%5BOG%20Well%20Records%5D%3A%5BAPI%20Number%5D%3D%223500320393%2A%22%7D,LAMBERT,#1-A,WHEATLAND OIL COMPANY,PA,DRY,PLUGGED,36.6790604,-98.1326243,ALFALFA,2.00,25N,09W,,,NW,NE,IM,660.0,W,1980.0,S
3500320394,https://public.occ.ok.gov/OGCDWellRecords/Search.aspx?searchcommand=%7B%5BOG%20Well%20Records%5D%3A%5BAPI%20Number%5D%3D%223500320394%2A%22%7D,CHERIE /14/,#1,OTC/OCC NOT ASSIGNED,PA,OIL,PLUGGED,36.5555892,-98.4512117,ALFALFA,14.00,24N,12W,,,CNW,SE,IM,660.0,W,1980.0,S
3500320395,https://public.occ.ok.gov/OGCDWellRecords/Search.aspx?searchcommand=%7B%5BOG%20Well%20Records%5D%3A%5BAPI%20Number%5D%3D%223500320395%2A%22%7D,WILSON,#1,OTC/OCC NOT ASSIGNED,PA,OIL,PLUGGED,36.8686454,-98.3613244,ALFALFA,34.00,28N,11W,,NE,NE,NE,IM,2310.0,W,2310.0,S
3500320396,https://public.occ.ok.gov/OGCDWellRecords/Search.aspx?searchcommand=%7B%5BOG%20Well%20Records%5D%3A%5BAPI%20Number%5D%3D%223500320396%2A%22%7D,ALMA MITCHELL,#1-16,DIVERSIFIED PRODUCTION LLC,AC,GAS,GAS,36.555546,-98.48714,ALFALFA,16.00,24N,12W,,C,NW,SE,IM,2310.0,W,2310.0,S
3500320397,https://public.occ.ok.gov/OGCDWellRecords/Search.aspx?searchcommand=%7B%5BOG%20Well%20Records%5D%3A%5BAPI%20Number%5D%3D%223500320397%2A%22%7D,"JENLINK  ""A""",#1-9,M3V ENERGY LLC,AC,GAS,GAS,36.654898,-98.275377,ALFALFA,9.00,25N,10W,,,C,SE,IM,1320.0,W,1320.0,S
3500320398,https://public.occ.ok.gov/OGCDWellRecords/Search.aspx?searchcommand=%7B%5BOG%20Well%20Records%5D%3A%5BAPI%20Number%5D%3D%223500320398%2A%22%7D,LAMLE-DAVIDSON,#2-31,BLUEBONNET OIL LLC,PA,OIL,PLUGGED,36.519366,-98.42426,ALFALFA,31.00,24N,11W,,,CNW,NW,IM,660.0,W,1980.0,S
3500320399,https://public.occ.ok.gov/OGCDWellRecords/Search.aspx?searchcommand=%7B%5BOG%20Well%20Records%5D%3A%5BAPI%20Number%5D%3D%223500320399%2A%22%7D,CORDELL 13,#1,OTC/OCC NOT ASSIGNED,PA,OIL,PLUGGED,36.5556059,-98.4422346,ALFALFA,13.00,24N,12W,,,CNW,SW,IM,660.0,W,1980.0,S
3500320400,https://public.occ.ok.gov/OGCDWellRecords/Search.aspx?searchcommand=%7B%5BOG%20Well%20Records%5D%3A%5BAPI%20Number%5D%3D%223500320400%2A%22%7D,MCCRADY /A/,#1-18,BCE-MACH LLC,PA,GAS,PLUGGED,36.648277,-98.310802,ALFALFA,18.00,25N,10W,,,C,NE,IM,1320.0,E,1320.0,N
3500320401,https://public.occ.ok.gov/OGCDWellRecords/Search.aspx?searchcommand=%7B%5BOG%20Well%20Records%5D%3A%5BAPI%20Number%5D%3D%223500320401%2A%22%7D,COONTZ,#1-28,WHITSON OIL COMPANY INC,PA,GAS,PLUGGED,36.6996056,-98.2773883,ALFALFA,28.00,26N,10W,SE,SW,NW,SE,IM,515.0,W,1550.0,S
3500320402,https://public.occ.ok.gov/OGCDWellRecords/Search.aspx?searchcommand=%7B%5BOG%20Well%20Records%5D%3A%5BAPI%20Number%5D%3D%223500320402%2A%22%7D,NE CHEROKEE UNIT,#77,OTC/OCC NOT ASSIGNED,PA,DRY,PLUGGED,36.7920635,-98.3128828,ALFALFA,30.00,27N,10W,S2,N2,SW,NE,IM,660.0,W,760.0,S
3500320403,https://public.occ.ok.gov/OGCDWellRecords/Search.aspx?searchcommand=%7B%5BOG%20Well%20Records%5D%3A%5BAPI%20Number%5D%3D%223500320403%2A%22%7D,NE CHEROKEE UNIT,#78,CONOCOPHILLIPS CO,PA,OIL,PLUGGED,36.7920637,-98.3444253,ALFALFA,26.00,27N,11W,S2,N2,SE,NE,IM,1980.0,W,760.0,S
3500320404,https://public.occ.ok.gov/OGCDWellRecords/Search.aspx?searchcommand=%7B%5BOG%20Well%20Records%5D%3A%5BAPI%20Number%5D%3D%223500320404%2A%22%7D,SMITH,#1,M3V ENERGY LLC,AC,GAS,GAS,36.541889,-98.524212,ALFALFA,19.00,24N,12W,,C,NW,SE,IM,660.0,W,1980.0,S
3500320405,https://public.occ.ok.gov/OGCDWellRecords/Search.aspx?searchcommand=%7B%5BOG%20Well%20Records%5D%3A%5BAPI%20Number%5D%3D%223500320405%2A%22%7D,MCMURTREY,#1,OTC/OCC NOT ASSIGNED,PA,DRY,PLUGGED,36.7697928,-98.4525738,ALFALFA,35.00,27N,12W,,,CSE,SE,IM,1980.0,W,660.0,S
3500320406,https://public.occ.ok.gov/OGCDWellRecords/Search.aspx?searchcommand=%7B%5BOG%20Well%20Records%5D%3A%5BAPI%20Number%5D%3D%223500320406%2A%22%7D,SIMS,#2,"TOKEN OPERATING, LLC",AC,OIL,OIL,36.522804,-98.409991,ALFALFA,30.00,24N,11W,W2,E2,SE,SE,IM,2180.0,W,660.0,S
3500320407,https://public.occ.ok.gov/OGCDWellRecords/Search.aspx?searchcommand=%7B%5BOG%20Well%20Records%5D%3A%5BAPI%20Number%5D%3D%223500320407%2A%22%7D,STATE OF OKLAHOMA,#1,MAGIC CIRCLE OIL COMPANY,PA,OIL,PLUGGED,36.5273939,-98.5241883,ALFALFA,30.00,24N,12W,,NW,NW,SE,IM,330.0,W,2310.0,S
3500320408,https://public.occ.ok.gov/OGCDWellRecords/Search.aspx?searchcommand=%7B%5BOG%20Well%20Records%5D%3A%5BAPI%20Number%5D%3D%223500320408%2A%22%7D,DECLERCK,#2,"TOKEN OPERATING, LLC",AC,OIL,OIL,36.519279,-98.469124,ALFALFA,34.00,24N,12W,,C,NW,NE,IM,660.0,W,1980.0,S
3500320409,https://public.occ.ok.gov/OGCDWellRecords/Search.aspx?searchcommand=%7B%5BOG%20Well%20Records%5D%3A%5BAPI%20Number%5D%3D%223500320409%2A%22%7D,SLOAN,#32-1,CONTINENTAL RESOURCES INC,PA,OIL,PLUGGED,36.5156395,-98.500609,ALFALFA,32.00,24N,12W,,,CSE,NE,IM,1980.0,W,660.0,S
3500320410,https://public.occ.ok.gov/OGCDWellRecords/Search.aspx?searchcommand=%7B%5BOG%20Well%20Records%5D%3A%5BAPI%20Number%5D%3D%223500320410%2A%22%7D,RUTH,#1,RENEGADE OIL AND GAS LLC,STFD,GAS,STATE_FUNDS_PLUGGING,36.64297,-98.34892,ALFALFA,14.00,25N,11W,,C,NW,SE,IM,660.0,W,1980.0,S
3500320411,https://public.occ.ok.gov/OGCDWellRecords/Search.aspx?searchcommand=%7B%5BOG%20Well%20Records%5D%3A%5BAPI%20Number%5D%3D%223500320411%2A%22%7D,MCCRADY,#1,MCANINCH ROY D,PA,DRY,PLUGGED,36.6574389,-98.4210203,ALFALFA,7.00,25N,11W,,,NW,SE,IM,660.0,W,1980.0,S
3500320412,https://public.occ.ok.gov/OGCDWellRecords/Search.aspx?searchcommand=%7B%5BOG%20Well%20Records%5D%3A%5BAPI%20Number%5D%3D%223500320412%2A%22%7D,ROZELL A,#1-2,DIVERSIFIED PRODUCTION LLC,AC,GAS,GAS,36.669938,-98.248429,ALFALFA,2.00,25N,10W,,,C,SW,IM,1320.0,W,1320.0,S
3500320413,https://public.occ.ok.gov/OGCDWellRecords/Search.aspx?searchcommand=%7B%5BOG%20Well%20Records%5D%3A%5BAPI%20Number%5D%3D%223500320413%2A%22%7D,TUCKER A,#1-13,M3V ENERGY LLC,AC,GAS,GAS,36.647884,-98.230584,ALFALFA,13.00,25N,10W,N2,N2,S2,NW,IM,1320.0,W,1220.0,S
3500320414,https://public.occ.ok.gov/OGCDWellRecords/Search.aspx?searchcommand=%7B%5BOG%20Well%20Records%5D%3A%5BAPI%20Number%5D%3D%223500320414%2A%22%7D,EDNA,#33-1,CONTINENTAL RESOURCES INC,PA,OIL,PLUGGED,36.5192897,-98.496118,ALFALFA,33.00,24N,12W,,,CNW,NW,IM,660.0,W,1980.0,S
3500320415,https://public.occ.ok.gov/OGCDWellRecords/Search.aspx?searchcommand=%7B%5BOG%20Well%20Records%5D%3A%5BAPI%20Number%5D%3D%223500320415%2A%22%7D,WILSON,#2,OTC/OCC NOT ASSIGNED,PA,DRY,PLUGGED,36.8677389,-98.3669636,ALFALFA,34.00,28N,11W,,,CNW,NE,IM,660.0,W,1980.0,S
3500320416,https://public.occ.ok.gov/OGCDWellRecords/Search.aspx?searchcommand=%7B%5BOG%20Well%20Records%5D%3A%5BAPI%20Number%5D%3D%223500320416%2A%22%7D,KROB,#32-1,T B K ENERGY COMPANY,PA,OIL,PLUGGED,36.519264,-98.514082,ALFALFA,32.00,24N,12W,,,CNW,NW,IM,660.0,W,1980.0,S
3500320417,https://public.occ.ok.gov/OGCDWellRecords/Search.aspx?searchcommand=%7B%5BOG%20Well%20Records%5D%3A%5BAPI%20Number%5D%3D%223500320417%2A%22%7D,PARKER,#1,CHESAPEAKE OPERATING LLC,PA,OIL,PLUGGED,36.559194,-98.47367,ALFALFA,15.00,24N,12W,,,CSE,NW,IM,1980.0,W,660.0,S
3500320418,https://public.occ.ok.gov/OGCDWellRecords/Search.aspx?searchcommand=%7B%5BOG%20Well%20Records%5D%3A%5BAPI%20Number%5D%3D%223500320418%2A%22%7D,STURGEON,#2,F C D LTD,PA,OIL,PLUGGED,36.4840392,-98.2670755,ALFALFA,9.00,23N,10W,,CN2,NE,SE,IM,1980.0,W,2310.0,S
3500320419,https://public.occ.ok.gov/OGCDWellRecords/Search.aspx?searchcommand=%7B%5BOG%20Well%20Records%5D%3A%5BAPI%20Number%5D%3D%223500320419%2A%22%7D,MYERS,#31-1,CONTINENTAL RESOURCES INC,PA,NT,PLUGGED,36.511985,-98.52306,ALFALFA,31.00,24N,12W,,,CNW,SE,IM,660.0,W,1980.0,S
3500320420,https://public.occ.ok.gov/OGCDWellRecords/Search.aspx?searchcommand=%7B%5BOG%20Well%20Records%5D%3A%5BAPI%20Number%5D%3D%223500320420%2A%22%7D,ROSE WHITE,#1,COG PETROLEUM CORPORATION,PA,GAS,PLUGGED,36.636594,-98.4154,ALFALFA,19.00,25N,11W,,NE,NE,NE,IM,2310.0,W,2310.0,S
3500320421,https://public.occ.ok.gov/OGCDWellRecords/Search.aspx?searchcommand=%7B%5BOG%20Well%20Records%5D%3A%5BAPI%20Number%5D%3D%223500320421%2A%22%7D,KIRKENDALL,#1,SCOGGINS PRODUCTION LLC,AC,OIL,OIL,36.464969,-98.42875,ALFALFA,13.00,23N,12W,,C,SE,SE,IM,1980.0,W,660.0,S
3500320422,https://public.occ.ok.gov/OGCDWellRecords/Search.aspx?searchcommand=%7B%5BOG%20Well%20Records%5D%3A%5BAPI%20Number%5D%3D%223500320422%2A%22%7D,PAGE A,#1-10,DIVERSIFIED PRODUCTION LLC,AC,GAS,GAS,36.657603,-98.259813,ALFALFA,10.00,25N,10W,,C,NW,SE,IM,660.0,W,1980.0,S
3500320423,https://public.occ.ok.gov/OGCDWellRecords/Search.aspx?searchcommand=%7B%5BOG%20Well%20Records%5D%3A%5BAPI%20Number%5D%3D%223500320423%2A%22%7D,BAKER,#1,OTC/OCC NOT ASSIGNED,PA,DRY,PLUGGED,36.6210548,-98.5246685,ALFALFA,30.00,25N,12W,,,CNE,NE,IM,1980.0,W,1980.0,S
3500320424,https://public.occ.ok.gov/OGCDWellRecords/Search.aspx?searchcommand=%7B%5BOG%20Well%20Records%5D%3A%5BAPI%20Number%5D%3D%223500320424%2A%22%7D,BRINING,#1-32,KIRKPATRICK RONALD B,PA,OIL,PLUGGED,36.7789005,-98.4097649,ALFALFA,32.00,27N,11W,,,,NW,IM,1320.0,W,1320.0,N
3500320425,https://public.occ.ok.gov/OGCDWellRecords/Search.aspx?searchcommand=%7B%5BOG%20Well%20Records%5D%3A%5BAPI%20Number%5D%3D%223500320425%2A%22%7D,BLOYD /33/,#1,OTC/OCC NOT ASSIGNED,PA,OIL,PLUGGED,36.5156652,-98.482645,ALFALFA,33.00,24N,12W,,,CSE,NE,IM,1980.0,W,660.0,S
3500320426,https://public.occ.ok.gov/OGCDWellRecords/Search.aspx?searchcommand=%7B%5BOG%20Well%20Records%5D%3A%5BAPI%20Number%5D%3D%223500320426%2A%22%7D,WHEELER,#1,HARBOR RESOURCES LLC,AC,OIL,OIL,36.464951,-98.45569,ALFALFA,14.00,23N,12W,,,SE,SW,IM,2310.0,W,660.0,S
3500320427,https://public.occ.ok.gov/OGCDWellRecords/Search.aspx?searchcommand=%7B%5BOG%20Well%20Records%5D%3A%5BAPI%20Number%5D%3D%223500320427%2A%22%7D,ANTHONY,#1,WESTSTAR OIL & GAS INC,PA,OIL,PLUGGED,36.5048634,-98.4242588,ALFALFA,6.00,23N,11W,,,NW,NW,IM,810.0,W,1980.0,S
3500320428,https://public.occ.ok.gov/OGCDWellRecords/Search.aspx?searchcommand=%7B%5BOG%20Well%20Records%5D%3A%5BAPI%20Number%5D%3D%223500320428%2A%22%7D,VINCENT /A/,#1-18,PANENERGY SERVICES INC,PA,DRY,PLUGGED,36.6483423,-98.2114691,ALFALFA,18.00,25N,09W,,,,NW,IM,1320.0,W,1320.0,N
3500320429,https://public.occ.ok.gov/OGCDWellRecords/Search.aspx?searchcommand=%7B%5BOG%20Well%20Records%5D%3A%5BAPI%20Number%5D%3D%223500320429%2A%22%7D,DOTTER /5/,#1,CONTINENTAL RESOURCES INC,PA,GAS,PLUGGED,36.5845244,-98.5051063,ALFALFA,5.00,24N,12W,,,CNW,SE,IM,660.0,W,1980.0,S
3500320430,https://public.occ.ok.gov/OGCDWellRecords/Search.aspx?searchcommand=%7B%5BOG%20Well%20Records%5D%3A%5BAPI%20Number%5D%3D%223500320430%2A%22%7D,JUDSON,#1,LOCIN OIL CORPORATION,PA,GAS,PLUGGED,36.6465628,-98.2407708,ALFALFA,14.00,25N,10W,,,SW,NE,IM,810.0,W,660.0,S
3500320431,https://public.occ.ok.gov/OGCDWellRecords/Search.aspx?searchcommand=%7B%5BOG%20Well%20Records%5D%3A%5BAPI%20Number%5D%3D%223500320431%2A%22%7D,BROWN A,#1-11,M3V ENERGY LLC,AC,GAS,GAS,36.657275,-98.241786,ALFALFA,11.00,25N,10W,,C,NW,SE,IM,660.0,W,1980.0,S
3500320432,https://public.occ.ok.gov/OGCDWellRecords/Search.aspx?searchcommand=%7B%5BOG%20Well%20Records%5D%3A%5BAPI%20Number%5D%3D%223500320432%2A%22%7D,RICKS,#1,OTC/OCC NOT ASSIGNED,PA,OIL,PLUGGED,36.8686483,-98.3590892,ALFALFA,35.00,28N,11W,,NW,NW,NW,IM,330.0,W,2310.0,S
3500320433,https://public.occ.ok.gov/OGCDWellRecords/Search.aspx?searchcommand=%7B%5BOG%20Well%20Records%5D%3A%5BAPI%20Number%5D%3D%223500320433%2A%22%7D,WEBSTER,#13-1,CONTINENTAL RESOURCES INC,PA,OIL,PLUGGED,36.555607,-98.43325,ALFALFA,13.00,24N,12W,,,CNW,SE,IM,660.0,W,1980.0,S
3500320434,https://public.occ.ok.gov/OGCDWellRecords/Search.aspx?searchcommand=%7B%5BOG%20Well%20Records%5D%3A%5BAPI%20Number%5D%3D%223500320434%2A%22%7D,LAMBERT,#1,OTC/OCC NOT ASSIGNED,PA,OIL,PLUGGED,36.6772477,-98.1303742,ALFALFA,2.00,25N,09W,,,,NE,IM,1320.0,W,1320.0,S
3500320435,https://public.occ.ok.gov/OGCDWellRecords/Search.aspx?searchcommand=%7B%5BOG%20Well%20Records%5D%3A%5BAPI%20Number%5D%3D%223500320435%2A%22%7D,SMITH,#1-6,KIRKPATRICK RONALD B,PA,DRY,PLUGGED,36.8441448,-98.4278024,ALFALFA,6.00,27N,11W,,,,SW,IM,1320.0,W,1320.0,S
3500320436,https://public.occ.ok.gov/OGCDWellRecords/Search.aspx?searchcommand=%7B%5BOG%20Well%20Records%5D%3A%5BAPI%20Number%5D%3D%223500320436%2A%22%7D,HARMS,#1,SUPERIOR PRODUCTION LLC,AC,OIL,OIL,36.505768,-98.183422,ALFALFA,5.00,23N,09W,,NW,NW,NE,IM,330.0,W,2310.0,S
3500320437,https://public.occ.ok.gov/OGCDWellRecords/Search.aspx?searchcommand=%7B%5BOG%20Well%20Records%5D%3A%5BAPI%20Number%5D%3D%223500320437%2A%22%7D,WILSON,#3,OTC/OCC NOT ASSIGNED,PA,DRY,PLUGGED,36.8650201,-98.3613244,ALFALFA,34.00,28N,11W,,NE,SE,NE,IM,2310.0,W,990.0,S
3500320439,https://public.occ.ok.gov/OGCDWellRecords/Search.aspx?searchcommand=%7B%5BOG%20Well%20Records%5D%3A%5BAPI%20Number%5D%3D%223500320439%2A%22%7D,CASTLE /A/,#1-7,BCE-MACH LLC,AC,GAS,GAS,36.657181,-98.210135,ALFALFA,7.00,25N,09W,,,NE,SW,IM,2180.0,W,1980.0,S
3500320441,https://public.occ.ok.gov/OGCDWellRecords/Search.aspx?searchcommand=%7B%5BOG%20Well%20Records%5D%3A%5BAPI%20Number%5D%3D%223500320441%2A%22%7D,THOMAS,#12-1,CONTINENTAL RESOURCES INC,PA,OIL,PLUGGED,36.490658,-98.433334,ALFALFA,12.00,23N,12W,,,CNW,NE,IM,660.0,W,1980.0,S
3500320442,https://public.occ.ok.gov/OGCDWellRecords/Search.aspx?searchcommand=%7B%5BOG%20Well%20Records%5D%3A%5BAPI%20Number%5D%3D%223500320442%2A%22%7D,WANDA /5/,#1,OTC/OCC NOT ASSIGNED,PA,OIL,PLUGGED,36.58815,-98.5006111,ALFALFA,5.00,24N,12W,,,CSE,NE,IM,1980.0,W,660.0,S
3500320443,https://public.occ.ok.gov/OGCDWellRecords/Search.aspx?searchcommand=%7B%5BOG%20Well%20Records%5D%3A%5BAPI%20Number%5D%3D%223500320443%2A%22%7D,PROCHASKA,#1,DOWNEY OIL COMPANY,PA,OIL,PLUGGED,36.4748238,-98.1289733,ALFALFA,14.00,23N,09W,,SW,NW,NE,IM,330.0,W,1650.0,S
3500320444,https://public.occ.ok.gov/OGCDWellRecords/Search.aspx?searchcommand=%7B%5BOG%20Well%20Records%5D%3A%5BAPI%20Number%5D%3D%223500320444%2A%22%7D,DUBBS,#1-25,WHITSON OIL COMPANY INC,PA,GAS,PLUGGED,36.6212186,-98.3398862,ALFALFA,25.00,25N,11W,,,CNW,NW,IM,660.0,W,1980.0,S
3500320445,https://public.occ.ok.gov/OGCDWellRecords/Search.aspx?searchcommand=%7B%5BOG%20Well%20Records%5D%3A%5BAPI%20Number%5D%3D%223500320445%2A%22%7D,DUNNING,#1-29,WHITSON OIL COMPANY INC,PA,DRY,PLUGGED,36.6973468,-98.2903484,ALFALFA,29.00,26N,10W,,,CSE,SE,IM,1980.0,W,660.0,S
3500320446,https://public.occ.ok.gov/OGCDWellRecords/Search.aspx?searchcommand=%7B%5BOG%20Well%20Records%5D%3A%5BAPI%20Number%5D%3D%223500320446%2A%22%7D,WARD POWERS,#1,OTC/OCC NOT ASSIGNED,PA,OIL,PLUGGED,36.493934,-98.1907262,ALFALFA,5.00,23N,09W,,,CSW,SW,IM,660.0,W,660.0,S
3500320447,https://public.occ.ok.gov/OGCDWellRecords/Search.aspx?searchcommand=%7B%5BOG%20Well%20Records%5D%3A%5BAPI%20Number%5D%3D%223500320447%2A%22%7D,TULLIS,#2,OTC/OCC NOT ASSIGNED,PA,OIL,PLUGGED,36.8704612,-98.3590924,ALFALFA,26.00,28N,11W,,SW,SW,SW,IM,630.0,W,330.0,S
3500320448,https://public.occ.ok.gov/OGCDWellRecords/Search.aspx?searchcommand=%7B%5BOG%20Well%20Records%5D%3A%5BAPI%20Number%5D%3D%223500320448%2A%22%7D,M B COLE ETAL,#1,OTC/OCC NOT ASSIGNED,PA,DRY,PLUGGED,36.8613946,-98.3669636,ALFALFA,34.00,28N,11W,,CN2,NW,SE,IM,660.0,W,2310.0,S
3500320449,https://public.occ.ok.gov/OGCDWellRecords/Search.aspx?searchcommand=%7B%5BOG%20Well%20Records%5D%3A%5BAPI%20Number%5D%3D%223500320449%2A%22%7D,CATHY /11/,#1,OTC/OCC NOT ASSIGNED,PA,OIL,PLUGGED,36.5664659,-98.4467186,ALFALFA,11.00,24N,12W,,,CSE,SE,IM,1980.0,W,660.0,S
3500320450,https://public.occ.ok.gov/OGCDWellRecords/Search.aspx?searchcommand=%7B%5BOG%20Well%20Records%5D%3A%5BAPI%20Number%5D%3D%223500320450%2A%22%7D,REBECCA /13/,#1,OTC/OCC NOT ASSIGNED,PA,OIL,PLUGGED,36.5628578,-98.4332476,ALFALFA,13.00,24N,12W,,,CNW,NE,IM,660.0,W,1980.0,S
3500320451,https://public.occ.ok.gov/OGCDWellRecords/Search.aspx?searchcommand=%7B%5BOG%20Well%20Records%5D%3A%5BAPI%20Number%5D%3D%223500320451%2A%22%7D,TRUST,#1,EDINGER ENGINEERING INC,PA,OIL,PLUGGED,36.4693855,-98.1278511,ALFALFA,14.00,23N,09W,,N2,NW,SE,IM,660.0,W,2310.0,S
3500320452,https://public.occ.ok.gov/OGCDWellRecords/Search.aspx?searchcommand=%7B%5BOG%20Well%20Records%5D%3A%5BAPI%20Number%5D%3D%223500320452%2A%22%7D,HARMS,#A-1,SUPERIOR PRODUCTION LLC,AC,OIL,OIL,36.500425,-98.183247,ALFALFA,5.00,23N,09W,,,CSW,NE,IM,660.0,W,660.0,S
3500320453,https://public.occ.ok.gov/OGCDWellRecords/Search.aspx?searchcommand=%7B%5BOG%20Well%20Records%5D%3A%5BAPI%20Number%5D%3D%223500320453%2A%22%7D,SCHNEIDER,#1,"RAW CRUDE OIL & GAS, L.L.C.",OR,OIL,ORPHAN,36.493109,-98.183869,ALFALFA,5.00,23N,09W,C,SW,SW,SE,IM,330.0,W,330.0,S
3500320454,https://public.occ.ok.gov/OGCDWellRecords/Search.aspx?searchcommand=%7B%5BOG%20Well%20Records%5D%3A%5BAPI%20Number%5D%3D%223500320454%2A%22%7D,"PAGE ""B""",#1-3,M3V ENERGY LLC,AC,GAS,GAS,36.670025,-98.1574,ALFALFA,3.00,25N,09W,,,C,SW,IM,1320.0,W,1320.0,S
3500320455,https://public.occ.ok.gov/OGCDWellRecords/Search.aspx?searchcommand=%7B%5BOG%20Well%20Records%5D%3A%5BAPI%20Number%5D%3D%223500320455%2A%22%7D,WALTER JENLINK,#1,BUTTONWOOD PETROLEUM INC,PA,GAS,PLUGGED,36.646138,-98.2999062,ALFALFA,17.00,25N,10W,NE,SW,SE,NW,IM,1880.0,W,610.0,S
3500320456,https://public.occ.ok.gov/OGCDWellRecords/Search.aspx?searchcommand=%7B%5BOG%20Well%20Records%5D%3A%5BAPI%20Number%5D%3D%223500320456%2A%22%7D,MAY-GARVIN,#1-19,KIRKPATRICK RONALD B,PA,DRY,PLUGGED,36.8036815,-98.5359438,ALFALFA,19.00,27N,12W,N2,N2,N2,SW,IM,1320.0,W,2540.0,S
3500320457,https://public.occ.ok.gov/OGCDWellRecords/Search.aspx?searchcommand=%7B%5BOG%20Well%20Records%5D%3A%5BAPI%20Number%5D%3D%223500320457%2A%22%7D,WETHINGTON,#1,OTC/OCC NOT ASSIGNED,PA,DRY,PLUGGED,36.5710152,-98.2188038,ALFALFA,12.00,24N,10W,,NW,NW,SE,IM,330.0,W,2310.0,S
3500320458,https://public.occ.ok.gov/OGCDWellRecords/Search.aspx?searchcommand=%7B%5BOG%20Well%20Records%5D%3A%5BAPI%20Number%5D%3D%223500320458%2A%22%7D,PATTERSON,#1,CHOATE KENNY dba REBOUND OIL CO,STFD,GAS,STATE_FUNDS_PLUGGING,36.472368,-98.115969,ALFALFA,13.00,23N,09W,,,CSE,NW,IM,1980.0,W,660.0,S
3500320459,https://public.occ.ok.gov/OGCDWellRecords/Search.aspx?searchcommand=%7B%5BOG%20Well%20Records%5D%3A%5BAPI%20Number%5D%3D%223500320459%2A%22%7D,RUTH,#1,FRENCH JR L R,PA,GAS,PLUGGED,36.648388,-98.2565463,ALFALFA,15.00,25N,10W,,,,NE,IM,1320.0,E,1320.0,N
3500320460,https://public.occ.ok.gov/OGCDWellRecords/Search.aspx?searchcommand=%7B%5BOG%20Well%20Records%5D%3A%5BAPI%20Number%5D%3D%223500320460%2A%22%7D,HAYS-SIMPSON,#1,OTC/OCC NOT ASSIGNED,PA,DRY,PLUGGED,36.5419932,-98.2030832,ALFALFA,19.00,24N,09W,,NE,NE,SW,IM,2310.0,W,2310.0,S
3500320461,https://public.occ.ok.gov/OGCDWellRecords/Search.aspx?searchcommand=%7B%5BOG%20Well%20Records%5D%3A%5BAPI%20Number%5D%3D%223500320461%2A%22%7D,SANDERS,#1,PETCO OIL & GAS INC,PA,DRY,PLUGGED,36.5419729,-98.1851192,ALFALFA,20.00,24N,09W,,NE,NE,SW,IM,2310.0,W,2310.0,S
3500320462,https://public.occ.ok.gov/OGCDWellRecords/Search.aspx?searchcommand=%7B%5BOG%20Well%20Records%5D%3A%5BAPI%20Number%5D%3D%223500320462%2A%22%7D,TULLIS,#1,OTC/OCC NOT ASSIGNED,PA,DRY,PLUGGED,36.8822441,-98.3534522,ALFALFA,26.00,28N,11W,,,CNE,NW,IM,1980.0,W,1980.0,S
3500320463,https://public.occ.ok.gov/OGCDWellRecords/Search.aspx?searchcommand=%7B%5BOG%20Well%20Records%5D%3A%5BAPI%20Number%5D%3D%223500320463%2A%22%7D,KLICK,#1,SKYCAP ENERGY LLC,AC,GAS,GAS,36.605065,-98.527129,ALFALFA,31.00,25N,12W,,,C,NE,IM,1320.0,E,1320.0,N
3500320464,https://public.occ.ok.gov/OGCDWellRecords/Search.aspx?searchcommand=%7B%5BOG%20Well%20Records%5D%3A%5BAPI%20Number%5D%3D%223500320464%2A%22%7D,PRICE,#8-1,JONES & PELLOW OIL CO,PA,NT,PLUGGED,36.6556385,-98.4007457,ALFALFA,8.00,25N,11W,,,,SE,IM,1320.0,E,1320.0,S
3500320466,https://public.occ.ok.gov/OGCDWellRecords/Search.aspx?searchcommand=%7B%5BOG%20Well%20Records%5D%3A%5BAPI%20Number%5D%3D%223500320466%2A%22%7D,NANCY,#12-1,CONTINENTAL RESOURCES INC,PA,OIL,PLUGGED,36.483095,-98.44222,ALFALFA,12.00,23N,12W,,,CNW,SW,IM,660.0,W,1980.0,S
3500320467,https://public.occ.ok.gov/OGCDWellRecords/Search.aspx?searchcommand=%7B%5BOG%20Well%20Records%5D%3A%5BAPI%20Number%5D%3D%223500320467%2A%22%7D,HAGEN /5/,#1,OTC/OCC NOT ASSIGNED,PA,OIL,PLUGGED,36.5881495,-98.5096015,ALFALFA,5.00,24N,12W,,,CSE,NW,IM,1980.0,W,660.0,S
3500320468,https://public.occ.ok.gov/OGCDWellRecords/Search.aspx?searchcommand=%7B%5BOG%20Well%20Records%5D%3A%5BAPI%20Number%5D%3D%223500320468%2A%22%7D,WARCHIME,#1,OTC/OCC NOT ASSIGNED,PA,DRY,PLUGGED,36.8051572,-98.4446926,ALFALFA,24.00,27N,12W,,SW,SE,NW,IM,1650.0,W,330.0,S
3500320469,https://public.occ.ok.gov/OGCDWellRecords/Search.aspx?searchcommand=%7B%5BOG%20Well%20Records%5D%3A%5BAPI%20Number%5D%3D%223500320469%2A%22%7D,MCDOWELL,#1,CONTINENTAL RESOURCES INC,PA,OIL,PLUGGED,36.483079,-98.45121,ALFALFA,11.00,23N,12W,,,CNW,SE,IM,660.0,W,1980.0,S
3500320470,https://public.occ.ok.gov/OGCDWellRecords/Search.aspx?searchcommand=%7B%5BOG%20Well%20Records%5D%3A%5BAPI%20Number%5D%3D%223500320470%2A%22%7D,EUREKA SMITH,#1,CHAMPLIN EXPLORATION INC,AC,OIL,OIL,36.882219,-98.264175,ALFALFA,27.00,28N,10W,,,CNE,NW,IM,1980.0,W,1890.0,S
3500320471,https://public.occ.ok.gov/OGCDWellRecords/Search.aspx?searchcommand=%7B%5BOG%20Well%20Records%5D%3A%5BAPI%20Number%5D%3D%223500320471%2A%22%7D,HENRY,#1,SPESS OIL COMPANY INC,AC,OIL,OIL,36.976852,-98.5156,ALFALFA,20.00,29N,12W,,,CNW,SE,IM,660.0,W,1980.0,S
3500320472,https://public.occ.ok.gov/OGCDWellRecords/Search.aspx?searchcommand=%7B%5BOG%20Well%20Records%5D%3A%5BAPI%20Number%5D%3D%223500320472%2A%22%7D,KAISER,#1,TOPCO INC,PA,GAS,PLUGGED,36.4867357,-98.2446155,ALFALFA,11.00,23N,10W,,,SW,NW,IM,330.0,W,660.0,S
3500320473,https://public.occ.ok.gov/OGCDWellRecords/Search.aspx?searchcommand=%7B%5BOG%20Well%20Records%5D%3A%5BAPI%20Number%5D%3D%223500320473%2A%22%7D,SCHNITZER,#1,RENEGADE OIL AND GAS LLC,STFD,GAS,STATE_FUNDS_PLUGGING,36.633687,-98.275416,ALFALFA,21.00,25N,10W,,,C,NE,IM,1320.0,W,1320.0,S
3500320474,https://public.occ.ok.gov/OGCDWellRecords/Search.aspx?searchcommand=%7B%5BOG%20Well%20Records%5D%3A%5BAPI%20Number%5D%3D%223500320474%2A%22%7D,G A DOWERS,#2,SUPERIOR PRODUCTION LLC,AC,OIL,OIL,36.507582,-98.183718,ALFALFA,32.00,24N,09W,,SW,SW,SE,IM,330.0,W,330.0,S
3500320475,https://public.occ.ok.gov/OGCDWellRecords/Search.aspx?searchcommand=%7B%5BOG%20Well%20Records%5D%3A%5BAPI%20Number%5D%3D%223500320475%2A%22%7D,CRONIN,#1-A,SHAWNEE OIL & GAS CORPORATION,PA,OIL,PLUGGED,36.4645297,-98.2412462,ALFALFA,14.00,23N,10W,N2,SW,SE,SW,IM,1630.0,W,400.0,S
3500320476,https://public.occ.ok.gov/OGCDWellRecords/Search.aspx?searchcommand=%7B%5BOG%20Well%20Records%5D%3A%5BAPI%20Number%5D%3D%223500320476%2A%22%7D,SHARE,#1,OTC/OCC NOT ASSIGNED,PA,DRY,PLUGGED,36.7225925,-98.520155,ALFALFA,20.00,26N,12W,,,CNW,NW,IM,660.0,W,1980.0,S
3500320477,https://public.occ.ok.gov/OGCDWellRecords/Search.aspx?searchcommand=%7B%5BOG%20Well%20Records%5D%3A%5BAPI%20Number%5D%3D%223500320477%2A%22%7D,NICKEL /17/,#1,PETRO-LEWIS CORP,PA,OIL,PLUGGED,36.5556339,-98.3973195,ALFALFA,17.00,24N,11W,,,CNW,SE,IM,660.0,W,1980.0,S
3500320478,https://public.occ.ok.gov/OGCDWellRecords/Search.aspx?searchcommand=%7B%5BOG%20Well%20Records%5D%3A%5BAPI%20Number%5D%3D%223500320478%2A%22%7D,MCNICKLE,#1-34,GLENN SUPPLY COMPANY INC,PA,OIL,PLUGGED,36.5193948,-98.3613876,ALFALFA,34.00,24N,11W,,,CNW,NE,IM,660.0,W,1980.0,S
3500320479,https://public.occ.ok.gov/OGCDWellRecords/Search.aspx?searchcommand=%7B%5BOG%20Well%20Records%5D%3A%5BAPI%20Number%5D%3D%223500320479%2A%22%7D,WILSON,#1-31,SYNERGY CORPORATION OF AMERICA,PA,GAS,PLUGGED,36.6067159,-98.3218584,ALFALFA,31.00,25N,10W,,,CNW,NW,IM,660.0,W,1980.0,S
3500320480,https://public.occ.ok.gov/OGCDWellRecords/Search.aspx?searchcommand=%7B%5BOG%20Well%20Records%5D%3A%5BAPI%20Number%5D%3D%223500320480%2A%22%7D,ARGANBRIGHT,#1,FRENCH JR L R,PA,GAS,PLUGGED,36.648398,-98.27457,ALFALFA,16.00,25N,10W,,,,NE,IM,1320.0,W,1320.0,N
3500320481,https://public.occ.ok.gov/OGCDWellRecords/Search.aspx?searchcommand=%7B%5BOG%20Well%20Records%5D%3A%5BAPI%20Number%5D%3D%223500320481%2A%22%7D,ORVAL FELLERS,#1,COMBINED RESOURCES CORPORATION,PA,GAS,PLUGGED,36.832276,-98.283993,ALFALFA,9.00,27N,10W,SE,NW,NE,SW,IM,1680.0,W,2105.0,S
3500320482,https://public.occ.ok.gov/OGCDWellRecords/Search.aspx?searchcommand=%7B%5BOG%20Well%20Records%5D%3A%5BAPI%20Number%5D%3D%223500320482%2A%22%7D,ROSE ANDREE,#1,COG PETROLEUM CORPORATION,PA,NT,PLUGGED,36.641154,-98.3647,ALFALFA,15.00,25N,11W,,,,SE,IM,1320.0,W,1320.0,S
3500320483,https://public.occ.ok.gov/OGCDWellRecords/Search.aspx?searchcommand=%7B%5BOG%20Well%20Records%5D%3A%5BAPI%20Number%5D%3D%223500320483%2A%22%7D,LEWIS,#18-1,CONTINENTAL RESOURCES INC,PA,OIL,PLUGGED,36.5556217,-98.4152835,ALFALFA,18.00,24N,11W,,,CNW,SE,IM,660.0,W,1980.0,S
3500320484,https://public.occ.ok.gov/OGCDWellRecords/Search.aspx?searchcommand=%7B%5BOG%20Well%20Records%5D%3A%5BAPI%20Number%5D%3D%223500320484%2A%22%7D,BULLER,#1,HUGHES DON R,PA,OIL,PLUGGED,36.4984428,-98.1738846,ALFALFA,4.00,23N,09W,,CNW,NW,SW,IM,330.0,W,2310.0,S
3500320485,https://public.occ.ok.gov/OGCDWellRecords/Search.aspx?searchcommand=%7B%5BOG%20Well%20Records%5D%3A%5BAPI%20Number%5D%3D%223500320485%2A%22%7D,STATE OF OKLAHOMA,#1,HELKE EXPLORATION COMPANY,PA,OIL,PLUGGED,36.4758443,-98.2266485,ALFALFA,13.00,23N,10W,,,CNW,NW,IM,660.0,W,1980.0,S
3500320486,https://public.occ.ok.gov/OGCDWellRecords/Search.aspx?searchcommand=%7B%5BOG%20Well%20Records%5D%3A%5BAPI%20Number%5D%3D%223500320486%2A%22%7D,BURNETT RANCH,#1,BYNG ENERGY GROUP INC,STFD,OIL,STATE_FUNDS_PLUGGING,36.911003,-98.138917,ALFALFA,14.00,28N,09W,,,CNE,NW,IM,1980.0,W,1980.0,S
3500320487,https://public.occ.ok.gov/OGCDWellRecords/Search.aspx?searchcommand=%7B%5BOG%20Well%20Records%5D%3A%5BAPI%20Number%5D%3D%223500320487%2A%22%7D,FORD /A/,#1,OTC/OCC NOT ASSIGNED,PA,GAS,PLUGGED,36.6849794,-98.1574021,ALFALFA,34.00,26N,09W,S2,S2,N2,SW,IM,1320.0,W,1520.0,S
3500320489,https://public.occ.ok.gov/OGCDWellRecords/Search.aspx?searchcommand=%7B%5BOG%20Well%20Records%5D%3A%5BAPI%20Number%5D%3D%223500320489%2A%22%7D,JOHNSON-KOONS,#2,COMPASS RESOURCES,PA,OIL,PLUGGED,36.5048112,-98.186236,ALFALFA,5.00,23N,09W,,,CNE,NW,IM,1980.0,W,1980.0,S
3500320490,https://public.occ.ok.gov/OGCDWellRecords/Search.aspx?searchcommand=%7B%5BOG%20Well%20Records%5D%3A%5BAPI%20Number%5D%3D%223500320490%2A%22%7D,SCHNEIDER,#A-1,COMPASS DRILLING INC,PA,OIL,PLUGGED,36.4975606,-98.1772557,ALFALFA,5.00,23N,09W,,,CNE,SE,IM,1980.0,W,1980.0,S
3500320492,https://public.occ.ok.gov/OGCDWellRecords/Search.aspx?searchcommand=%7B%5BOG%20Well%20Records%5D%3A%5BAPI%20Number%5D%3D%223500320492%2A%22%7D,BYRON TOWNSITE,#1,AGATE PETROLEUM INC,PA,GAS,PLUGGED,36.9003676,-98.2903543,ALFALFA,17.00,28N,10W,,,CSE,SE,IM,1980.0,W,660.0,S
3500320493,https://public.occ.ok.gov/OGCDWellRecords/Search.aspx?searchcommand=%7B%5BOG%20Well%20Records%5D%3A%5BAPI%20Number%5D%3D%223500320493%2A%22%7D,ROARK,#1-9,SCOGGINS PRODUCTION LLC,AC,OIL,OIL,36.489833,-98.48657,ALFALFA,9.00,23N,12W,NW,SE,NW,NE,IM,667.0,W,1880.0,S
3500320494,https://public.occ.ok.gov/OGCDWellRecords/Search.aspx?searchcommand=%7B%5BOG%20Well%20Records%5D%3A%5BAPI%20Number%5D%3D%223500320494%2A%22%7D,KIDD,#1,OTC/OCC NOT ASSIGNED,PA,OIL,PLUGGED,36.8831303,-98.2588159,ALFALFA,27.00,28N,10W,,CN2,NW,NE,IM,660.0,W,2310.0,S
3500320495,https://public.occ.ok.gov/OGCDWellRecords/Search.aspx?searchcommand=%7B%5BOG%20Well%20Records%5D%3A%5BAPI%20Number%5D%3D%223500320495%2A%22%7D,POWERS,#2,SHAWNEE OIL & GAS CORPORATION,PA,OIL,PLUGGED,36.4984666,-98.1851135,ALFALFA,5.00,23N,09W,,NE,NE,SW,IM,2310.0,W,2310.0,S
3500320496,https://public.occ.ok.gov/OGCDWellRecords/Search.aspx?searchcommand=%7B%5BOG%20Well%20Records%5D%3A%5BAPI%20Number%5D%3D%223500320496%2A%22%7D,LEONARD,#1,OTC/OCC NOT ASSIGNED,PA,OIL,PLUGGED,36.4839851,-98.1985863,ALFALFA,7.00,23N,09W,,NE,NW,SE,IM,990.0,W,2310.0,S
3500320497,https://public.occ.ok.gov/OGCDWellRecords/Search.aspx?searchcommand=%7B%5BOG%20Well%20Records%5D%3A%5BAPI%20Number%5D%3D%223500320497%2A%22%7D,METCALF,#1-5,HAMIL OIL & GAS LLC,AC,GAS,GAS,36.670149,-98.302207,ALFALFA,5.00,25N,10W,,,,SW,IM,1449.0,W,1320.0,S
3500320498,https://public.occ.ok.gov/OGCDWellRecords/Search.aspx?searchcommand=%7B%5BOG%20Well%20Records%5D%3A%5BAPI%20Number%5D%3D%223500320498%2A%22%7D,HERTZLER,#1-2,SCOGGINS PRODUCTION  COMPANY,PA,OIL,PLUGGED,36.504831,-98.46019,ALFALFA,2.00,23N,12W,,,CNW,NW,IM,660.0,W,1980.0,S
3500320499,https://public.occ.ok.gov/OGCDWellRecords/Search.aspx?searchcommand=%7B%5BOG%20Well%20Records%5D%3A%5BAPI%20Number%5D%3D%223500320499%2A%22%7D,MCSPARRIN,#4-1,LINDENMUTH & ASSOCIATES INC,PA,OIL,PLUGGED,36.5002556,-98.1738846,ALFALFA,4.00,23N,09W,,SW,SW,NW,IM,330.0,W,330.0,S
3500320500,https://public.occ.ok.gov/OGCDWellRecords/Search.aspx?searchcommand=%7B%5BOG%20Well%20Records%5D%3A%5BAPI%20Number%5D%3D%223500320500%2A%22%7D,TUCKER,#1-34,MT ENERGY LLC,AC,GAS,GAS,36.682638,-98.269104,ALFALFA,34.00,26N,10W,,,SW,SW,IM,660.0,W,660.0,S
3500320501,https://public.occ.ok.gov/OGCDWellRecords/Search.aspx?searchcommand=%7B%5BOG%20Well%20Records%5D%3A%5BAPI%20Number%5D%3D%223500320501%2A%22%7D,STERBA,#1,OTC/OCC NOT ASSIGNED,PA,DRY,PLUGGED,36.6174831,-98.4998611,ALFALFA,28.00,25N,12W,,,CS2,NW,IM,1320.0,W,660.0,S
3500320502,https://public.occ.ok.gov/OGCDWellRecords/Search.aspx?searchcommand=%7B%5BOG%20Well%20Records%5D%3A%5BAPI%20Number%5D%3D%223500320502%2A%22%7D,ROSE JOHN,#1,OTC/OCC NOT ASSIGNED,PA,GAS,PLUGGED,36.6411466,-98.38272,ALFALFA,16.00,25N,11W,,,,SE,IM,1320.0,E,1320.0,S
3500320503,https://public.occ.ok.gov/OGCDWellRecords/Search.aspx?searchcommand=%7B%5BOG%20Well%20Records%5D%3A%5BAPI%20Number%5D%3D%223500320503%2A%22%7D,CROSS,#1,ANADARKO PETROLEUM CORPORATION,PA,GAS,PLUGGED,36.6773248,-98.1934492,ALFALFA,5.00,25N,09W,,,,NW,IM,1320.0,W,1320.0,N
3500320504,https://public.occ.ok.gov/OGCDWellRecords/Search.aspx?searchcommand=%7B%5BOG%20Well%20Records%5D%3A%5BAPI%20Number%5D%3D%223500320504%2A%22%7D,PELTER,#2,OTC/OCC NOT ASSIGNED,PA,DRY,PLUGGED,36.6283598,-98.4886193,ALFALFA,21.00,25N,12W,,,NE,SE,IM,1840.0,W,1980.0,S
3500320505,https://public.occ.ok.gov/OGCDWellRecords/Search.aspx?searchcommand=%7B%5BOG%20Well%20Records%5D%3A%5BAPI%20Number%5D%3D%223500320505%2A%22%7D,BUTLER,#1,ZENITH DRILLING CORP INC,PA,DRY,PLUGGED,36.9696009,-98.524631,ALFALFA,29.00,29N,12W,,,CNW,NW,IM,660.0,W,1980.0,S
3500320506,https://public.occ.ok.gov/OGCDWellRecords/Search.aspx?searchcommand=%7B%5BOG%20Well%20Records%5D%3A%5BAPI%20Number%5D%3D%223500320506%2A%22%7D,BEHM,#6-1,INVESTORS RESOURCES CORP,PA,OIL,PLUGGED,36.5917461,-98.5320608,ALFALFA,6.00,24N,12W,,,CNW,NW,IM,660.0,W,1980.0,S
3500320507,https://public.occ.ok.gov/OGCDWellRecords/Search.aspx?searchcommand=%7B%5BOG%20Well%20Records%5D%3A%5BAPI%20Number%5D%3D%223500320507%2A%22%7D,WRIGHT ETAL,#1,"RAW CRUDE OIL & GAS, L.L.C.",OR,OIL,ORPHAN,36.476059,-98.236082,ALFALFA,14.00,23N,10W,,C,NW,NE,IM,660.0,W,1980.0,S
3500320508,https://public.occ.ok.gov/OGCDWellRecords/Search.aspx?searchcommand=%7B%5BOG%20Well%20Records%5D%3A%5BAPI%20Number%5D%3D%223500320508%2A%22%7D,NORTON,#1,CONTINENTAL RESOURCES INC,PA,NT,PLUGGED,36.590097,-98.34118,ALFALFA,2.00,24N,11W,,,,NE,IM,1320.0,E,1320.0,N
3500320509,https://public.occ.ok.gov/OGCDWellRecords/Search.aspx?searchcommand=%7B%5BOG%20Well%20Records%5D%3A%5BAPI%20Number%5D%3D%223500320509%2A%22%7D,VIERS,#1,HENDERSON TERRI L,PA,GAS,PLUGGED,36.619406,-98.31062,ALFALFA,30.00,25N,10W,,,,NE,IM,1320.0,E,1320.0,N
3500320510,https://public.occ.ok.gov/OGCDWellRecords/Search.aspx?searchcommand=%7B%5BOG%20Well%20Records%5D%3A%5BAPI%20Number%5D%3D%223500320510%2A%22%7D,JESSUP,#1-17,HILL RESOURCES INC,PA,DRY,PLUGGED,36.8133586,-98.2903518,ALFALFA,17.00,27N,10W,,,SE,SE,IM,1440.0,W,660.0,S
3500320511,https://public.occ.ok.gov/OGCDWellRecords/Search.aspx?searchcommand=%7B%5BOG%20Well%20Records%5D%3A%5BAPI%20Number%5D%3D%223500320511%2A%22%7D,MCDOWELL,#2,CARL HUMPHRIES INC,PA,OIL,PLUGGED,36.479453,-98.45121,ALFALFA,11.00,23N,12W,,,SE,SE,IM,1814.0,W,330.0,S
3500320512,https://public.occ.ok.gov/OGCDWellRecords/Search.aspx?searchcommand=%7B%5BOG%20Well%20Records%5D%3A%5BAPI%20Number%5D%3D%223500320512%2A%22%7D,CASTLE,#1,BUTTONWOOD PETROLEUM INC,PA,GAS,PLUGGED,36.6338586,-98.2294913,ALFALFA,24.00,25N,10W,,,,NW,IM,1320.0,W,1320.0,N
3500320513,https://public.occ.ok.gov/OGCDWellRecords/Search.aspx?searchcommand=%7B%5BOG%20Well%20Records%5D%3A%5BAPI%20Number%5D%3D%223500320513%2A%22%7D,GOODMAN (GOODWIN),#A-1,D & D PIPE & EQUIPMENT INC,PA,OIL,PLUGGED,36.491216,-98.1783776,ALFALFA,8.00,23N,09W,,NW,NE,NE,IM,1650.0,W,2310.0,S
3500320514,https://public.occ.ok.gov/OGCDWellRecords/Search.aspx?searchcommand=%7B%5BOG%20Well%20Records%5D%3A%5BAPI%20Number%5D%3D%223500320514%2A%22%7D,KLETKE /4/,#1,OTC/OCC NOT ASSIGNED,PA,GAS,PLUGGED,36.5047877,-98.4961151,ALFALFA,4.00,23N,12W,,,CNW,NW,IM,660.0,W,1980.0,S
3500320515,https://public.occ.ok.gov/OGCDWellRecords/Search.aspx?searchcommand=%7B%5BOG%20Well%20Records%5D%3A%5BAPI%20Number%5D%3D%223500320515%2A%22%7D,GEITGEY,#1,COX OIL & GAS INC,PA,GAS,PLUGGED,36.6338865,-98.2565454,ALFALFA,22.00,25N,10W,,,,NE,IM,660.0,W,1320.0,S
3500320516,https://public.occ.ok.gov/OGCDWellRecords/Search.aspx?searchcommand=%7B%5BOG%20Well%20Records%5D%3A%5BAPI%20Number%5D%3D%223500320516%2A%22%7D,GUY WETHINGTON,#1,HUNGERFORD OIL & GAS INC,PA,DRY,PLUGGED,36.5592323,-98.217679,ALFALFA,13.00,24N,10W,,,CSW,NE,IM,660.0,W,660.0,S
3500320517,https://public.occ.ok.gov/OGCDWellRecords/Search.aspx?searchcommand=%7B%5BOG%20Well%20Records%5D%3A%5BAPI%20Number%5D%3D%223500320517%2A%22%7D,GLENN CORDES,#1,DUPLIN CORPORATION,PA,DRY,PLUGGED,36.8423543,-98.2813487,ALFALFA,4.00,27N,10W,,,CSE,SW,IM,1980.0,W,660.0,S
3500320518,https://public.occ.ok.gov/OGCDWellRecords/Search.aspx?searchcommand=%7B%5BOG%20Well%20Records%5D%3A%5BAPI%20Number%5D%3D%223500320518%2A%22%7D,H J SHAW,#1,PETROLEUM WASTE RECOVERY INC,PA,DRY,PLUGGED,36.8458813,-98.4976465,ALFALFA,4.00,27N,12W,,,CNE,SW,IM,1980.0,W,1980.0,S
3500320519,https://public.occ.ok.gov/OGCDWellRecords/Search.aspx?searchcommand=%7B%5BOG%20Well%20Records%5D%3A%5BAPI%20Number%5D%3D%223500320519%2A%22%7D,IVAN,#1,BUTTONWOOD PETROLEUM INC,PA,GAS,PLUGGED,36.6042867,-98.1393621,ALFALFA,35.00,25N,09W,N2,N2,S2,NW,IM,1320.0,W,1190.0,S
3500320520,https://public.occ.ok.gov/OGCDWellRecords/Search.aspx?searchcommand=%7B%5BOG%20Well%20Records%5D%3A%5BAPI%20Number%5D%3D%223500320520%2A%22%7D,ALBERT,#1,DOWNEY OIL COMPANY,PA,DRY,PLUGGED,36.4730109,-98.1312175,ALFALFA,14.00,23N,09W,,NE,SE,NW,IM,2310.0,W,990.0,S
3500320521,https://public.occ.ok.gov/OGCDWellRecords/Search.aspx?searchcommand=%7B%5BOG%20Well%20Records%5D%3A%5BAPI%20Number%5D%3D%223500320521%2A%22%7D,GEORGE,#6-1,DLB OIL & GAS INC,PA,OIL,PLUGGED,36.5844951,-98.5320608,ALFALFA,6.00,24N,12W,,,CNW,SW,IM,660.0,W,1980.0,S
3500320522,https://public.occ.ok.gov/OGCDWellRecords/Search.aspx?searchcommand=%7B%5BOG%20Well%20Records%5D%3A%5BAPI%20Number%5D%3D%223500320522%2A%22%7D,TRUST,#2,DOWNEY OIL COMPANY,PA,DRY,PLUGGED,36.4657602,-98.1222405,ALFALFA,14.00,23N,09W,,NE,SE,SE,IM,2210.0,W,990.0,S
3500320523,https://public.occ.ok.gov/OGCDWellRecords/Search.aspx?searchcommand=%7B%5BOG%20Well%20Records%5D%3A%5BAPI%20Number%5D%3D%223500320523%2A%22%7D,DIEL,#1,SANDRIDGE EXPLORATION & PRODUCTION LLC,PA,GAS,PLUGGED,36.801985,-98.44413,ALFALFA,24.00,27N,12W,NE,SW,NE,SW,IM,1880.0,W,1880.0,S
3500320524,https://public.occ.ok.gov/OGCDWellRecords/Search.aspx?searchcommand=%7B%5BOG%20Well%20Records%5D%3A%5BAPI%20Number%5D%3D%223500320524%2A%22%7D,TERRELL,#1,DIVERSIFIED PRODUCTION LLC,AC,GAS,GAS,36.557763,-98.524757,ALFALFA,18.00,24N,12W,SW,SW,SW,NE,IM,150.0,W,150.0,S
3500320525,https://public.occ.ok.gov/OGCDWellRecords/Search.aspx?searchcommand=%7B%5BOG%20Well%20Records%5D%3A%5BAPI%20Number%5D%3D%223500320525%2A%22%7D,WALDORF,#1,HELKE EXPLORATION COMPANY,PA,OIL,PLUGGED,36.4649303,-98.1862318,ALFALFA,17.00,23N,09W,,,CSE,SW,IM,1980.0,W,660.0,S
3500320526,https://public.occ.ok.gov/OGCDWellRecords/Search.aspx?searchcommand=%7B%5BOG%20Well%20Records%5D%3A%5BAPI%20Number%5D%3D%223500320526%2A%22%7D,FORSYTHE,#1,STAGHORN ENERGY LLC,PA,OIL,PLUGGED,36.483111,-98.23564,ALFALFA,11.00,23N,10W,,,CNW,SE,IM,660.0,W,1980.0,S
3500320527,https://public.occ.ok.gov/OGCDWellRecords/Search.aspx?searchcommand=%7B%5BOG%20Well%20Records%5D%3A%5BAPI%20Number%5D%3D%223500320527%2A%22%7D,SARTIN,#1,OTC/OCC NOT ASSIGNED,PA,DRY,PLUGGED,36.6826533,-98.123603,ALFALFA,36.00,26N,09W,,,CSW,SW,IM,660.0,W,660.0,S
3500320528,https://public.occ.ok.gov/OGCDWellRecords/Search.aspx?searchcommand=%7B%5BOG%20Well%20Records%5D%3A%5BAPI%20Number%5D%3D%223500320528%2A%22%7D,REDMAN ROSE,#1,COG PETROLEUM CORPORATION,PA,GAS,PLUGGED,36.6334334,-98.3973707,ALFALFA,20.00,25N,11W,N2,NE,SE,NE,IM,2310.0,W,1190.0,S
3500320529,https://public.occ.ok.gov/OGCDWellRecords/Search.aspx?searchcommand=%7B%5BOG%20Well%20Records%5D%3A%5BAPI%20Number%5D%3D%223500320529%2A%22%7D,FARABEE,#1,CRAWLEY PETROLEUM CORPORATION,PA,OIL,PLUGGED,36.472182,-98.4646796,ALFALFA,15.00,23N,12W,,,CSE,NE,IM,1980.0,W,660.0,S
3500320530,https://public.occ.ok.gov/OGCDWellRecords/Search.aspx?searchcommand=%7B%5BOG%20Well%20Records%5D%3A%5BAPI%20Number%5D%3D%223500320530%2A%22%7D,F IRWIN,#2,SCOGGINS PRODUCTION LLC,AC,DRY,DRY,36.527037,-98.45963,ALFALFA,26.00,24N,12W,SW,NE,NW,SW,IM,710.0,W,2010.0,S
3500320531,https://public.occ.ok.gov/OGCDWellRecords/Search.aspx?searchcommand=%7B%5BOG%20Well%20Records%5D%3A%5BAPI%20Number%5D%3D%223500320531%2A%22%7D,"KENNEDY ""B""",#1,SPESS OIL COMPANY INC,PA,GAS,PLUGGED,36.5264877,-98.1256102,ALFALFA,26.00,24N,09W,,,CN2,SE,IM,1320.0,W,1980.0,S
3500320532,https://public.occ.ok.gov/OGCDWellRecords/Search.aspx?searchcommand=%7B%5BOG%20Well%20Records%5D%3A%5BAPI%20Number%5D%3D%223500320532%2A%22%7D,B DAVIS,#2,GAMBLER OIL LLC (THE),STFD,OIL,STATE_FUNDS_PLUGGING,36.490592,-98.236309,ALFALFA,11.00,23N,10W,,C,NW,NE,IM,660.0,W,1980.0,S
3500320533,https://public.occ.ok.gov/OGCDWellRecords/Search.aspx?searchcommand=%7B%5BOG%20Well%20Records%5D%3A%5BAPI%20Number%5D%3D%223500320533%2A%22%7D,RENEAU ROSE,#1,COG PETROLEUM CORPORATION,STFD,GAS,STATE_FUNDS_PLUGGING,36.635709,-98.38047,ALFALFA,21.00,25N,11W,,,NE,NE,IM,1940.0,W,1980.0,S
3500320534,https://public.occ.ok.gov/OGCDWellRecords/Search.aspx?searchcommand=%7B%5BOG%20Well%20Records%5D%3A%5BAPI%20Number%5D%3D%223500320534%2A%22%7D,COMBRINK,#1,PETROLEUM WASTE RECOVERY INC,PA,DRY,PLUGGED,36.9942084,-98.315745,ALFALFA,18.00,29N,10W,,SE,SW,NE,IM,990.0,W,330.0,S
3500320535,https://public.occ.ok.gov/OGCDWellRecords/Search.aspx?searchcommand=%7B%5BOG%20Well%20Records%5D%3A%5BAPI%20Number%5D%3D%223500320535%2A%22%7D,MEANS,#1,CHOATE KENNY dba REBOUND OIL CO,STFD,GAS,STATE_FUNDS_PLUGGING,36.619279,-98.374175,ALFALFA,27.00,25N,11W,,,,NW,IM,1320.0,W,1320.0,S
3500320536,https://public.occ.ok.gov/OGCDWellRecords/Search.aspx?searchcommand=%7B%5BOG%20Well%20Records%5D%3A%5BAPI%20Number%5D%3D%223500320536%2A%22%7D,MCSPARRIN,#4-2,SUPERIOR OIL & GAS LLC,AC,OIL,OIL,36.504947,-98.173493,ALFALFA,4.00,23N,09W,,,CNW,NW,IM,660.0,W,1986.0,S
3500320537,https://public.occ.ok.gov/OGCDWellRecords/Search.aspx?searchcommand=%7B%5BOG%20Well%20Records%5D%3A%5BAPI%20Number%5D%3D%223500320537%2A%22%7D,NORTON,#1,OTC/OCC NOT ASSIGNED,PA,DRY,PLUGGED,36.5774074,-98.3389343,ALFALFA,11.00,24N,11W,,,CNE,NE,IM,1980.0,W,1980.0,S
3500320538,https://public.occ.ok.gov/OGCDWellRecords/Search.aspx?searchcommand=%7B%5BOG%20Well%20Records%5D%3A%5BAPI%20Number%5D%3D%223500320538%2A%22%7D,THOMASON,#1-2,CUMMINGS OIL COMPANY,PA,DRY,PLUGGED,36.844112,-98.463852,ALFALFA,2.00,27N,12W,,,,SW,IM,1320.0,W,1320.0,S
3500320539,https://public.occ.ok.gov/OGCDWellRecords/Search.aspx?searchcommand=%7B%5BOG%20Well%20Records%5D%3A%5BAPI%20Number%5D%3D%223500320539%2A%22%7D,WRIGHT,#1,BCE-MACH LLC,AC,GAS,GAS,36.657472,-98.34892,ALFALFA,11.00,25N,11W,,,NW,SE,IM,560.0,W,1980.0,S
3500320540,https://public.occ.ok.gov/OGCDWellRecords/Search.aspx?searchcommand=%7B%5BOG%20Well%20Records%5D%3A%5BAPI%20Number%5D%3D%223500320540%2A%22%7D,HARTMAN,#1,HUNGERFORD OIL & GAS INC,PA,DRY,PLUGGED,36.6076119,-98.2801888,ALFALFA,33.00,25N,10W,,NE,NE,NW,IM,2310.0,W,2310.0,S
3500320541,https://public.occ.ok.gov/OGCDWellRecords/Search.aspx?searchcommand=%7B%5BOG%20Well%20Records%5D%3A%5BAPI%20Number%5D%3D%223500320541%2A%22%7D,SHEPARD,#1,OTC/OCC NOT ASSIGNED,PA,DRY,PLUGGED,36.5774069,-98.347923,ALFALFA,11.00,24N,11W,,,CNE,NW,IM,1980.0,W,1980.0,S
3500320542,https://public.occ.ok.gov/OGCDWellRecords/Search.aspx?searchcommand=%7B%5BOG%20Well%20Records%5D%3A%5BAPI%20Number%5D%3D%223500320542%2A%22%7D,WHITMAN,#2,BOBWHITE PRODUCTION CO INC,PA,OIL,PLUGGED,36.4912156,-98.1851116,ALFALFA,8.00,23N,09W,,CNE,NE,NW,IM,2310.0,W,2310.0,S
3500320543,https://public.occ.ok.gov/OGCDWellRecords/Search.aspx?searchcommand=%7B%5BOG%20Well%20Records%5D%3A%5BAPI%20Number%5D%3D%223500320543%2A%22%7D,WISE,#6-1,CONTINENTAL RESOURCES INC,PA,OIL,PLUGGED,36.584496,-98.5230704,ALFALFA,6.00,24N,12W,,,CNW,SE,IM,660.0,W,1980.0,S
3500320544,https://public.occ.ok.gov/OGCDWellRecords/Search.aspx?searchcommand=%7B%5BOG%20Well%20Records%5D%3A%5BAPI%20Number%5D%3D%223500320544%2A%22%7D,MINNICK,#1,DINSMORE C E,PA,OIL,PLUGGED,36.5348063,-98.3535315,ALFALFA,26.00,24N,11W,,NW,NW,NW,IM,330.0,W,2310.0,S
3500320545,https://public.occ.ok.gov/OGCDWellRecords/Search.aspx?searchcommand=%7B%5BOG%20Well%20Records%5D%3A%5BAPI%20Number%5D%3D%223500320545%2A%22%7D,GRAY,#1,CHAMPLIN EXPLORATION INC,PA,WSW,PLUGGED,36.896206,-98.19123,ALFALFA,20.00,28N,09W,,,CNE,NW,IM,1980.0,W,1980.0,S
3500320546,https://public.occ.ok.gov/OGCDWellRecords/Search.aspx?searchcommand=%7B%5BOG%20Well%20Records%5D%3A%5BAPI%20Number%5D%3D%223500320546%2A%22%7D,LESLIE,#29-A,"RAW CRUDE OIL & GAS, L.L.C.",OR,GAS,ORPHAN,36.617482,-98.515482,ALFALFA,29.00,25N,12W,C,NE,SE,NW,IM,2310.0,W,990.0,S
3500320547,https://public.occ.ok.gov/OGCDWellRecords/Search.aspx?searchcommand=%7B%5BOG%20Well%20Records%5D%3A%5BAPI%20Number%5D%3D%223500320547%2A%22%7D,ERSKINE,#1-36,HARBOR RESOURCES LLC,AC,GAS,GAS,36.772076,-98.43455,ALFALFA,36.00,27N,12W,S2,S2,NE,SE,IM,2080.0,W,1350.0,S
3500320548,https://public.occ.ok.gov/OGCDWellRecords/Search.aspx?searchcommand=%7B%5BOG%20Well%20Records%5D%3A%5BAPI%20Number%5D%3D%223500320548%2A%22%7D,HUSTED,#1,OTC/OCC NOT ASSIGNED,PA,GAS,PLUGGED,36.5736194,-98.5230692,ALFALFA,7.00,24N,12W,,,SW,NE,IM,660.0,W,660.0,S
3500320549,https://public.occ.ok.gov/OGCDWellRecords/Search.aspx?searchcommand=%7B%5BOG%20Well%20Records%5D%3A%5BAPI%20Number%5D%3D%223500320549%2A%22%7D,EVA,#1,DIVERSIFIED PRODUCTION LLC,AC,GAS,GAS,36.4858312,-98.5262008,ALFALFA,7.00,23N,12W,,,SE,NW,IM,1980.0,W,660.0,S
3500320550,https://public.occ.ok.gov/OGCDWellRecords/Search.aspx?searchcommand=%7B%5BOG%20Well%20Records%5D%3A%5BAPI%20Number%5D%3D%223500320550%2A%22%7D,"L FORD ""A""",#2,"TOKEN OPERATING, LLC",AC,OIL,OIL,36.519223,-98.442267,ALFALFA,36.00,24N,12W,,C,NW,NW,IM,660.0,W,1980.0,S
3500320551,https://public.occ.ok.gov/OGCDWellRecords/Search.aspx?searchcommand=%7B%5BOG%20Well%20Records%5D%3A%5BAPI%20Number%5D%3D%223500320551%2A%22%7D,"LUTHER FORD ""B""",#2,CONTINENTAL RESOURCES INC,PA,OIL,PLUGGED,36.512802,-98.432697,ALFALFA,36.00,24N,12W,SW,NE,NW,SE,IM,801.0,W,2289.0,S
3500320552,https://public.occ.ok.gov/OGCDWellRecords/Search.aspx?searchcommand=%7B%5BOG%20Well%20Records%5D%3A%5BAPI%20Number%5D%3D%223500320552%2A%22%7D,STEIN,#1,OTC/OCC NOT ASSIGNED,PA,DRY,PLUGGED,36.7154573,-98.3984977,ALFALFA,20.00,26N,11W,,,CNE,SE,IM,1980.0,W,1980.0,S
3500320553,https://public.occ.ok.gov/OGCDWellRecords/Search.aspx?searchcommand=%7B%5BOG%20Well%20Records%5D%3A%5BAPI%20Number%5D%3D%223500320553%2A%22%7D,OVERSTREET,#1,OTC/OCC NOT ASSIGNED,PA,DRY,PLUGGED,36.8296727,-98.292607,ALFALFA,8.00,27N,10W,,,,SE,IM,1320.0,W,1320.0,S
3500320554,https://public.occ.ok.gov/OGCDWellRecords/Search.aspx?searchcommand=%7B%5BOG%20Well%20Records%5D%3A%5BAPI%20Number%5D%3D%223500320554%2A%22%7D,THOMASON,#1-9,CUMMINGS OIL COMPANY,PA,OIL,PLUGGED,36.8295669,-98.4998992,ALFALFA,9.00,27N,12W,,,,SW,IM,1320.0,W,1320.0,S
3500320555,https://public.occ.ok.gov/OGCDWellRecords/Search.aspx?searchcommand=%7B%5BOG%20Well%20Records%5D%3A%5BAPI%20Number%5D%3D%223500320555%2A%22%7D,MYERS,#29-A,OTC/OCC NOT ASSIGNED,PA,DRY,PLUGGED,36.7888707,-98.4063871,ALFALFA,29.00,27N,11W,,NE,NE,SW,IM,2310.0,W,2310.0,S
3500320556,https://public.occ.ok.gov/OGCDWellRecords/Search.aspx?searchcommand=%7B%5BOG%20Well%20Records%5D%3A%5BAPI%20Number%5D%3D%223500320556%2A%22%7D,WHARTON,#1,D & D PIPE & EQUIPMENT INC,PA,OIL,PLUGGED,36.4686211,-98.397312,ALFALFA,17.00,23N,11W,,,CNW,SE,IM,660.0,W,1980.0,S
3500320557,https://public.occ.ok.gov/OGCDWellRecords/Search.aspx?searchcommand=%7B%5BOG%20Well%20Records%5D%3A%5BAPI%20Number%5D%3D%223500320557%2A%22%7D,BULLER,#2,RUSSELL D MELOY OIL & GAS CO,OR,OIL,ORPHAN,36.493086,-98.168634,ALFALFA,4.00,23N,09W,,SE,SE,SW,IM,2350.0,W,330.0,S
3500320558,https://public.occ.ok.gov/OGCDWellRecords/Search.aspx?searchcommand=%7B%5BOG%20Well%20Records%5D%3A%5BAPI%20Number%5D%3D%223500320558%2A%22%7D,BONTRAGER,#1,SKYCAP ENERGY LLC,AC,GAS,GAS,36.605036,-98.518291,ALFALFA,32.00,25N,12W,,,C,NW,IM,1320.0,W,1320.0,S
3500320559,https://public.occ.ok.gov/OGCDWellRecords/Search.aspx?searchcommand=%7B%5BOG%20Well%20Records%5D%3A%5BAPI%20Number%5D%3D%223500320559%2A%22%7D,PENNER,#4-1,RUSSELL D MELOY OIL & GAS CO,OR,OIL,ORPHAN,36.500751,-98.165989,ALFALFA,4.00,23N,09W,N2,SW,SW,NE,IM,330.0,W,480.0,S
3500320560,https://public.occ.ok.gov/OGCDWellRecords/Search.aspx?searchcommand=%7B%5BOG%20Well%20Records%5D%3A%5BAPI%20Number%5D%3D%223500320560%2A%22%7D,WORK,#1,BUMBLEBEE ENERGY LLC,AC,OIL,OIL,36.595676,-98.53816,ALFALFA,31.00,25N,12W,,C,SW,SW,IM,660.0,W,660.0,S
3500320561,https://public.occ.ok.gov/OGCDWellRecords/Search.aspx?searchcommand=%7B%5BOG%20Well%20Records%5D%3A%5BAPI%20Number%5D%3D%223500320561%2A%22%7D,DAVIS,#2-33,SUPERIOR PRODUCTION LLC,AC,OIL,OIL,36.508502,-98.173678,ALFALFA,33.00,24N,09W,,C,SW,SW,IM,660.0,W,660.0,S
3500320562,https://public.occ.ok.gov/OGCDWellRecords/Search.aspx?searchcommand=%7B%5BOG%20Well%20Records%5D%3A%5BAPI%20Number%5D%3D%223500320562%2A%22%7D,G A DOWERS,#3,SUPERIOR PRODUCTION LLC,AC,OIL,OIL,36.508488,-98.187662,ALFALFA,32.00,24N,09W,,,SE,SW,IM,1830.0,W,660.0,S
3500320563,https://public.occ.ok.gov/OGCDWellRecords/Search.aspx?searchcommand=%7B%5BOG%20Well%20Records%5D%3A%5BAPI%20Number%5D%3D%223500320563%2A%22%7D,BAKER,#1,OTC/OCC NOT ASSIGNED,PA,DRY,PLUGGED,36.6156704,-98.4998611,ALFALFA,28.00,25N,12W,,,,W2,IM,1320.0,W,2640.0,S
3500320564,https://public.occ.ok.gov/OGCDWellRecords/Search.aspx?searchcommand=%7B%5BOG%20Well%20Records%5D%3A%5BAPI%20Number%5D%3D%223500320564%2A%22%7D,ANCELL,#1,OTC/OCC NOT ASSIGNED,PA,OIL,PLUGGED,36.9142235,-98.1230862,ALFALFA,12.00,28N,09W,NW,SE,SW,SW,IM,800.0,W,400.0,S
3500320565,https://public.occ.ok.gov/OGCDWellRecords/Search.aspx?searchcommand=%7B%5BOG%20Well%20Records%5D%3A%5BAPI%20Number%5D%3D%223500320565%2A%22%7D,HATFIELD A,#1-1,DIVERSIFIED PRODUCTION LLC,AC,GAS,GAS,36.670162,-98.32865,ALFALFA,1.00,25N,11W,S2,S2,N2,SE,IM,1320.0,W,1390.0,S
3500320566,https://public.occ.ok.gov/OGCDWellRecords/Search.aspx?searchcommand=%7B%5BOG%20Well%20Records%5D%3A%5BAPI%20Number%5D%3D%223500320566%2A%22%7D,CONNOR,#1-17,CUMMINGS OIL COMPANY,PA,DRY,PLUGGED,36.8222909,-98.5089039,ALFALFA,17.00,27N,12W,,,,NE,IM,330.0,W,660.0,S
3500320567,https://public.occ.ok.gov/OGCDWellRecords/Search.aspx?searchcommand=%7B%5BOG%20Well%20Records%5D%3A%5BAPI%20Number%5D%3D%223500320567%2A%22%7D,MCCOLLUM,#1,RKK PRODUCTION COMPANY,PA,NT,PLUGGED,36.5012383,-98.2401282,ALFALFA,2.00,23N,10W,,,SE,NW,IM,2310.0,W,660.0,S
3500320568,https://public.occ.ok.gov/OGCDWellRecords/Search.aspx?searchcommand=%7B%5BOG%20Well%20Records%5D%3A%5BAPI%20Number%5D%3D%223500320568%2A%22%7D,GINDER,#10-1,DUPLIN CORPORATION,PA,GAS,PLUGGED,36.833281,-98.2655765,ALFALFA,10.00,27N,10W,,,,CW2,IM,2310.0,W,2640.0,S
3500320569,https://public.occ.ok.gov/OGCDWellRecords/Search.aspx?searchcommand=%7B%5BOG%20Well%20Records%5D%3A%5BAPI%20Number%5D%3D%223500320569%2A%22%7D,"MEANS ""A""",#1-6,M3V ENERGY LLC,AC,GAS,GAS,36.670176,-98.312302,ALFALFA,6.00,25N,10W,E2,E2,W2,SE,IM,1120.0,W,1320.0,S
3500320570,https://public.occ.ok.gov/OGCDWellRecords/Search.aspx?searchcommand=%7B%5BOG%20Well%20Records%5D%3A%5BAPI%20Number%5D%3D%223500320570%2A%22%7D,HUGHES,#2,WESTSTAR OIL & GAS INC,PA,OIL,PLUGGED,36.5270179,-98.4686117,ALFALFA,27.00,24N,12W,SW,NE,NW,SE,IM,803.0,W,2265.0,S
3500320571,https://public.occ.ok.gov/OGCDWellRecords/Search.aspx?searchcommand=%7B%5BOG%20Well%20Records%5D%3A%5BAPI%20Number%5D%3D%223500320571%2A%22%7D,THOMASON /A/,#1-10,CUMMINGS OIL COMPANY,PA,DRY,PLUGGED,36.8368408,-98.4818744,ALFALFA,10.00,27N,12W,,,,NW,IM,1320.0,W,1320.0,S
3500320572,https://public.occ.ok.gov/OGCDWellRecords/Search.aspx?searchcommand=%7B%5BOG%20Well%20Records%5D%3A%5BAPI%20Number%5D%3D%223500320572%2A%22%7D,MORRIS A,#1-4,DIVERSIFIED PRODUCTION LLC,AC,GAS,GAS,36.669787,-98.168159,ALFALFA,4.00,25N,09W,,,C,SE,IM,1320.0,W,1320.0,S
3500320573,https://public.occ.ok.gov/OGCDWellRecords/Search.aspx?searchcommand=%7B%5BOG%20Well%20Records%5D%3A%5BAPI%20Number%5D%3D%223500320573%2A%22%7D,BRINING,#2-32,KIRKPATRICK RONALD B,PA,OIL,PLUGGED,36.7789005,-98.4097649,ALFALFA,32.00,27N,11W,,,,NW,IM,660.0,W,1320.0,S
3500320574,https://public.occ.ok.gov/OGCDWellRecords/Search.aspx?searchcommand=%7B%5BOG%20Well%20Records%5D%3A%5BAPI%20Number%5D%3D%223500320574%2A%22%7D,WEIGAND,#1,POOL LLOYD OPERATING LLC,PA,NT,PLUGGED,36.66018,-98.3861,ALFALFA,9.00,25N,11W,,SW,SW,NE,IM,330.0,W,330.0,S
3500320575,https://public.occ.ok.gov/OGCDWellRecords/Search.aspx?searchcommand=%7B%5BOG%20Well%20Records%5D%3A%5BAPI%20Number%5D%3D%223500320575%2A%22%7D,BUCHANAN A,#1-33,NORTH LAKE RESOURCES LLC,AC,GAS,GAS,36.686898,-98.176293,ALFALFA,33.00,26N,09W,NW,NW,NE,SW,IM,1532.0,W,2328.0,S
3500320576,https://public.occ.ok.gov/OGCDWellRecords/Search.aspx?searchcommand=%7B%5BOG%20Well%20Records%5D%3A%5BAPI%20Number%5D%3D%223500320576%2A%22%7D,VANCE,#2,DOMINION OK TX E & P INC,PA,OIL,PLUGGED,36.5003001,-98.1940972,ALFALFA,6.00,23N,09W,,SE,SE,NE,IM,330.0,E,330.0,S
3500320577,https://public.occ.ok.gov/OGCDWellRecords/Search.aspx?searchcommand=%7B%5BOG%20Well%20Records%5D%3A%5BAPI%20Number%5D%3D%223500320577%2A%22%7D,KIEFFER,#1,HUX OIL COMPANY LLC,AC,OIL,OIL,36.490418,-98.164933,ALFALFA,9.00,23N,09W,,C,NW,NE,IM,660.0,W,1980.0,S
3500320578,https://public.occ.ok.gov/OGCDWellRecords/Search.aspx?searchcommand=%7B%5BOG%20Well%20Records%5D%3A%5BAPI%20Number%5D%3D%223500320578%2A%22%7D,ROSE ROBERT,#1,COG PETROLEUM CORPORATION,PA,GAS,PLUGGED,36.6678906,-98.3646969,ALFALFA,3.00,25N,11W,N2,S2,S2,SE,IM,1320.0,W,400.0,S
3500320579,https://public.occ.ok.gov/OGCDWellRecords/Search.aspx?searchcommand=%7B%5BOG%20Well%20Records%5D%3A%5BAPI%20Number%5D%3D%223500320579%2A%22%7D,RIDGEWAY /A/,#1-8,ANADARKO PETROLEUM CORPORATION,PA,GAS,PLUGGED,36.6587448,-98.1934468,ALFALFA,8.00,25N,09W,N2,N2,N2,SW,IM,1320.0,W,2540.0,S
3500320580,https://public.occ.ok.gov/OGCDWellRecords/Search.aspx?searchcommand=%7B%5BOG%20Well%20Records%5D%3A%5BAPI%20Number%5D%3D%223500320580%2A%22%7D,WHARTON,#2,OTC/OCC NOT ASSIGNED,PA,OIL,PLUGGED,36.4659021,-98.3928234,ALFALFA,17.00,23N,11W,,CN2,SE,SE,IM,1980.0,W,990.0,S
3500320581,https://public.occ.ok.gov/OGCDWellRecords/Search.aspx?searchcommand=%7B%5BOG%20Well%20Records%5D%3A%5BAPI%20Number%5D%3D%223500320581%2A%22%7D,GEORGE C,#1-9,PANENERGY SERVICES INC,PA,GAS,PLUGGED,36.6623471,-98.1748595,ALFALFA,9.00,25N,09W,NW,NW,SE,NW,IM,1420.0,W,1220.0,S
3500320582,https://public.occ.ok.gov/OGCDWellRecords/Search.aspx?searchcommand=%7B%5BOG%20Well%20Records%5D%3A%5BAPI%20Number%5D%3D%223500320582%2A%22%7D,BAKER,#1,OTC/OCC NOT ASSIGNED,PA,DRY,PLUGGED,36.6102322,-98.4998611,ALFALFA,28.00,25N,12W,,,CS2,SW,IM,1320.0,W,660.0,S
3500320583,https://public.occ.ok.gov/OGCDWellRecords/Search.aspx?searchcommand=%7B%5BOG%20Well%20Records%5D%3A%5BAPI%20Number%5D%3D%223500320583%2A%22%7D,WEST /A/,#1-10,PANENERGY SERVICES INC,PA,DRY,PLUGGED,36.6627743,-98.1573971,ALFALFA,10.00,25N,09W,,,,NW,IM,2540.0,W,1320.0,S
3500320584,https://public.occ.ok.gov/OGCDWellRecords/Search.aspx?searchcommand=%7B%5BOG%20Well%20Records%5D%3A%5BAPI%20Number%5D%3D%223500320584%2A%22%7D,MARTENEY,#2,BRG PETROLEUM INC,PA,OIL,PLUGGED,36.5039244,-98.2098127,ALFALFA,6.00,23N,09W,,SW,NW,NW,IM,330.0,W,1650.0,S
3500320585,https://public.occ.ok.gov/OGCDWellRecords/Search.aspx?searchcommand=%7B%5BOG%20Well%20Records%5D%3A%5BAPI%20Number%5D%3D%223500320585%2A%22%7D,ROSE SIMMONS,#1,CLASSEN OIL & GAS CO,PA,GAS,PLUGGED,36.6629058,-98.364696,ALFALFA,10.00,25N,11W,,,,NE,IM,948.0,W,1320.0,S
3500320586,https://public.occ.ok.gov/OGCDWellRecords/Search.aspx?searchcommand=%7B%5BOG%20Well%20Records%5D%3A%5BAPI%20Number%5D%3D%223500320586%2A%22%7D,DEVEREAUX,#2,"TOKEN OPERATING, LLC",AC,OIL,OIL,36.526149,-98.43268,ALFALFA,25.00,24N,12W,NW,SE,NW,SE,IM,860.0,W,1680.0,S
3500320587,https://public.occ.ok.gov/OGCDWellRecords/Search.aspx?searchcommand=%7B%5BOG%20Well%20Records%5D%3A%5BAPI%20Number%5D%3D%223500320587%2A%22%7D,SCHMIDT,#2,EOG (OKLAHOMA) INC,PA,OIL,PLUGGED,36.4876108,-98.1940969,ALFALFA,7.00,23N,09W,,NE,SE,NE,IM,2310.0,W,1980.0,S
3500320588,https://public.occ.ok.gov/OGCDWellRecords/Search.aspx?searchcommand=%7B%5BOG%20Well%20Records%5D%3A%5BAPI%20Number%5D%3D%223500320588%2A%22%7D,STATE OF OKLA /B/,#1-36,PANENERGY SERVICES INC,PA,GAS,PLUGGED,36.6844669,-98.1123502,ALFALFA,36.00,26N,09W,,,,SE,IM,1320.0,W,1320.0,S
3500320590,https://public.occ.ok.gov/OGCDWellRecords/Search.aspx?searchcommand=%7B%5BOG%20Well%20Records%5D%3A%5BAPI%20Number%5D%3D%223500320590%2A%22%7D,ECK,#1,OTC/OCC NOT ASSIGNED,PA,GAS,PLUGGED,36.5247033,-98.1435743,ALFALFA,27.00,24N,09W,,,,SE,IM,1320.0,W,1320.0,S
3500320591,https://public.occ.ok.gov/OGCDWellRecords/Search.aspx?searchcommand=%7B%5BOG%20Well%20Records%5D%3A%5BAPI%20Number%5D%3D%223500320591%2A%22%7D,MARY PERKUL,#1,HONDO OIL & GAS COMPANY,PA,OIL,PLUGGED,36.4911918,-98.1738815,ALFALFA,9.00,23N,09W,,NW,NW,NW,IM,330.0,W,2310.0,S
3500320592,https://public.occ.ok.gov/OGCDWellRecords/Search.aspx?searchcommand=%7B%5BOG%20Well%20Records%5D%3A%5BAPI%20Number%5D%3D%223500320592%2A%22%7D,KEIFFER B,#1,OTC/OCC NOT ASSIGNED,PA,DRY,PLUGGED,36.4830353,-98.1637805,ALFALFA,9.00,23N,09W,,,CNW,SE,IM,660.0,W,1980.0,S
3500320593,https://public.occ.ok.gov/OGCDWellRecords/Search.aspx?searchcommand=%7B%5BOG%20Well%20Records%5D%3A%5BAPI%20Number%5D%3D%223500320593%2A%22%7D,MONSEES,#2,EDINGER ENGINEERING INC,PA,OIL,PLUGGED,36.4976253,-98.3973145,ALFALFA,5.00,23N,11W,,,NW,SE,IM,330.0,W,1980.0,S
3500320594,https://public.occ.ok.gov/OGCDWellRecords/Search.aspx?searchcommand=%7B%5BOG%20Well%20Records%5D%3A%5BAPI%20Number%5D%3D%223500320594%2A%22%7D,BLACKLEDGE A,#1-6,M3V ENERGY LLC,AC,GAS,GAS,36.677167,-98.212491,ALFALFA,6.00,25N,09W,N2,N2,S2,NW,IM,1320.0,W,1316.0,S
3500320595,https://public.occ.ok.gov/OGCDWellRecords/Search.aspx?searchcommand=%7B%5BOG%20Well%20Records%5D%3A%5BAPI%20Number%5D%3D%223500320595%2A%22%7D,H DAVIS,#2,HARBOR RESOURCES LLC,AC,OIL,OIL,36.490639,-98.227588,ALFALFA,12.00,23N,10W,,,NW,NW,IM,660.0,W,1980.0,S
3500320596,https://public.occ.ok.gov/OGCDWellRecords/Search.aspx?searchcommand=%7B%5BOG%20Well%20Records%5D%3A%5BAPI%20Number%5D%3D%223500320596%2A%22%7D,METCALF A,#1-32,DIVERSIFIED PRODUCTION LLC,AC,GAS,GAS,36.684649,-98.301914,ALFALFA,32.00,26N,10W,W2,W2,E2,SW,IM,1520.0,W,1320.0,S
3500320597,https://public.occ.ok.gov/OGCDWellRecords/Search.aspx?searchcommand=%7B%5BOG%20Well%20Records%5D%3A%5BAPI%20Number%5D%3D%223500320597%2A%22%7D,BULLER,#2,CLAY A MUEGGE,AC,OIL,OIL,36.497358,-98.210449,ALFALFA,6.00,23N,09W,,SW,NW,SW,IM,330.0,W,1650.0,S
3500320598,https://public.occ.ok.gov/OGCDWellRecords/Search.aspx?searchcommand=%7B%5BOG%20Well%20Records%5D%3A%5BAPI%20Number%5D%3D%223500320598%2A%22%7D,SEVERIN,#1,DOWNEY OIL COMPANY,PA,OIL,PLUGGED,36.4793557,-98.1278524,ALFALFA,11.00,23N,09W,,,CSW,SE,IM,660.0,W,660.0,S
3500320599,https://public.occ.ok.gov/OGCDWellRecords/Search.aspx?searchcommand=%7B%5BOG%20Well%20Records%5D%3A%5BAPI%20Number%5D%3D%223500320599%2A%22%7D,FRIEDA LAMLE,#12-1,CANVAS ENERGY LLC,AC,OIL,OIL,36.437667,-98.486631,ALFALFA,12.00,23N,12W,,NW,NW,NW,IM,330.0,W,2310.0,S
3500320600,https://public.occ.ok.gov/OGCDWellRecords/Search.aspx?searchcommand=%7B%5BOG%20Well%20Records%5D%3A%5BAPI%20Number%5D%3D%223500320600%2A%22%7D,C IRWIN A,#2,"TOKEN OPERATING, LLC",AC,OIL,OIL,36.533835,-98.46019,ALFALFA,26.00,24N,12W,,C,NW,NW,IM,660.0,W,1980.0,S
3500320601,https://public.occ.ok.gov/OGCDWellRecords/Search.aspx?searchcommand=%7B%5BOG%20Well%20Records%5D%3A%5BAPI%20Number%5D%3D%223500320601%2A%22%7D,CARMON,#30-1,JONES & PELLOW OIL CO,PA,DRY,PLUGGED,36.9579554,-98.3225188,ALFALFA,30.00,29N,10W,,SW,SE,SW,IM,1650.0,W,330.0,S
3500320602,https://public.occ.ok.gov/OGCDWellRecords/Search.aspx?searchcommand=%7B%5BOG%20Well%20Records%5D%3A%5BAPI%20Number%5D%3D%223500320602%2A%22%7D,FRIEDA LAMLE,#12-2,CANVAS ENERGY LLC,AC,OIL,OIL,36.486699,-98.437685,ALFALFA,12.00,23N,12W,,C,SE,NW,IM,1980.0,W,660.0,S
3500320603,https://public.occ.ok.gov/OGCDWellRecords/Search.aspx?searchcommand=%7B%5BOG%20Well%20Records%5D%3A%5BAPI%20Number%5D%3D%223500320603%2A%22%7D,ALLEN,#1,NATIONAL OIL COMPANY (THE),PA,DRY,PLUGGED,36.7516649,-98.4660864,ALFALFA,11.00,26N,12W,,,CNW,NW,IM,660.0,W,1980.0,S
3500320604,https://public.occ.ok.gov/OGCDWellRecords/Search.aspx?searchcommand=%7B%5BOG%20Well%20Records%5D%3A%5BAPI%20Number%5D%3D%223500320604%2A%22%7D,RAUH,#1,KAISER-FRANCIS OIL COMPANY,AC,GAS,GAS,36.757005,-98.53594,ALFALFA,6.00,26N,12W,,,,SW,IM,1320.0,W,1320.0,S
3500320605,https://public.occ.ok.gov/OGCDWellRecords/Search.aspx?searchcommand=%7B%5BOG%20Well%20Records%5D%3A%5BAPI%20Number%5D%3D%223500320605%2A%22%7D,TUCKER C,#1-28,DIVERSIFIED PRODUCTION LLC,AC,GAS,GAS,36.700592,-98.170636,ALFALFA,28.00,26N,09W,,C,NW,SE,IM,660.0,W,1980.0,S
3500320606,https://public.occ.ok.gov/OGCDWellRecords/Search.aspx?searchcommand=%7B%5BOG%20Well%20Records%5D%3A%5BAPI%20Number%5D%3D%223500320606%2A%22%7D,ROSE NEWBY,#1,"RAW CRUDE OIL & GAS, L.L.C.",OR,GAS,ORPHAN,36.670161,-98.34667,ALFALFA,2.00,25N,11W,,,,SE,IM,1320.0,W,1320.0,S
3500320607,https://public.occ.ok.gov/OGCDWellRecords/Search.aspx?searchcommand=%7B%5BOG%20Well%20Records%5D%3A%5BAPI%20Number%5D%3D%223500320607%2A%22%7D,LEAMON,#1,SOONER OIL & GAS LLC,AC,GAS,GAS,36.675464,-98.51115,ALFALFA,5.00,25N,12W,,C,SW,NE,IM,660.0,W,663.0,S
3500320608,https://public.occ.ok.gov/OGCDWellRecords/Search.aspx?searchcommand=%7B%5BOG%20Well%20Records%5D%3A%5BAPI%20Number%5D%3D%223500320608%2A%22%7D,ERMA MYERS,#1,OTC/OCC NOT ASSIGNED,PA,DRY,PLUGGED,36.7861397,-98.4187781,ALFALFA,30.00,27N,11W,,,,SE,IM,1320.0,W,1320.0,S
3500320609,https://public.occ.ok.gov/OGCDWellRecords/Search.aspx?searchcommand=%7B%5BOG%20Well%20Records%5D%3A%5BAPI%20Number%5D%3D%223500320609%2A%22%7D,RICH J.M.,#1,"TOKEN OPERATING, LLC",AC,OIL,OIL,36.512005,-98.460156,ALFALFA,35.00,24N,12W,,C,NW,SW,IM,660.0,W,1980.0,S
3500320610,https://public.occ.ok.gov/OGCDWellRecords/Search.aspx?searchcommand=%7B%5BOG%20Well%20Records%5D%3A%5BAPI%20Number%5D%3D%223500320610%2A%22%7D,ARMBRUSTER,#1,OTC/OCC NOT ASSIGNED,PA,DRY,PLUGGED,36.8586682,-98.3917553,ALFALFA,33.00,28N,11W,,,,SW,IM,1980.0,W,1320.0,S
3500320611,https://public.occ.ok.gov/OGCDWellRecords/Search.aspx?searchcommand=%7B%5BOG%20Well%20Records%5D%3A%5BAPI%20Number%5D%3D%223500320611%2A%22%7D,PENNER,#4-A,CONCHO EXPLORATION INC,PA,OIL,PLUGGED,36.4975374,-98.1637818,ALFALFA,4.00,23N,09W,,,CNW,SE,IM,660.0,W,1980.0,S
3500320612,https://public.occ.ok.gov/OGCDWellRecords/Search.aspx?searchcommand=%7B%5BOG%20Well%20Records%5D%3A%5BAPI%20Number%5D%3D%223500320612%2A%22%7D,"HALLORAN  ""A""",#1-31,CHESAPEAKE OPERATING LLC,PA,GAS,PLUGGED,36.688675,-98.20247,ALFALFA,31.00,26N,09W,S2,S2,S2,NE,IM,,,,
3500320613,https://public.occ.ok.gov/OGCDWellRecords/Search.aspx?searchcommand=%7B%5BOG%20Well%20Records%5D%3A%5BAPI%20Number%5D%3D%223500320613%2A%22%7D,ARMBRUSTER,#1-A,OTC/OCC NOT ASSIGNED,PA,OIL,PLUGGED,36.8582153,-98.3900636,ALFALFA,33.00,28N,11W,NE,NW,SE,SW,IM,1905.0,W,1245.0,S
3500320614,https://public.occ.ok.gov/OGCDWellRecords/Search.aspx?searchcommand=%7B%5BOG%20Well%20Records%5D%3A%5BAPI%20Number%5D%3D%223500320614%2A%22%7D,J F CURRY,#2,"TOKEN OPERATING, LLC",AC,OIL,OIL,36.533816,-98.46917,ALFALFA,27.00,24N,12W,,C,NW,NE,IM,660.0,W,1980.0,S
3500320615,https://public.occ.ok.gov/OGCDWellRecords/Search.aspx?searchcommand=%7B%5BOG%20Well%20Records%5D%3A%5BAPI%20Number%5D%3D%223500320615%2A%22%7D,MCCRADY,#1,OTC/OCC NOT ASSIGNED,PA,DRY,PLUGGED,36.6764722,-98.4198964,ALFALFA,6.00,25N,11W,,NE,SW,NE,IM,990.0,W,990.0,S
3500320616,https://public.occ.ok.gov/OGCDWellRecords/Search.aspx?searchcommand=%7B%5BOG%20Well%20Records%5D%3A%5BAPI%20Number%5D%3D%223500320616%2A%22%7D,NE CHEROKEE UNIT,#80,CONOCOPHILLIPS CO,PA,OIL,PLUGGED,36.8061123,-98.3399246,ALFALFA,24.00,27N,11W,,,CSW,NW,IM,660.0,W,660.0,S
3500320617,https://public.occ.ok.gov/OGCDWellRecords/Search.aspx?searchcommand=%7B%5BOG%20Well%20Records%5D%3A%5BAPI%20Number%5D%3D%223500320617%2A%22%7D,WAGAR A,#1-24,BCE-MACH LLC,AC,GAS,GAS,36.720386,-98.118652,ALFALFA,24.00,26N,09W,W2,W2,W2,NE,IM,100.0,W,1320.0,S
3500320618,https://public.occ.ok.gov/OGCDWellRecords/Search.aspx?searchcommand=%7B%5BOG%20Well%20Records%5D%3A%5BAPI%20Number%5D%3D%223500320618%2A%22%7D,P H HERTZLER /B/,#3,"TOKEN OPERATING, LLC",AC,OIL,OIL,36.526602,-98.44223,ALFALFA,25.00,24N,12W,,C,NW,SW,IM,660.0,W,1980.0,S
3500320619,https://public.occ.ok.gov/OGCDWellRecords/Search.aspx?searchcommand=%7B%5BOG%20Well%20Records%5D%3A%5BAPI%20Number%5D%3D%223500320619%2A%22%7D,KENNEDY /D/,#1,SUPERIOR PRODUCTION LLC,AC,GAS,GAS,36.524994,-98.135358,ALFALFA,26.00,24N,09W,SW,SW,NE,SW,IM,1370.0,W,1440.0,S
3500320620,https://public.occ.ok.gov/OGCDWellRecords/Search.aspx?searchcommand=%7B%5BOG%20Well%20Records%5D%3A%5BAPI%20Number%5D%3D%223500320620%2A%22%7D,NE CHEROKEE UNIT,#79,CONOCOPHILLIPS CO,PA,OIL,PLUGGED,36.8061132,-98.3309089,ALFALFA,24.00,27N,11W,,,CSW,NE,IM,660.0,W,660.0,S
3500320621,https://public.occ.ok.gov/OGCDWellRecords/Search.aspx?searchcommand=%7B%5BOG%20Well%20Records%5D%3A%5BAPI%20Number%5D%3D%223500320621%2A%22%7D,MAXEY,#2,ENERGY RESOURCES LTD,PA,GAS,PLUGGED,36.4649511,-98.1952188,ALFALFA,18.00,23N,09W,,,CSE,SE,IM,1980.0,W,660.0,S
3500320622,https://public.occ.ok.gov/OGCDWellRecords/Search.aspx?searchcommand=%7B%5BOG%20Well%20Records%5D%3A%5BAPI%20Number%5D%3D%223500320622%2A%22%7D,HOMER DAVIS A,#2,TWENTY/TWENTY OIL & GAS INC,AC,OIL,OIL,36.476011,-98.217678,ALFALFA,13.00,23N,10W,NW,SE,NW,NE,IM,895.0,W,1955.0,S
3500320623,https://public.occ.ok.gov/OGCDWellRecords/Search.aspx?searchcommand=%7B%5BOG%20Well%20Records%5D%3A%5BAPI%20Number%5D%3D%223500320623%2A%22%7D,COOK /B/,#1-25,PANENERGY SERVICES INC,PA,GAS,PLUGGED,36.7062186,-98.121355,ALFALFA,25.00,26N,09W,,,,NW,IM,1320.0,W,1320.0,S
3500320624,https://public.occ.ok.gov/OGCDWellRecords/Search.aspx?searchcommand=%7B%5BOG%20Well%20Records%5D%3A%5BAPI%20Number%5D%3D%223500320624%2A%22%7D,ETTA IRWIN,#2,"TOKEN OPERATING, LLC",AC,OIL,OIL,36.519824,-98.460085,ALFALFA,35.00,24N,12W,,N2,NW,NW,IM,660.0,W,2180.0,S
3500320625,https://public.occ.ok.gov/OGCDWellRecords/Search.aspx?searchcommand=%7B%5BOG%20Well%20Records%5D%3A%5BAPI%20Number%5D%3D%223500320625%2A%22%7D,POWELL,#1-26,OTC/OCC NOT ASSIGNED,PA,DRY,PLUGGED,36.699098,-98.4548226,ALFALFA,26.00,26N,12W,,,,SE,IM,1320.0,E,1320.0,S
3500320626,https://public.occ.ok.gov/OGCDWellRecords/Search.aspx?searchcommand=%7B%5BOG%20Well%20Records%5D%3A%5BAPI%20Number%5D%3D%223500320626%2A%22%7D,M SMITH,#2,WESTSTAR OIL & GAS INC,PA,OIL,PLUGGED,36.4758885,-98.2895277,ALFALFA,17.00,23N,10W,,,NW,NE,IM,990.0,W,1980.0,S
3500320627,https://public.occ.ok.gov/OGCDWellRecords/Search.aspx?searchcommand=%7B%5BOG%20Well%20Records%5D%3A%5BAPI%20Number%5D%3D%223500320627%2A%22%7D,COOK,#14-1,PLAINSMEN ENERGY LLC,AC,OIL,OIL,36.472202,-98.45569,ALFALFA,14.00,23N,12W,,C,SE,NW,IM,1980.0,W,660.0,S
3500320628,https://public.occ.ok.gov/OGCDWellRecords/Search.aspx?searchcommand=%7B%5BOG%20Well%20Records%5D%3A%5BAPI%20Number%5D%3D%223500320628%2A%22%7D,FRIESDEN,#3-A,OTC/OCC NOT ASSIGNED,PA,DRY,PLUGGED,36.8513429,-98.472856,ALFALFA,3.00,27N,12W,,,,NE,IM,1320.0,W,1320.0,S
3500320629,https://public.occ.ok.gov/OGCDWellRecords/Search.aspx?searchcommand=%7B%5BOG%20Well%20Records%5D%3A%5BAPI%20Number%5D%3D%223500320629%2A%22%7D,HAWKINS,#26-A,CHESAPEAKE OPERATING LLC,PA,GAS,PLUGGED,36.709134,-98.34442,ALFALFA,26.00,26N,11W,,CN2,NE,NE,IM,1980.0,W,2310.0,S
3500320631,https://public.occ.ok.gov/OGCDWellRecords/Search.aspx?searchcommand=%7B%5BOG%20Well%20Records%5D%3A%5BAPI%20Number%5D%3D%223500320631%2A%22%7D,L PECHA,#2,C E D  LC,PA,OIL,PLUGGED,36.4861538,-98.1228019,ALFALFA,11.00,23N,09W,NW,SE,SE,NE,IM,2060.0,W,560.0,S
3500320632,https://public.occ.ok.gov/OGCDWellRecords/Search.aspx?searchcommand=%7B%5BOG%20Well%20Records%5D%3A%5BAPI%20Number%5D%3D%223500320632%2A%22%7D,MCCOLLUM,#B-1,CRAWLEY PETROLEUM CORPORATION,AC,OIL,OIL,36.494941,-98.195891,ALFALFA,6.00,23N,09W,,NE,SE,SE,IM,560.0,E,990.0,S
3500320633,https://public.occ.ok.gov/OGCDWellRecords/Search.aspx?searchcommand=%7B%5BOG%20Well%20Records%5D%3A%5BAPI%20Number%5D%3D%223500320633%2A%22%7D,SAYERS,#1,OTC/OCC NOT ASSIGNED,PA,DRY,PLUGGED,36.72363,-98.3016058,ALFALFA,20.00,26N,10W,,N2,N2,NW,IM,1320.0,W,2310.0,S
3500320634,https://public.occ.ok.gov/OGCDWellRecords/Search.aspx?searchcommand=%7B%5BOG%20Well%20Records%5D%3A%5BAPI%20Number%5D%3D%223500320634%2A%22%7D,GOWER UNIT,#1-17,OTC/OCC NOT ASSIGNED,PA,DRY,PLUGGED,36.5542094,-98.1800658,ALFALFA,17.00,24N,09W,SE,SE,NW,SE,IM,1265.0,W,1395.0,S
3500320635,https://public.occ.ok.gov/OGCDWellRecords/Search.aspx?searchcommand=%7B%5BOG%20Well%20Records%5D%3A%5BAPI%20Number%5D%3D%223500320635%2A%22%7D,COOK,#14-2,KAISER-FRANCIS OIL COMPANY,PA,OIL,PLUGGED,36.4758267,-98.4601811,ALFALFA,14.00,23N,12W,,,NW,NW,IM,330.0,W,1980.0,S
3500320636,https://public.occ.ok.gov/OGCDWellRecords/Search.aspx?searchcommand=%7B%5BOG%20Well%20Records%5D%3A%5BAPI%20Number%5D%3D%223500320636%2A%22%7D,ROSS LECRONE,#2,ANADARKO MINERALS INC,AC,OIL,OIL,36.481187,-98.258603,ALFALFA,10.00,23N,10W,N2,N2,SE,SW,IM,1980.0,W,1170.0,S
3500320637,https://public.occ.ok.gov/OGCDWellRecords/Search.aspx?searchcommand=%7B%5BOG%20Well%20Records%5D%3A%5BAPI%20Number%5D%3D%223500320637%2A%22%7D,WAKITA,#20-122,KENNEDY & MITCHELL INC,PA,DRY,PLUGGED,36.8205274,-98.4728543,ALFALFA,15.00,27N,12W,,,CS2,NE,IM,1320.0,W,660.0,S
3500320638,https://public.occ.ok.gov/OGCDWellRecords/Search.aspx?searchcommand=%7B%5BOG%20Well%20Records%5D%3A%5BAPI%20Number%5D%3D%223500320638%2A%22%7D,HESS,#1,OTC/OCC NOT ASSIGNED,PA,DRY,PLUGGED,36.9586658,-98.1136305,ALFALFA,25.00,29N,09W,,,CSE,SE,IM,1980.0,W,660.0,S
3500320639,https://public.occ.ok.gov/OGCDWellRecords/Search.aspx?searchcommand=%7B%5BOG%20Well%20Records%5D%3A%5BAPI%20Number%5D%3D%223500320639%2A%22%7D,L L SMITH,#1,DILLARD JR A R INC,PA,DRY,PLUGGED,36.8182114,-98.1596794,ALFALFA,15.00,27N,09W,N2,N2,NW,SW,IM,660.0,W,2490.0,S
3500320640,https://public.occ.ok.gov/OGCDWellRecords/Search.aspx?searchcommand=%7B%5BOG%20Well%20Records%5D%3A%5BAPI%20Number%5D%3D%223500320640%2A%22%7D,SKINNER-BARR,#1,"RAW CRUDE OIL & GAS, L.L.C.",OR,GAS,ORPHAN,36.802454,-98.42103,ALFALFA,19.00,27N,11W,,C,NW,SE,IM,660.0,W,1980.0,S
3500320641,https://public.occ.ok.gov/OGCDWellRecords/Search.aspx?searchcommand=%7B%5BOG%20Well%20Records%5D%3A%5BAPI%20Number%5D%3D%223500320641%2A%22%7D,GINDER,#1-27,DIVERSIFIED PRODUCTION LLC,AC,GAS,GAS,36.706083,-98.159401,ALFALFA,27.00,26N,09W,,,C,NW,IM,1320.0,W,1320.0,S
3500320642,https://public.occ.ok.gov/OGCDWellRecords/Search.aspx?searchcommand=%7B%5BOG%20Well%20Records%5D%3A%5BAPI%20Number%5D%3D%223500320642%2A%22%7D,WAKITA,#-122-2,KENNEDY & MITCHELL INC,PA,DRY,PLUGGED,36.8218869,-98.4728543,ALFALFA,15.00,27N,12W,N2,N2,S2,NE,IM,1320.0,W,1245.0,S
3500320643,https://public.occ.ok.gov/OGCDWellRecords/Search.aspx?searchcommand=%7B%5BOG%20Well%20Records%5D%3A%5BAPI%20Number%5D%3D%223500320643%2A%22%7D,NELSON,#1-30,SEAGULL MID-SOUTH INC,PA,DRY,PLUGGED,36.7950713,-98.5359412,ALFALFA,30.00,27N,12W,,,CN2,NW,IM,1320.0,W,1980.0,S
3500320644,https://public.occ.ok.gov/OGCDWellRecords/Search.aspx?searchcommand=%7B%5BOG%20Well%20Records%5D%3A%5BAPI%20Number%5D%3D%223500320644%2A%22%7D,MYRTLE COLLINS,#1,COMBINED RESOURCES CORPORATION,PA,GAS,PLUGGED,36.712747,-98.39286,ALFALFA,21.00,26N,11W,,NE,SW,SW,IM,990.0,W,990.0,S
3500320646,https://public.occ.ok.gov/OGCDWellRecords/Search.aspx?searchcommand=%7B%5BOG%20Well%20Records%5D%3A%5BAPI%20Number%5D%3D%223500320646%2A%22%7D,ETHEL,#1,DIVERSIFIED PRODUCTION LLC,PA,OIL,PLUGGED,36.568272,-98.528996,ALFALFA,7.00,24N,12W,,,C,SW,IM,1320.0,E,1320.0,N
3500320647,https://public.occ.ok.gov/OGCDWellRecords/Search.aspx?searchcommand=%7B%5BOG%20Well%20Records%5D%3A%5BAPI%20Number%5D%3D%223500320647%2A%22%7D,LAMLE JOHN C,#1-1,PYRAMID OIL OF AMERICA INC,PA,OIL,PLUGGED,36.4939729,-98.4287524,ALFALFA,1.00,23N,12W,,,CSE,SE,IM,1980.0,W,660.0,S
3500320648,https://public.occ.ok.gov/OGCDWellRecords/Search.aspx?searchcommand=%7B%5BOG%20Well%20Records%5D%3A%5BAPI%20Number%5D%3D%223500320648%2A%22%7D,MADDOX,#1,RAM ASSET MANAGEMENT CO,PA,OIL,PLUGGED,36.4975366,-98.4961151,ALFALFA,4.00,23N,12W,,,CNW,SW,IM,1980.0,E,660.0,N
3500320649,https://public.occ.ok.gov/OGCDWellRecords/Search.aspx?searchcommand=%7B%5BOG%20Well%20Records%5D%3A%5BAPI%20Number%5D%3D%223500320649%2A%22%7D,O'BANNON,#1,CRAWLEY PETROLEUM CORPORATION,PA,OIL,PLUGGED,36.479507,-98.37486,ALFALFA,9.00,23N,11W,,,CSE,SE,IM,,,,
3500320650,https://public.occ.ok.gov/OGCDWellRecords/Search.aspx?searchcommand=%7B%5BOG%20Well%20Records%5D%3A%5BAPI%20Number%5D%3D%223500320650%2A%22%7D,KIRKENDALL,#2,CHESAPEAKE OPERATING LLC,PA,OIL,PLUGGED,36.468609,-98.41528,ALFALFA,18.00,23N,11W,,,CNW,SE,IM,660.0,W,1980.0,S
3500320651,https://public.occ.ok.gov/OGCDWellRecords/Search.aspx?searchcommand=%7B%5BOG%20Well%20Records%5D%3A%5BAPI%20Number%5D%3D%223500320651%2A%22%7D,SCHMIDT,#22-1,HESTON OIL COMPANY,PA,DRY,PLUGGED,36.5464558,-98.1525605,ALFALFA,22.00,24N,09W,,,,NW,IM,1320.0,W,1320.0,S
3500320652,https://public.occ.ok.gov/OGCDWellRecords/Search.aspx?searchcommand=%7B%5BOG%20Well%20Records%5D%3A%5BAPI%20Number%5D%3D%223500320652%2A%22%7D,ELLIOTT,#1,CHESAPEAKE OPERATING LLC,PA,OIL,PLUGGED,36.4794707,-98.428752,ALFALFA,12.00,23N,12W,,,CSE,SE,IM,1980.0,W,660.0,S
3500320653,https://public.occ.ok.gov/OGCDWellRecords/Search.aspx?searchcommand=%7B%5BOG%20Well%20Records%5D%3A%5BAPI%20Number%5D%3D%223500320653%2A%22%7D,LEE,#1,GEYER BROTHERS EQUIPMENT COMPANY,PA,OIL,PLUGGED,36.4685333,-98.4871323,ALFALFA,16.00,23N,12W,,,CNW,SE,IM,660.0,W,1980.0,S
3500320654,https://public.occ.ok.gov/OGCDWellRecords/Search.aspx?searchcommand=%7B%5BOG%20Well%20Records%5D%3A%5BAPI%20Number%5D%3D%223500320654%2A%22%7D,REXROAT,#1,CRAWLEY PETROLEUM CORPORATION,AC,OIL,OIL,36.46862,-98.40629,ALFALFA,17.00,23N,11W,,,CNW,SW,IM,660.0,W,1980.0,S
3500320655,https://public.occ.ok.gov/OGCDWellRecords/Search.aspx?searchcommand=%7B%5BOG%20Well%20Records%5D%3A%5BAPI%20Number%5D%3D%223500320655%2A%22%7D,NIGHTENGALE,#2,NORTH LAKE RESOURCES LLC,AC,OIL,OIL,36.47586,-98.41528,ALFALFA,18.00,23N,11W,,C,NW,NE,IM,660.0,W,1980.0,S
3500320656,https://public.occ.ok.gov/OGCDWellRecords/Search.aspx?searchcommand=%7B%5BOG%20Well%20Records%5D%3A%5BAPI%20Number%5D%3D%223500320656%2A%22%7D,BENAK,#1,COQUINA OIL CORPORATION,PA,DRY,PLUGGED,36.6143347,-98.1816348,ALFALFA,29.00,25N,09W,SW,NE,NE,SE,IM,2080.0,W,2080.0,S
3500320657,https://public.occ.ok.gov/OGCDWellRecords/Search.aspx?searchcommand=%7B%5BOG%20Well%20Records%5D%3A%5BAPI%20Number%5D%3D%223500320657%2A%22%7D,R.W.TYNER,#2,ANADARKO MINERALS INC,PA,OIL,PLUGGED,36.468532,-98.17276,ALFALFA,16.00,23N,09W,,,CNW,SW,IM,660.0,W,1980.0,S
3500320658,https://public.occ.ok.gov/OGCDWellRecords/Search.aspx?searchcommand=%7B%5BOG%20Well%20Records%5D%3A%5BAPI%20Number%5D%3D%223500320658%2A%22%7D,LOUISE,#1,M3V ENERGY LLC,AC,OIL,OIL,36.495699,-98.50285,ALFALFA,5.00,23N,12W,,,C,SE,IM,1320.0,E,1320.0,N
3500320659,https://public.occ.ok.gov/OGCDWellRecords/Search.aspx?searchcommand=%7B%5BOG%20Well%20Records%5D%3A%5BAPI%20Number%5D%3D%223500320659%2A%22%7D,KIRKENDALL ELLIOTT,#2,CHESAPEAKE OPERATING LLC,PA,OIL,PLUGGED,36.468608,-98.42425,ALFALFA,18.00,23N,11W,,,NW,SW,IM,810.0,W,1980.0,S
3500320660,https://public.occ.ok.gov/OGCDWellRecords/Search.aspx?searchcommand=%7B%5BOG%20Well%20Records%5D%3A%5BAPI%20Number%5D%3D%223500320660%2A%22%7D,GOODNO,#1,DIVERSIFIED PRODUCTION LLC,AC,GAS,GAS,36.519236,-98.53205,ALFALFA,31.00,24N,12W,,C,NW,NW,IM,660.0,W,1980.0,S
3500320661,https://public.occ.ok.gov/OGCDWellRecords/Search.aspx?searchcommand=%7B%5BOG%20Well%20Records%5D%3A%5BAPI%20Number%5D%3D%223500320661%2A%22%7D,BERNARD,#1,CARMEN FIELD LP,PA,GAS,PLUGGED,36.4956984,-98.511834,ALFALFA,5.00,23N,12W,,,,SW,IM,1170.0,W,1320.0,S
3500320662,https://public.occ.ok.gov/OGCDWellRecords/Search.aspx?searchcommand=%7B%5BOG%20Well%20Records%5D%3A%5BAPI%20Number%5D%3D%223500320662%2A%22%7D,NELSON,#1,OTC/OCC NOT ASSIGNED,PA,DRY,PLUGGED,36.7625965,-98.3849794,ALFALFA,4.00,26N,11W,,,CSW,NE,IM,660.0,W,660.0,S
3500320664,https://public.occ.ok.gov/OGCDWellRecords/Search.aspx?searchcommand=%7B%5BOG%20Well%20Records%5D%3A%5BAPI%20Number%5D%3D%223500320664%2A%22%7D,LEAH TORTI,#2,JET OIL COMPANY,PA,OIL,PLUGGED,36.4894841,-98.2906512,ALFALFA,8.00,23N,10W,,SW,NW,NE,IM,990.0,W,1650.0,S
3500320666,https://public.occ.ok.gov/OGCDWellRecords/Search.aspx?searchcommand=%7B%5BOG%20Well%20Records%5D%3A%5BAPI%20Number%5D%3D%223500320666%2A%22%7D,STATE,#16-1,WESTSTAR OIL & GAS INC,PA,OIL,PLUGGED,36.4686306,-98.379348,ALFALFA,16.00,23N,11W,,,CNW,SE,IM,660.0,W,1980.0,S
3500320667,https://public.occ.ok.gov/OGCDWellRecords/Search.aspx?searchcommand=%7B%5BOG%20Well%20Records%5D%3A%5BAPI%20Number%5D%3D%223500320667%2A%22%7D,REIMER,#1-13,HARBOR RESOURCES LLC,AC,OIL,OIL,36.469861,-98.217312,ALFALFA,13.00,23N,10W,,,CNW,SE,IM,660.0,W,1980.0,S
3500320668,https://public.occ.ok.gov/OGCDWellRecords/Search.aspx?searchcommand=%7B%5BOG%20Well%20Records%5D%3A%5BAPI%20Number%5D%3D%223500320668%2A%22%7D,PROVOST,#6-1,PYRAMID OIL OF AMERICA INC,PA,OIL,PLUGGED,36.4938579,-98.51857269999999,ALFALFA,6.00,23N,12W,,,CSE,SE,IM,1980.0,W,660.0,S
3500320669,https://public.occ.ok.gov/OGCDWellRecords/Search.aspx?searchcommand=%7B%5BOG%20Well%20Records%5D%3A%5BAPI%20Number%5D%3D%223500320669%2A%22%7D,CASTLE B,#1-14,ANADARKO PETROLEUM CORPORATION,PA,GAS,PLUGGED,36.728002,-98.1393848,ALFALFA,14.00,26N,09W,,,,CSW,IM,1320.0,W,1320.0,S
3500320670,https://public.occ.ok.gov/OGCDWellRecords/Search.aspx?searchcommand=%7B%5BOG%20Well%20Records%5D%3A%5BAPI%20Number%5D%3D%223500320670%2A%22%7D,BLACKLEDGE,#1-23,CHESAPEAKE OPERATING LLC,PA,GAS,PLUGGED,36.713501,-98.13938,ALFALFA,23.00,26N,09W,,,,SW,IM,1320.0,W,1320.0,S
3500320671,https://public.occ.ok.gov/OGCDWellRecords/Search.aspx?searchcommand=%7B%5BOG%20Well%20Records%5D%3A%5BAPI%20Number%5D%3D%223500320671%2A%22%7D,SMITH,#1-26,BCE-MACH LLC,AC,GAS,GAS,36.705792,-98.141239,ALFALFA,26.00,26N,09W,,,C,NW,IM,1320.0,W,1320.0,S
3500320672,https://public.occ.ok.gov/OGCDWellRecords/Search.aspx?searchcommand=%7B%5BOG%20Well%20Records%5D%3A%5BAPI%20Number%5D%3D%223500320672%2A%22%7D,RICHTER,#31-1,GILLILAND OIL AND GAS INC,AC,OIL,OIL,36.512163,-98.521239,ALFALFA,31.00,24N,12W,,,CNW,SW,IM,660.0,W,1980.0,S
3500320673,https://public.occ.ok.gov/OGCDWellRecords/Search.aspx?searchcommand=%7B%5BOG%20Well%20Records%5D%3A%5BAPI%20Number%5D%3D%223500320673%2A%22%7D,DIAVIGNON,#1,DAMSON OIL CORP,PA,DRY,PLUGGED,36.9364606,-98.533709,ALFALFA,6.00,28N,12W,,,CSE,NW,IM,1980.0,W,660.0,S
3500320674,https://public.occ.ok.gov/OGCDWellRecords/Search.aspx?searchcommand=%7B%5BOG%20Well%20Records%5D%3A%5BAPI%20Number%5D%3D%223500320674%2A%22%7D,SHEPARD,#1,DAMSON OIL CORP,PA,NT,PLUGGED,36.9895669,-98.4952735,ALFALFA,16.00,29N,12W,,,,SE,IM,660.0,W,1980.0,S
3500320675,https://public.occ.ok.gov/OGCDWellRecords/Search.aspx?searchcommand=%7B%5BOG%20Well%20Records%5D%3A%5BAPI%20Number%5D%3D%223500320675%2A%22%7D,PENNER /B/,#4-1,SUPERIOR OIL & GAS LLC,AC,GAS,GAS,36.505773,-98.165807,ALFALFA,4.00,23N,09W,,NW,NW,NE,IM,330.0,W,2310.0,S
3500320676,https://public.occ.ok.gov/OGCDWellRecords/Search.aspx?searchcommand=%7B%5BOG%20Well%20Records%5D%3A%5BAPI%20Number%5D%3D%223500320676%2A%22%7D,SMITH-WEIGAND,#1,SPESS OIL COMPANY INC,AC,GAS,GAS,36.722137,-98.389823,ALFALFA,21.00,26N,11W,,SW,NE,NW,IM,1880.0,W,1650.0,S
3500320677,https://public.occ.ok.gov/OGCDWellRecords/Search.aspx?searchcommand=%7B%5BOG%20Well%20Records%5D%3A%5BAPI%20Number%5D%3D%223500320677%2A%22%7D,AMRINE-WHITE,#1,OTC/OCC NOT ASSIGNED,PA,DRY,PLUGGED,36.7136601,-98.373705,ALFALFA,22.00,26N,11W,,,,SW,IM,1320.0,W,1320.0,S
3500320678,https://public.occ.ok.gov/OGCDWellRecords/Search.aspx?searchcommand=%7B%5BOG%20Well%20Records%5D%3A%5BAPI%20Number%5D%3D%223500320678%2A%22%7D,MCCRAY,#1,DIVERSIFIED PRODUCTION LLC,AC,GAS,GAS,36.502922,-98.52082,ALFALFA,6.00,23N,12W,,,C,NE,IM,1320.0,W,1320.0,S
3500320679,https://public.occ.ok.gov/OGCDWellRecords/Search.aspx?searchcommand=%7B%5BOG%20Well%20Records%5D%3A%5BAPI%20Number%5D%3D%223500320679%2A%22%7D,FOSTER /A/,#1,OTC/OCC NOT ASSIGNED,PA,OIL,PLUGGED,36.8168527,-98.1506619,ALFALFA,15.00,27N,09W,,,CNW,SE,IM,660.0,W,1980.0,S
3500320680,https://public.occ.ok.gov/OGCDWellRecords/Search.aspx?searchcommand=%7B%5BOG%20Well%20Records%5D%3A%5BAPI%20Number%5D%3D%223500320680%2A%22%7D,"STATE  (STATE ""A"" 16-2)",#16-2,WESTSTAR OIL & GAS INC,PA,OIL,PLUGGED,36.4650052,-98.3748594,ALFALFA,16.00,23N,11W,,,CSE,SE,IM,1980.0,W,660.0,S
3500320681,https://public.occ.ok.gov/OGCDWellRecords/Search.aspx?searchcommand=%7B%5BOG%20Well%20Records%5D%3A%5BAPI%20Number%5D%3D%223500320681%2A%22%7D,WALTERS,#1,SEAGULL MID-SOUTH INC,PA,DRY,PLUGGED,36.80051,-98.526928,ALFALFA,19.00,27N,12W,,,,SE,IM,1320.0,W,660.0,S
3500320682,https://public.occ.ok.gov/OGCDWellRecords/Search.aspx?searchcommand=%7B%5BOG%20Well%20Records%5D%3A%5BAPI%20Number%5D%3D%223500320682%2A%22%7D,SHEPARD,#1,HELENA RESOURCES LLC,PA,OIL,PLUGGED,36.507584,-98.23003,ALFALFA,35.00,24N,10W,,SE,SE,SE,IM,2310.0,W,330.0,S
3500320683,https://public.occ.ok.gov/OGCDWellRecords/Search.aspx?searchcommand=%7B%5BOG%20Well%20Records%5D%3A%5BAPI%20Number%5D%3D%223500320683%2A%22%7D,BROWN,#1,OTC/OCC NOT ASSIGNED,PA,DRY,PLUGGED,36.721818,-98.3658251,ALFALFA,22.00,26N,11W,,SE,NW,NE,IM,990.0,W,1650.0,S
3500320684,https://public.occ.ok.gov/OGCDWellRecords/Search.aspx?searchcommand=%7B%5BOG%20Well%20Records%5D%3A%5BAPI%20Number%5D%3D%223500320684%2A%22%7D,DEFOE,#1,FP INC,PA,OIL,PLUGGED,36.5192367,-98.1233639,ALFALFA,35.00,24N,09W,,,CNE,NE,IM,1980.0,W,1980.0,S
3500320685,https://public.occ.ok.gov/OGCDWellRecords/Search.aspx?searchcommand=%7B%5BOG%20Well%20Records%5D%3A%5BAPI%20Number%5D%3D%223500320685%2A%22%7D,HENDERSON,#1,OTC/OCC NOT ASSIGNED,PA,GAS,PLUGGED,36.7190827,-98.3984977,ALFALFA,20.00,26N,11W,,,CSE,NE,IM,1980.0,W,660.0,S
3500320686,https://public.occ.ok.gov/OGCDWellRecords/Search.aspx?searchcommand=%7B%5BOG%20Well%20Records%5D%3A%5BAPI%20Number%5D%3D%223500320686%2A%22%7D,HACKER UNIT,#1,WIL-MC OIL CORPORATION THE,PA,GAS,PLUGGED,36.7118522,-98.3466746,ALFALFA,23.00,26N,11W,,,CS2,SE,IM,1320.0,W,660.0,S
3500320687,https://public.occ.ok.gov/OGCDWellRecords/Search.aspx?searchcommand=%7B%5BOG%20Well%20Records%5D%3A%5BAPI%20Number%5D%3D%223500320687%2A%22%7D,BUTLER,#1,SPESS OIL COMPANY INC,PA,OIL,PLUGGED,36.9686956,-98.514467,ALFALFA,29.00,29N,12W,,SE,NW,NE,IM,990.0,E,1650.0,N
3500320688,https://public.occ.ok.gov/OGCDWellRecords/Search.aspx?searchcommand=%7B%5BOG%20Well%20Records%5D%3A%5BAPI%20Number%5D%3D%223500320688%2A%22%7D,HOLDEN,#1,OELZE ELMER JR,PA,GAS,PLUGGED,36.5373322,-98.1188787,ALFALFA,24.00,24N,09W,,,CSW,SW,IM,660.0,W,660.0,S
3500320689,https://public.occ.ok.gov/OGCDWellRecords/Search.aspx?searchcommand=%7B%5BOG%20Well%20Records%5D%3A%5BAPI%20Number%5D%3D%223500320689%2A%22%7D,SMITH,#1,CAYMAN EXPLORATION CORP,PA,DRY,PLUGGED,36.5627109,-98.1188816,ALFALFA,13.00,24N,09W,,,CNW,NW,IM,660.0,W,1980.0,S
3500320690,https://public.occ.ok.gov/OGCDWellRecords/Search.aspx?searchcommand=%7B%5BOG%20Well%20Records%5D%3A%5BAPI%20Number%5D%3D%223500320690%2A%22%7D,TULLIUS,#1-24,JAMAR EXPLORATION INC,PA,DRY,PLUGGED,36.8885901,-98.3354295,ALFALFA,24.00,28N,11W,,CS2,NE,SW,IM,1980.0,W,1650.0,S
3500320691,https://public.occ.ok.gov/OGCDWellRecords/Search.aspx?searchcommand=%7B%5BOG%20Well%20Records%5D%3A%5BAPI%20Number%5D%3D%223500320691%2A%22%7D,WARREN BURLESON,#1,OTC/OCC NOT ASSIGNED,PA,DRY,PLUGGED,36.7190702,-98.4210253,ALFALFA,19.00,26N,11W,,,CSW,NE,IM,660.0,W,660.0,S
3500320692,https://public.occ.ok.gov/OGCDWellRecords/Search.aspx?searchcommand=%7B%5BOG%20Well%20Records%5D%3A%5BAPI%20Number%5D%3D%223500320692%2A%22%7D,AMES,#1,GREER TOM R,PA,GAS,PLUGGED,36.7281555,-98.382725,ALFALFA,16.00,26N,11W,,,,SE,IM,1650.0,W,1320.0,S
3500320693,https://public.occ.ok.gov/OGCDWellRecords/Search.aspx?searchcommand=%7B%5BOG%20Well%20Records%5D%3A%5BAPI%20Number%5D%3D%223500320693%2A%22%7D,CURTIS-METH CHRCH,#1,PETROLEUM WASTE RECOVERY INC,PA,NT,PLUGGED,36.7227174,-98.3849756,ALFALFA,21.00,26N,11W,,,NW,NE,IM,1000.0,W,1980.0,S
3500320694,https://public.occ.ok.gov/OGCDWellRecords/Search.aspx?searchcommand=%7B%5BOG%20Well%20Records%5D%3A%5BAPI%20Number%5D%3D%223500320694%2A%22%7D,TUCKER,#1-26,FLYNN ENERGY CORPORATION,PA,DRY,PLUGGED,36.8713359,-98.236279,ALFALFA,26.00,28N,10W,,,CSE,SE,IM,1980.0,W,660.0,S
3500320695,https://public.occ.ok.gov/OGCDWellRecords/Search.aspx?searchcommand=%7B%5BOG%20Well%20Records%5D%3A%5BAPI%20Number%5D%3D%223500320695%2A%22%7D,ELETRA HOPE REIHM,#2,ANADARKO E & P ONSHORE LLC,PA,NT,PLUGGED,36.5266166,-98.4242647,ALFALFA,30.00,24N,11W,,,CNW,SW,IM,660.0,W,1980.0,S
3500320696,https://public.occ.ok.gov/OGCDWellRecords/Search.aspx?searchcommand=%7B%5BOG%20Well%20Records%5D%3A%5BAPI%20Number%5D%3D%223500320696%2A%22%7D,TAYLOR ESTATE,#1,PETROLEUM WASTE RECOVERY INC,PA,DRY,PLUGGED,36.7272486,-98.3906065,ALFALFA,16.00,26N,11W,,CNW,SE,SW,IM,1650.0,W,990.0,S
3500320697,https://public.occ.ok.gov/OGCDWellRecords/Search.aspx?searchcommand=%7B%5BOG%20Well%20Records%5D%3A%5BAPI%20Number%5D%3D%223500320697%2A%22%7D,MILO CRAIG,#2,CHESAPEAKE OPERATING LLC,PA,OIL,PLUGGED,36.4650052,-98.267075,ALFALFA,16.00,23N,10W,,,CSE,SE,IM,1980.0,W,660.0,S
3500320698,https://public.occ.ok.gov/OGCDWellRecords/Search.aspx?searchcommand=%7B%5BOG%20Well%20Records%5D%3A%5BAPI%20Number%5D%3D%223500320698%2A%22%7D,EDNA M DUNN,#1,CROSS TIMBERS OPERATING CO,PA,OIL,PLUGGED,36.465012,-98.2850391,ALFALFA,17.00,23N,10W,,,CSE,SE,IM,1980.0,E,660.0,N
3500320699,https://public.occ.ok.gov/OGCDWellRecords/Search.aspx?searchcommand=%7B%5BOG%20Well%20Records%5D%3A%5BAPI%20Number%5D%3D%223500320699%2A%22%7D,RUTH B DAVIS,#2,TWENTY/TWENTY OIL & GAS INC,AC,GAS,GAS,36.475893,-98.142672,ALFALFA,15.00,23N,09W,,,CNE,NE,IM,1980.0,W,1980.0,S
3500320700,https://public.occ.ok.gov/OGCDWellRecords/Search.aspx?searchcommand=%7B%5BOG%20Well%20Records%5D%3A%5BAPI%20Number%5D%3D%223500320700%2A%22%7D,HEISE,#2,CHESAPEAKE OPERATING LLC,PA,NT,PLUGGED,36.504864,-98.41528,ALFALFA,6.00,23N,11W,,,CNW,NE,IM,660.0,W,1980.0,S
3500320701,https://public.occ.ok.gov/OGCDWellRecords/Search.aspx?searchcommand=%7B%5BOG%20Well%20Records%5D%3A%5BAPI%20Number%5D%3D%223500320701%2A%22%7D,HOOD,#2,CHESAPEAKE OPERATING LLC,PA,OIL,PLUGGED,36.497613,-98.41528,ALFALFA,6.00,23N,11W,,,CNW,SE,IM,660.0,W,1980.0,S
3500320702,https://public.occ.ok.gov/OGCDWellRecords/Search.aspx?searchcommand=%7B%5BOG%20Well%20Records%5D%3A%5BAPI%20Number%5D%3D%223500320702%2A%22%7D,EBERSOLE A,#2-7,DIVERSIFIED PRODUCTION LLC,AC,OIL,OIL,36.486635,-98.41968,ALFALFA,7.00,23N,11W,,C,NW,NE,IM,660.0,W,1980.0,S
3500320703,https://public.occ.ok.gov/OGCDWellRecords/Search.aspx?searchcommand=%7B%5BOG%20Well%20Records%5D%3A%5BAPI%20Number%5D%3D%223500320703%2A%22%7D,MORRIS PORTER,#1,DIVERSIFIED PRODUCTION LLC,AC,GAS,GAS,36.661032,-98.45707,ALFALFA,11.00,25N,12W,,,CSW,NE,IM,660.0,W,660.0,S
3500320704,https://public.occ.ok.gov/OGCDWellRecords/Search.aspx?searchcommand=%7B%5BOG%20Well%20Records%5D%3A%5BAPI%20Number%5D%3D%223500320704%2A%22%7D,JONES,#17-1,BECK PUMP & SUPPLY INC,PA,OIL,PLUGGED,36.4685563,-98.1817434,ALFALFA,17.00,23N,09W,,,CNW,SE,IM,660.0,W,1980.0,S
3500320705,https://public.occ.ok.gov/OGCDWellRecords/Search.aspx?searchcommand=%7B%5BOG%20Well%20Records%5D%3A%5BAPI%20Number%5D%3D%223500320705%2A%22%7D,MCARTHUR,#1,RED EAGLE OIL COMPANY,PA,OIL,PLUGGED,36.9038328,-98.5291909,ALFALFA,18.00,28N,12W,,,CNW,SE,IM,660.0,W,1980.0,S
3500320706,https://public.occ.ok.gov/OGCDWellRecords/Search.aspx?searchcommand=%7B%5BOG%20Well%20Records%5D%3A%5BAPI%20Number%5D%3D%223500320706%2A%22%7D,HODGE-RYEL,#1,CRAWLEY PETROLEUM CORPORATION,PA,OIL,PLUGGED,36.490828,-98.39787,ALFALFA,8.00,23N,11W,SE,NW,NW,NE,IM,495.0,W,2020.0,S
3500320707,https://public.occ.ok.gov/OGCDWellRecords/Search.aspx?searchcommand=%7B%5BOG%20Well%20Records%5D%3A%5BAPI%20Number%5D%3D%223500320707%2A%22%7D,DEWITT,#1,K C RESOURCES INC,PA,OIL,PLUGGED,36.4867704,-98.325457,ALFALFA,12.00,23N,11W,,,CSW,NE,IM,660.0,W,660.0,S
3500320708,https://public.occ.ok.gov/OGCDWellRecords/Search.aspx?searchcommand=%7B%5BOG%20Well%20Records%5D%3A%5BAPI%20Number%5D%3D%223500320708%2A%22%7D,GINDER,#1,SAMSON RESOURCES COMPANY,PA,DRY,PLUGGED,36.8346402,-98.2678313,ALFALFA,10.00,27N,10W,N2,S2,SW,NW,IM,660.0,W,640.0,S
3500320709,https://public.occ.ok.gov/OGCDWellRecords/Search.aspx?searchcommand=%7B%5BOG%20Well%20Records%5D%3A%5BAPI%20Number%5D%3D%223500320709%2A%22%7D,A WEDEL,#2-16,DOMINION OK TX E & P INC,PA,DRY,PLUGGED,36.4758808,-98.2805406,ALFALFA,16.00,23N,10W,,,CNW,NW,IM,660.0,W,1980.0,S
3500320710,https://public.occ.ok.gov/OGCDWellRecords/Search.aspx?searchcommand=%7B%5BOG%20Well%20Records%5D%3A%5BAPI%20Number%5D%3D%223500320710%2A%22%7D,J J SEVERIN,#2,ANADARKO MINERALS INC,AC,OIL,OIL,36.489804,-98.11992,ALFALFA,12.00,23N,09W,,C,NW,NW,IM,660.0,W,1980.0,S
3500320711,https://public.occ.ok.gov/OGCDWellRecords/Search.aspx?searchcommand=%7B%5BOG%20Well%20Records%5D%3A%5BAPI%20Number%5D%3D%223500320711%2A%22%7D,DEVEREAUX,#1,CHESAPEAKE OPERATING LLC,PA,OIL,PLUGGED,36.50836,-98.51857,ALFALFA,31.00,24N,12W,,,CSE,SE,IM,1980.0,W,660.0,S
3500320712,https://public.occ.ok.gov/OGCDWellRecords/Search.aspx?searchcommand=%7B%5BOG%20Well%20Records%5D%3A%5BAPI%20Number%5D%3D%223500320712%2A%22%7D,REXROAT /B/,#1,JET OIL COMPANY,PA,NT,PLUGGED,36.4641105,-98.3299442,ALFALFA,13.00,23N,11W,,CS2,SE,SW,IM,1980.0,W,330.0,S
3500320713,https://public.occ.ok.gov/OGCDWellRecords/Search.aspx?searchcommand=%7B%5BOG%20Well%20Records%5D%3A%5BAPI%20Number%5D%3D%223500320713%2A%22%7D,SOMERS,#18-1,JERRY SANNER OIL PROPERTIES INC,AC,OIL,OIL,36.475949,-98.316554,ALFALFA,18.00,23N,10W,,,CNW,NW,IM,660.0,W,1980.0,S
3500320714,https://public.occ.ok.gov/OGCDWellRecords/Search.aspx?searchcommand=%7B%5BOG%20Well%20Records%5D%3A%5BAPI%20Number%5D%3D%223500320714%2A%22%7D,MORGENSON-JENNINGS,#1,PETROLEUM WASTE RECOVERY INC,PA,DRY,PLUGGED,36.6428845,-98.4705949,ALFALFA,15.00,25N,12W,,,NE,SE,IM,1650.0,W,1980.0,S
3500320715,https://public.occ.ok.gov/OGCDWellRecords/Search.aspx?searchcommand=%7B%5BOG%20Well%20Records%5D%3A%5BAPI%20Number%5D%3D%223500320715%2A%22%7D,LOTT,#2,MACK ENERGY CO.,PA,GAS,PLUGGED,36.5192054,-98.1098908,ALFALFA,36.00,24N,09W,,,CNW,NE,IM,660.0,W,1980.0,S
3500320716,https://public.occ.ok.gov/OGCDWellRecords/Search.aspx?searchcommand=%7B%5BOG%20Well%20Records%5D%3A%5BAPI%20Number%5D%3D%223500320716%2A%22%7D,STEVENS,#32-1,BRG PRODUCTION COMPANY,AC,GAS,GAS,36.508431,-98.509644,ALFALFA,32.00,24N,12W,,,CSE,SW,IM,1980.0,W,660.0,S
3500320717,https://public.occ.ok.gov/OGCDWellRecords/Search.aspx?searchcommand=%7B%5BOG%20Well%20Records%5D%3A%5BAPI%20Number%5D%3D%223500320717%2A%22%7D,SWEATT,#1,HARRELL & BRADSHAW INC,PA,OIL,PLUGGED,36.545183,-98.2221704,ALFALFA,24.00,24N,10W,S2,N2,SE,NW,IM,1980.0,W,785.0,S
3500320718,https://public.occ.ok.gov/OGCDWellRecords/Search.aspx?searchcommand=%7B%5BOG%20Well%20Records%5D%3A%5BAPI%20Number%5D%3D%223500320718%2A%22%7D,ROSE MEANS,#1,COG PETROLEUM CORPORATION,PA,GAS,PLUGGED,36.629818,-98.38272,ALFALFA,21.00,25N,11W,N2,N2,N2,SE,IM,1320.0,E,2440.0,S
3500320719,https://public.occ.ok.gov/OGCDWellRecords/Search.aspx?searchcommand=%7B%5BOG%20Well%20Records%5D%3A%5BAPI%20Number%5D%3D%223500320719%2A%22%7D,WELCH,#1,OTC/OCC NOT ASSIGNED,PA,DRY,PLUGGED,36.5774032,-98.2895365,ALFALFA,8.00,24N,10W,,,CNW,NE,IM,660.0,W,1980.0,S
3500320720,https://public.occ.ok.gov/OGCDWellRecords/Search.aspx?searchcommand=%7B%5BOG%20Well%20Records%5D%3A%5BAPI%20Number%5D%3D%223500320720%2A%22%7D,GLADYS,#1,OTC/OCC NOT ASSIGNED,PA,DRY,PLUGGED,36.5663685,-98.5185748,ALFALFA,7.00,24N,12W,,,CSE,SE,IM,1980.0,W,660.0,S
3500320721,https://public.occ.ok.gov/OGCDWellRecords/Search.aspx?searchcommand=%7B%5BOG%20Well%20Records%5D%3A%5BAPI%20Number%5D%3D%223500320721%2A%22%7D,BROWN,#26-1,ANADARKO PETROLEUM CORPORATION,PA,GAS,PLUGGED,36.6121212,-98.2475136,ALFALFA,26.00,25N,10W,,,,SW,IM,1320.0,E,1320.0,N
3500320722,https://public.occ.ok.gov/OGCDWellRecords/Search.aspx?searchcommand=%7B%5BOG%20Well%20Records%5D%3A%5BAPI%20Number%5D%3D%223500320722%2A%22%7D,HAWKINS,#1-25,LAGUNA PETROLEUM CORPORATION,PA,DRY,PLUGGED,36.7055088,-98.3365274,ALFALFA,25.00,26N,11W,,NW,SE,NW,IM,1650.0,W,990.0,S
3500320723,https://public.occ.ok.gov/OGCDWellRecords/Search.aspx?searchcommand=%7B%5BOG%20Well%20Records%5D%3A%5BAPI%20Number%5D%3D%223500320723%2A%22%7D,L V MAHAFFEY,#2,ANADARKO E & P ONSHORE LLC,PA,NT,PLUGGED,36.4938858,-98.1503079,ALFALFA,3.00,23N,09W,,,CSE,SW,IM,1980.0,W,660.0,S
3500320724,https://public.occ.ok.gov/OGCDWellRecords/Search.aspx?searchcommand=%7B%5BOG%20Well%20Records%5D%3A%5BAPI%20Number%5D%3D%223500320724%2A%22%7D,REXROAT,#2,CHESAPEAKE OPERATING LLC,PA,NT,PLUGGED,36.483111,-98.41528,ALFALFA,7.00,23N,11W,,,CNW,SE,IM,660.0,W,1980.0,S
3500320725,https://public.occ.ok.gov/OGCDWellRecords/Search.aspx?searchcommand=%7B%5BOG%20Well%20Records%5D%3A%5BAPI%20Number%5D%3D%223500320725%2A%22%7D,EBERSOLE,#2,CHESAPEAKE OPERATING LLC,PA,OIL,PLUGGED,36.490374,-98.40629,ALFALFA,8.00,23N,11W,,,CNW,NW,IM,660.0,W,1980.0,S
3500320726,https://public.occ.ok.gov/OGCDWellRecords/Search.aspx?searchcommand=%7B%5BOG%20Well%20Records%5D%3A%5BAPI%20Number%5D%3D%223500320726%2A%22%7D,HADDEN,#1,GEM OIL COMPANY,PA,NT,PLUGGED,36.7082061,-98.4075012,ALFALFA,29.00,26N,11W,,,CNE,NW,IM,1980.0,W,1980.0,S
3500320727,https://public.occ.ok.gov/OGCDWellRecords/Search.aspx?searchcommand=%7B%5BOG%20Well%20Records%5D%3A%5BAPI%20Number%5D%3D%223500320727%2A%22%7D,HAGUE,#1,COTTON PETROLEUM CORPORATION,PA,SWD,PLUGGED,36.6773459,-98.454821,ALFALFA,2.00,25N,12W,,,,NE,IM,50.0,W,1320.0,S
3500320728,https://public.occ.ok.gov/OGCDWellRecords/Search.aspx?searchcommand=%7B%5BOG%20Well%20Records%5D%3A%5BAPI%20Number%5D%3D%223500320728%2A%22%7D,GLADYS,#2,DIVERSIFIED PRODUCTION LLC,AC,OIL,OIL,36.566369,-98.51857,ALFALFA,7.00,24N,12W,,,SE,SE,IM,1820.0,W,660.0,S
3500320729,https://public.occ.ok.gov/OGCDWellRecords/Search.aspx?searchcommand=%7B%5BOG%20Well%20Records%5D%3A%5BAPI%20Number%5D%3D%223500320729%2A%22%7D,ROOT,#6-1,OTC/OCC NOT ASSIGNED,PA,DRY,PLUGGED,36.5011085,-98.527553,ALFALFA,6.00,23N,12W,,,CSE,NW,IM,1980.0,W,660.0,S
3500320730,https://public.occ.ok.gov/OGCDWellRecords/Search.aspx?searchcommand=%7B%5BOG%20Well%20Records%5D%3A%5BAPI%20Number%5D%3D%223500320730%2A%22%7D,GROVER,#1,OTC/OCC NOT ASSIGNED,PA,OIL,PLUGGED,36.8858492,-98.2633302,ALFALFA,22.00,28N,10W,,,CSE,SW,IM,1980.0,W,660.0,S
3500320731,https://public.occ.ok.gov/OGCDWellRecords/Search.aspx?searchcommand=%7B%5BOG%20Well%20Records%5D%3A%5BAPI%20Number%5D%3D%223500320731%2A%22%7D,RUTH,#2A,FRENCH JR L R,PA,GAS,PLUGGED,36.642043,-98.2632942,ALFALFA,15.00,25N,10W,,CS2,NE,SW,IM,1980.0,W,1600.0,S
3500320732,https://public.occ.ok.gov/OGCDWellRecords/Search.aspx?searchcommand=%7B%5BOG%20Well%20Records%5D%3A%5BAPI%20Number%5D%3D%223500320732%2A%22%7D,SIMON B UNRUH,#2,M3V ENERGY LLC,AC,GAS,GAS,36.497849,-98.137552,ALFALFA,2.00,23N,09W,,C,NW,SW,IM,660.0,W,1980.0,S
3500320733,https://public.occ.ok.gov/OGCDWellRecords/Search.aspx?searchcommand=%7B%5BOG%20Well%20Records%5D%3A%5BAPI%20Number%5D%3D%223500320733%2A%22%7D,V J MILACEK,#2,ANADARKO MINERALS INC,AC,OIL,OIL,36.479538,-98.156015,ALFALFA,10.00,23N,09W,,C,SW,SW,IM,660.0,W,660.0,S
3500320734,https://public.occ.ok.gov/OGCDWellRecords/Search.aspx?searchcommand=%7B%5BOG%20Well%20Records%5D%3A%5BAPI%20Number%5D%3D%223500320734%2A%22%7D,LEAMON,#1,NATIONAL OIL COMPANY (THE),PA,DRY,PLUGGED,36.6691186,-98.516771,ALFALFA,5.00,25N,12W,,CNW,SE,SW,IM,1650.0,W,990.0,S
3500320735,https://public.occ.ok.gov/OGCDWellRecords/Search.aspx?searchcommand=%7B%5BOG%20Well%20Records%5D%3A%5BAPI%20Number%5D%3D%223500320735%2A%22%7D,SCHALLNER,#1,O K SWABBING INC,PA,NT,PLUGGED,36.479519,-98.32097,ALFALFA,12.00,23N,11W,,,CSE,SE,IM,1980.0,W,660.0,S
3500320736,https://public.occ.ok.gov/OGCDWellRecords/Search.aspx?searchcommand=%7B%5BOG%20Well%20Records%5D%3A%5BAPI%20Number%5D%3D%223500320736%2A%22%7D,WALTER JANTZ,#1-14,OTC/OCC NOT ASSIGNED,PA,OIL,PLUGGED,36.5591164,-98.1368457,ALFALFA,14.00,24N,09W,,,CSW,NW,IM,660.0,W,660.0,S
3500320737,https://public.occ.ok.gov/OGCDWellRecords/Search.aspx?searchcommand=%7B%5BOG%20Well%20Records%5D%3A%5BAPI%20Number%5D%3D%223500320737%2A%22%7D,VAN THOMPSON,#27-1,KANSAS CEC CORPORATION,PA,OIL,PLUGGED,36.5230199,-98.3658807,ALFALFA,27.00,24N,11W,,,CSE,SW,IM,1980.0,W,660.0,S
3500320738,https://public.occ.ok.gov/OGCDWellRecords/Search.aspx?searchcommand=%7B%5BOG%20Well%20Records%5D%3A%5BAPI%20Number%5D%3D%223500320738%2A%22%7D,"BROCE ""B""",#1,PARSONS ENGINEERING CORPORATION,PA,GAS,PLUGGED,36.8676949,-98.2272764,ALFALFA,36.00,28N,10W,,,CNE,NW,IM,1980.0,W,1980.0,S
3500320739,https://public.occ.ok.gov/OGCDWellRecords/Search.aspx?searchcommand=%7B%5BOG%20Well%20Records%5D%3A%5BAPI%20Number%5D%3D%223500320739%2A%22%7D,SCHNEIDER,#1,AUBREY OIL CORPORATION,PA,DRY,PLUGGED,36.7950996,-98.5201698,ALFALFA,29.00,27N,12W,,,CNW,NW,IM,660.0,W,1980.0,S
3500320740,https://public.occ.ok.gov/OGCDWellRecords/Search.aspx?searchcommand=%7B%5BOG%20Well%20Records%5D%3A%5BAPI%20Number%5D%3D%223500320740%2A%22%7D,GEOKEN,#1,OTC/OCC NOT ASSIGNED,PA,DRY,PLUGGED,36.8061,-98.393999,ALFALFA,21.00,27N,11W,,,SW,NW,IM,990.0,W,660.0,S
3500320741,https://public.occ.ok.gov/OGCDWellRecords/Search.aspx?searchcommand=%7B%5BOG%20Well%20Records%5D%3A%5BAPI%20Number%5D%3D%223500320741%2A%22%7D,STERBA,#28-A,M3V ENERGY LLC,AC,GAS,GAS,36.622281,-98.503486,ALFALFA,28.00,25N,12W,C,NW,NW,NW,IM,330.0,W,2310.0,S
3500320742,https://public.occ.ok.gov/OGCDWellRecords/Search.aspx?searchcommand=%7B%5BOG%20Well%20Records%5D%3A%5BAPI%20Number%5D%3D%223500320742%2A%22%7D,ARGONBRIGHT,#2,KIRKPATRICK OIL COMPANY INC,PA,GAS,PLUGGED,36.640861,-98.275966,ALFALFA,16.00,25N,10W,,,C,SE,IM,1320.0,E,1320.0,S
3500320743,https://public.occ.ok.gov/OGCDWellRecords/Search.aspx?searchcommand=%7B%5BOG%20Well%20Records%5D%3A%5BAPI%20Number%5D%3D%223500320743%2A%22%7D,SCHNITZER,#2,CH4MBER TECHNOLOGIES INC.,PA,GAS,PLUGGED,36.626888,-98.277435,ALFALFA,21.00,25N,10W,C,S2,NW,SE,IM,660.0,W,1650.0,S
3500320744,https://public.occ.ok.gov/OGCDWellRecords/Search.aspx?searchcommand=%7B%5BOG%20Well%20Records%5D%3A%5BAPI%20Number%5D%3D%223500320744%2A%22%7D,RUTH,#2,FRENCH JR L R,PA,DRY,PLUGGED,36.6415898,-98.2632942,ALFALFA,15.00,25N,10W,S2,S2,NE,SW,IM,1980.0,W,1650.0,S
3500320745,https://public.occ.ok.gov/OGCDWellRecords/Search.aspx?searchcommand=%7B%5BOG%20Well%20Records%5D%3A%5BAPI%20Number%5D%3D%223500320745%2A%22%7D,FERREL,#1,RUSSELL D MELOY OIL & GAS CO,OR,GAS,ORPHAN,36.947975,-98.28074,ALFALFA,33.00,29N,10W,,,CNW,SE,IM,660.0,W,1980.0,S
3500320746,https://public.occ.ok.gov/OGCDWellRecords/Search.aspx?searchcommand=%7B%5BOG%20Well%20Records%5D%3A%5BAPI%20Number%5D%3D%223500320746%2A%22%7D,GERRELS,#1,HUNGERFORD OIL & GAS INC,PA,DRY,PLUGGED,36.77891,-98.39174,ALFALFA,33.00,27N,11W,,,,NW,IM,1320.0,W,1320.0,N
3500320747,https://public.occ.ok.gov/OGCDWellRecords/Search.aspx?searchcommand=%7B%5BOG%20Well%20Records%5D%3A%5BAPI%20Number%5D%3D%223500320747%2A%22%7D,RAUH,#1,PETROLEUM WASTE RECOVERY INC,PA,DRY,PLUGGED,36.7408553,-98.344424,ALFALFA,11.00,26N,11W,,,CSE,SE,IM,1980.0,W,660.0,S
3500320748,https://public.occ.ok.gov/OGCDWellRecords/Search.aspx?searchcommand=%7B%5BOG%20Well%20Records%5D%3A%5BAPI%20Number%5D%3D%223500320748%2A%22%7D,STEIN,#1-29,MIDDLE BAY PRODUCTION CO INC,PA,GAS,PLUGGED,36.7082066,-98.4007483,ALFALFA,29.00,26N,11W,,,CN2,NE,IM,1320.0,W,1980.0,S
3500320749,https://public.occ.ok.gov/OGCDWellRecords/Search.aspx?searchcommand=%7B%5BOG%20Well%20Records%5D%3A%5BAPI%20Number%5D%3D%223500320749%2A%22%7D,OBANNON,#2,DIVERSIFIED PRODUCTION LLC,AC,OIL,OIL,36.472233,-98.374747,ALFALFA,16.00,23N,11W,,C,SE,NE,IM,1980.0,W,660.0,S
3500320750,https://public.occ.ok.gov/OGCDWellRecords/Search.aspx?searchcommand=%7B%5BOG%20Well%20Records%5D%3A%5BAPI%20Number%5D%3D%223500320750%2A%22%7D,DALE,#1,THOMAS J L ENGINEERING INC,PA,NT,PLUGGED,36.4867693,-98.3030037,ALFALFA,7.00,23N,10W,,,CSE,NE,IM,1980.0,W,660.0,S
3500320751,https://public.occ.ok.gov/OGCDWellRecords/Search.aspx?searchcommand=%7B%5BOG%20Well%20Records%5D%3A%5BAPI%20Number%5D%3D%223500320751%2A%22%7D,MALTBIE,#1-36,OTC/OCC NOT ASSIGNED,PA,DRY,PLUGGED,36.9551889,-98.2220252,ALFALFA,36.00,29N,10W,,,CNE,NE,IM,1980.0,W,1980.0,S
3500320752,https://public.occ.ok.gov/OGCDWellRecords/Search.aspx?searchcommand=%7B%5BOG%20Well%20Records%5D%3A%5BAPI%20Number%5D%3D%223500320752%2A%22%7D,"WILBUR LODGE ""C""",#2,MT ENERGY LLC,AC,OIL,OIL,36.809738,-98.33542,ALFALFA,24.00,27N,11W,,,CNE,NW,IM,1980.0,W,1980.0,S
3500320753,https://public.occ.ok.gov/OGCDWellRecords/Search.aspx?searchcommand=%7B%5BOG%20Well%20Records%5D%3A%5BAPI%20Number%5D%3D%223500320753%2A%22%7D,PELTER,#1,PETROLEUM WASTE RECOVERY INC,PA,DRY,PLUGGED,36.6474162,-98.4739688,ALFALFA,15.00,25N,12W,,NE,SW,NE,IM,990.0,W,990.0,S
3500320754,https://public.occ.ok.gov/OGCDWellRecords/Search.aspx?searchcommand=%7B%5BOG%20Well%20Records%5D%3A%5BAPI%20Number%5D%3D%223500320754%2A%22%7D,HAWKINS,#1-25A,CO-ST OIL OPERATING CO INC,PA,GAS,PLUGGED,36.7055088,-98.3365274,ALFALFA,25.00,26N,11W,,NW,SE,NW,IM,1650.0,W,990.0,S
3500320755,https://public.occ.ok.gov/OGCDWellRecords/Search.aspx?searchcommand=%7B%5BOG%20Well%20Records%5D%3A%5BAPI%20Number%5D%3D%223500320755%2A%22%7D,RYEL,#2,CHESAPEAKE OPERATING LLC,PA,OIL,PLUGGED,36.483576,-98.39731,ALFALFA,8.00,23N,11W,S2,N2,NW,SE,IM,660.0,W,2080.0,S
3500320757,https://public.occ.ok.gov/OGCDWellRecords/Search.aspx?searchcommand=%7B%5BOG%20Well%20Records%5D%3A%5BAPI%20Number%5D%3D%223500320757%2A%22%7D,POSEY 1-35,#1,RKK PRODUCTION COMPANY,PA,GAS,PLUGGED,36.6828156,-98.2497768,ALFALFA,35.00,26N,10W,,,CSW,SW,IM,660.0,W,660.0,S
3500320758,https://public.occ.ok.gov/OGCDWellRecords/Search.aspx?searchcommand=%7B%5BOG%20Well%20Records%5D%3A%5BAPI%20Number%5D%3D%223500320758%2A%22%7D,BURRIGHT,#1-14,"RAW CRUDE OIL & GAS, L.L.C.",OR,OIL,ORPHAN,36.465015,-98.3524,ALFALFA,14.00,23N,11W,,C,SW,SW,IM,660.0,W,660.0,S
3500320759,https://public.occ.ok.gov/OGCDWellRecords/Search.aspx?searchcommand=%7B%5BOG%20Well%20Records%5D%3A%5BAPI%20Number%5D%3D%223500320759%2A%22%7D,PARKER,#1-20,OTC/OCC NOT ASSIGNED,PA,OIL,PLUGGED,36.976852,-98.5201158,ALFALFA,20.00,29N,12W,,,CNE,SW,IM,1980.0,W,1980.0,S
3500320760,https://public.occ.ok.gov/OGCDWellRecords/Search.aspx?searchcommand=%7B%5BOG%20Well%20Records%5D%3A%5BAPI%20Number%5D%3D%223500320760%2A%22%7D,KERNS,#2,KINGFISHER CSG PULLR & CONST  INC,PA,OIL,PLUGGED,36.4758808,-98.388325,ALFALFA,16.00,23N,11W,,,CNW,NW,IM,660.0,W,1980.0,S
3500320762,https://public.occ.ok.gov/OGCDWellRecords/Search.aspx?searchcommand=%7B%5BOG%20Well%20Records%5D%3A%5BAPI%20Number%5D%3D%223500320762%2A%22%7D,DIEL,#1,OTC/OCC NOT ASSIGNED,PA,OIL,PLUGGED,36.907536,-98.1867192,ALFALFA,17.00,28N,09W,,,CSW,NE,IM,660.0,W,660.0,S
3500320763,https://public.occ.ok.gov/OGCDWellRecords/Search.aspx?searchcommand=%7B%5BOG%20Well%20Records%5D%3A%5BAPI%20Number%5D%3D%223500320763%2A%22%7D,BRYANT,#1,RED EAGLE OIL COMPANY,PA,OIL,PLUGGED,36.9337956,-98.5033038,ALFALFA,4.00,28N,12W,,CNW,NW,SW,IM,330.0,W,2310.0,S
3500320764,https://public.occ.ok.gov/OGCDWellRecords/Search.aspx?searchcommand=%7B%5BOG%20Well%20Records%5D%3A%5BAPI%20Number%5D%3D%223500320764%2A%22%7D,PENNINGTON,#31-1,J & S OF ENID INC,PA,OIL,PLUGGED,36.5156111,-98.5185731,ALFALFA,31.00,24N,12W,,,CSE,NE,IM,1980.0,W,660.0,S
3500320765,https://public.occ.ok.gov/OGCDWellRecords/Search.aspx?searchcommand=%7B%5BOG%20Well%20Records%5D%3A%5BAPI%20Number%5D%3D%223500320765%2A%22%7D,NIGHTENGALE,#2,SCOGGINS PRODUCTION LLC,PA,OIL,PLUGGED,36.475871,-98.40629,ALFALFA,17.00,23N,11W,,,CNW,NW,IM,660.0,W,1980.0,S
3500320766,https://public.occ.ok.gov/OGCDWellRecords/Search.aspx?searchcommand=%7B%5BOG%20Well%20Records%5D%3A%5BAPI%20Number%5D%3D%223500320766%2A%22%7D,HERTZLER-PARKER,#2-22,HENRY GUNGOLL OPERATING INC,PA,OIL,PLUGGED,36.5401606,-98.4646817,ALFALFA,22.00,24N,12W,,CS2,NE,SE,IM,1980.0,W,1650.0,S
3500320767,https://public.occ.ok.gov/OGCDWellRecords/Search.aspx?searchcommand=%7B%5BOG%20Well%20Records%5D%3A%5BAPI%20Number%5D%3D%223500320767%2A%22%7D,DIEL,#1,RED EAGLE OIL COMPANY,PA,DRY,PLUGGED,36.9515013,-98.5020456,ALFALFA,33.00,29N,12W,,,CSE,NW,IM,1980.0,W,660.0,S
3500320768,https://public.occ.ok.gov/OGCDWellRecords/Search.aspx?searchcommand=%7B%5BOG%20Well%20Records%5D%3A%5BAPI%20Number%5D%3D%223500320768%2A%22%7D,J F SIMS,#2,SWN PRODUCTION LLC,PA,OIL,PLUGGED,36.5121153,-98.4152797,ALFALFA,31.00,24N,11W,,,CNW,SE,IM,660.0,W,1980.0,S
3500320769,https://public.occ.ok.gov/OGCDWellRecords/Search.aspx?searchcommand=%7B%5BOG%20Well%20Records%5D%3A%5BAPI%20Number%5D%3D%223500320769%2A%22%7D,ELLIOTT,#2,DIVERSIFIED PRODUCTION LLC,AC,GAS,GAS,36.482982,-98.424154,ALFALFA,7.00,23N,11W,,C,NW,SW,IM,660.0,W,1980.0,S
3500320770,https://public.occ.ok.gov/OGCDWellRecords/Search.aspx?searchcommand=%7B%5BOG%20Well%20Records%5D%3A%5BAPI%20Number%5D%3D%223500320770%2A%22%7D,MCNICKLE,#2,CHESAPEAKE OPERATING LLC,PA,OIL,PLUGGED,36.46863,-98.38833,ALFALFA,16.00,23N,11W,,,CNW,SW,IM,660.0,W,1980.0,S
3500320771,https://public.occ.ok.gov/OGCDWellRecords/Search.aspx?searchcommand=%7B%5BOG%20Well%20Records%5D%3A%5BAPI%20Number%5D%3D%223500320771%2A%22%7D,BIXLER,#1,WESTERN MOUNTAIN RESOURCES LLC,AC,GAS,GAS,36.575432,-98.52981,ALFALFA,7.00,24N,12W,,,C,NW,IM,1320.0,W,1320.0,S
3500320772,https://public.occ.ok.gov/OGCDWellRecords/Search.aspx?searchcommand=%7B%5BOG%20Well%20Records%5D%3A%5BAPI%20Number%5D%3D%223500320772%2A%22%7D,ROOT,#6-1A,OTC/OCC NOT ASSIGNED,PA,OIL,PLUGGED,36.5011085,-98.527553,ALFALFA,6.00,23N,12W,,,SE,NW,IM,1920.0,W,660.0,S
3500320773,https://public.occ.ok.gov/OGCDWellRecords/Search.aspx?searchcommand=%7B%5BOG%20Well%20Records%5D%3A%5BAPI%20Number%5D%3D%223500320773%2A%22%7D,ARTHUR ECK,#1-18,GULFSTREAM PETROLEUM CORP,PA,NT,PLUGGED,36.46495,-98.2086844,ALFALFA,18.00,23N,09W,,,CSW,SW,IM,660.0,W,660.0,S
3500320774,https://public.occ.ok.gov/OGCDWellRecords/Search.aspx?searchcommand=%7B%5BOG%20Well%20Records%5D%3A%5BAPI%20Number%5D%3D%223500320774%2A%22%7D,SNIDER,#1,EDINGER ENGINEERING INC,PA,OIL,PLUGGED,36.465012,-98.3568953,ALFALFA,15.00,23N,11W,,,CSE,SE,IM,1980.0,W,660.0,S
3500320775,https://public.occ.ok.gov/OGCDWellRecords/Search.aspx?searchcommand=%7B%5BOG%20Well%20Records%5D%3A%5BAPI%20Number%5D%3D%223500320775%2A%22%7D,RYEL B,#1,EDINGER ENGINEERING INC,PA,OIL,PLUGGED,36.4650114,-98.3658723,ALFALFA,15.00,23N,11W,,,CSE,SW,IM,1980.0,W,660.0,S
3500320776,https://public.occ.ok.gov/OGCDWellRecords/Search.aspx?searchcommand=%7B%5BOG%20Well%20Records%5D%3A%5BAPI%20Number%5D%3D%223500320776%2A%22%7D,DEWITT,#1,PETROLEUM WASTE RECOVERY INC,PA,DRY,PLUGGED,36.7345062,-98.3725817,ALFALFA,15.00,26N,11W,,NW,SE,NW,IM,1650.0,W,990.0,S
3500320777,https://public.occ.ok.gov/OGCDWellRecords/Search.aspx?searchcommand=%7B%5BOG%20Well%20Records%5D%3A%5BAPI%20Number%5D%3D%223500320777%2A%22%7D,RYEL,#15-1,CRAWLEY PETROLEUM CORPORATION,PA,OIL,PLUGGED,36.468637,-98.37036,ALFALFA,15.00,23N,11W,,,CNW,SW,IM,660.0,W,1980.0,S
3500320778,https://public.occ.ok.gov/OGCDWellRecords/Search.aspx?searchcommand=%7B%5BOG%20Well%20Records%5D%3A%5BAPI%20Number%5D%3D%223500320778%2A%22%7D,MCCUNE,#1,THOMAS J L ENGINEERING INC,PA,OIL,PLUGGED,36.4903947,-98.307493,ALFALFA,7.00,23N,10W,,,CNW,NE,IM,660.0,W,1980.0,S
3500320779,https://public.occ.ok.gov/OGCDWellRecords/Search.aspx?searchcommand=%7B%5BOG%20Well%20Records%5D%3A%5BAPI%20Number%5D%3D%223500320779%2A%22%7D,LEAVENGOOD,#1,HENNESSEY OIL & GAS LLC,STFD,OIL,STATE_FUNDS_PLUGGING,36.957845,-98.50318,ALFALFA,28.00,29N,12W,,SW,SE,SW,IM,,,,
3500320780,https://public.occ.ok.gov/OGCDWellRecords/Search.aspx?searchcommand=%7B%5BOG%20Well%20Records%5D%3A%5BAPI%20Number%5D%3D%223500320780%2A%22%7D,BUTLER (BUTLER 2),#2-29,TRANS PACIFIC OIL CORPORATION,AC,OIL,OIL,36.96507,-98.50995,ALFALFA,29.00,29N,12W,NW,SE,SE,NE,IM,2210.0,W,430.0,S
3500320781,https://public.occ.ok.gov/OGCDWellRecords/Search.aspx?searchcommand=%7B%5BOG%20Well%20Records%5D%3A%5BAPI%20Number%5D%3D%223500320781%2A%22%7D,DIEL,#2,RED EAGLE OIL COMPANY,PA,OIL,PLUGGED,36.9542196,-98.5076912,ALFALFA,33.00,29N,12W,,SW,NW,NW,IM,330.0,W,1650.0,S
3500320782,https://public.occ.ok.gov/OGCDWellRecords/Search.aspx?searchcommand=%7B%5BOG%20Well%20Records%5D%3A%5BAPI%20Number%5D%3D%223500320782%2A%22%7D,TUCKER /D/,#1-22,CHESAPEAKE OPERATING LLC,PA,NT,PLUGGED,36.713529,-98.15741,ALFALFA,22.00,26N,09W,,,,SW,IM,1980.0,W,1320.0,S
3500320783,https://public.occ.ok.gov/OGCDWellRecords/Search.aspx?searchcommand=%7B%5BOG%20Well%20Records%5D%3A%5BAPI%20Number%5D%3D%223500320783%2A%22%7D,BLACKLEDGE /B/,#1-29,CHESAPEAKE OPERATING LLC,PA,GAS,PLUGGED,36.699078,-98.18445,ALFALFA,29.00,26N,09W,,,,SE,IM,660.0,W,1320.0,S
3500320784,https://public.occ.ok.gov/OGCDWellRecords/Search.aspx?searchcommand=%7B%5BOG%20Well%20Records%5D%3A%5BAPI%20Number%5D%3D%223500320784%2A%22%7D,WHEELER,#2,D & D PIPE & EQUIPMENT INC,PA,OIL,PLUGGED,36.4685756,-98.4601812,ALFALFA,14.00,23N,12W,,,CNW,SW,IM,660.0,W,1980.0,S
3500320785,https://public.occ.ok.gov/OGCDWellRecords/Search.aspx?searchcommand=%7B%5BOG%20Well%20Records%5D%3A%5BAPI%20Number%5D%3D%223500320785%2A%22%7D,LECRONE,#1,RR OIL WELL OPERATIONS LLC,PA,OIL,PLUGGED,36.496081,-98.236371,ALFALFA,2.00,23N,10W,,C,W2,SE,IM,660.0,W,1320.0,S
3500320786,https://public.occ.ok.gov/OGCDWellRecords/Search.aspx?searchcommand=%7B%5BOG%20Well%20Records%5D%3A%5BAPI%20Number%5D%3D%223500320786%2A%22%7D,NE CHEROKEE UNIT,#85,MT ENERGY LLC,AC,TM,TERMINATED,36.806113,-98.32584,ALFALFA,24.00,27N,11W,,,SE,NE,IM,2030.0,W,660.0,S
3500320787,https://public.occ.ok.gov/OGCDWellRecords/Search.aspx?searchcommand=%7B%5BOG%20Well%20Records%5D%3A%5BAPI%20Number%5D%3D%223500320787%2A%22%7D,PHILLIPS,#1-32,I C GAS AMCANA INC,PA,NT,PLUGGED,36.5083884,-98.500609,ALFALFA,32.00,24N,12W,,,CSE,SE,IM,1980.0,W,660.0,S
3500320788,https://public.occ.ok.gov/OGCDWellRecords/Search.aspx?searchcommand=%7B%5BOG%20Well%20Records%5D%3A%5BAPI%20Number%5D%3D%223500320788%2A%22%7D,FRIEDEN,#1,RED EAGLE OIL COMPANY,PA,OIL,PLUGGED,36.9560073,-98.5110786,ALFALFA,32.00,29N,12W,,N2,NE,NE,IM,1980.0,W,2310.0,S
3500320789,https://public.occ.ok.gov/OGCDWellRecords/Search.aspx?searchcommand=%7B%5BOG%20Well%20Records%5D%3A%5BAPI%20Number%5D%3D%223500320789%2A%22%7D,WALLACE,#1,CHESAPEAKE OPERATING LLC,PA,OIL,PLUGGED,36.465016,-98.33893,ALFALFA,14.00,23N,11W,,,CSE,SE,IM,1980.0,W,660.0,S
3500320790,https://public.occ.ok.gov/OGCDWellRecords/Search.aspx?searchcommand=%7B%5BOG%20Well%20Records%5D%3A%5BAPI%20Number%5D%3D%223500320790%2A%22%7D,FELLERS,#1 A,NERCO OIL & GAS INC,PA,DRY,PLUGGED,36.8455051,-98.4165263,ALFALFA,6.00,27N,11W,N2,S2,NE,SE,IM,1980.0,W,1930.0,S
3500320791,https://public.occ.ok.gov/OGCDWellRecords/Search.aspx?searchcommand=%7B%5BOG%20Well%20Records%5D%3A%5BAPI%20Number%5D%3D%223500320791%2A%22%7D,FRECH,#1-3,I C GAS AMCANA INC,PA,NT,PLUGGED,36.4976415,-98.3613864,ALFALFA,3.00,23N,11W,,,CNW,SE,IM,660.0,W,1980.0,S
3500320792,https://public.occ.ok.gov/OGCDWellRecords/Search.aspx?searchcommand=%7B%5BOG%20Well%20Records%5D%3A%5BAPI%20Number%5D%3D%223500320792%2A%22%7D,HARMS,#3,SUPERIOR PRODUCTION LLC,AC,OIL,OIL,36.504973,-98.178123,ALFALFA,5.00,23N,09W,,,CNE,NE,IM,1980.0,W,1980.0,S
3500320793,https://public.occ.ok.gov/OGCDWellRecords/Search.aspx?searchcommand=%7B%5BOG%20Well%20Records%5D%3A%5BAPI%20Number%5D%3D%223500320793%2A%22%7D,RYEL,#3,OTC/OCC NOT ASSIGNED,PA,DRY,PLUGGED,36.5338898,-98.3838448,ALFALFA,28.00,24N,11W,,,NE,NW,IM,1980.0,W,1980.0,S
3500320794,https://public.occ.ok.gov/OGCDWellRecords/Search.aspx?searchcommand=%7B%5BOG%20Well%20Records%5D%3A%5BAPI%20Number%5D%3D%223500320794%2A%22%7D,MOSER,#1,CHESAPEAKE OPERATING LLC,PA,OIL,PLUGGED,36.575486,-98.49388,ALFALFA,9.00,24N,12W,,,,NW,IM,1320.0,W,1320.0,N
3500320795,https://public.occ.ok.gov/OGCDWellRecords/Search.aspx?searchcommand=%7B%5BOG%20Well%20Records%5D%3A%5BAPI%20Number%5D%3D%223500320795%2A%22%7D,SCOTT,#2-8,HINKLE ENGINEERING INC,PA,OIL,PLUGGED,36.4831386,-98.2985076,ALFALFA,8.00,23N,10W,,,CNW,SW,IM,660.0,W,1980.0,S
3500320796,https://public.occ.ok.gov/OGCDWellRecords/Search.aspx?searchcommand=%7B%5BOG%20Well%20Records%5D%3A%5BAPI%20Number%5D%3D%223500320796%2A%22%7D,HOOD,#2,WLW OIL & GAS LLC,AC,OIL,OIL,36.490361,-98.42426,ALFALFA,7.00,23N,11W,,C,NW,NW,IM,660.0,W,1980.0,S
3500320797,https://public.occ.ok.gov/OGCDWellRecords/Search.aspx?searchcommand=%7B%5BOG%20Well%20Records%5D%3A%5BAPI%20Number%5D%3D%223500320797%2A%22%7D,BLOYD,#A-2,HARBOR RESOURCES LLC,AC,OIL,OIL,36.468577,-98.4512,ALFALFA,14.00,23N,12W,,C,NW,SE,IM,660.0,W,1980.0,S
3500320799,https://public.occ.ok.gov/OGCDWellRecords/Search.aspx?searchcommand=%7B%5BOG%20Well%20Records%5D%3A%5BAPI%20Number%5D%3D%223500320799%2A%22%7D,KERNS,#2,BECK PUMP & SUPPLY INC,PA,OIL,PLUGGED,36.4985185,-98.4253813,ALFALFA,6.00,23N,11W,,NW,NW,SW,IM,330.0,W,2310.0,S
3500320800,https://public.occ.ok.gov/OGCDWellRecords/Search.aspx?searchcommand=%7B%5BOG%20Well%20Records%5D%3A%5BAPI%20Number%5D%3D%223500320800%2A%22%7D,KLINE,#1,MURCHISON OIL & GAS INC,PA,GAS,PLUGGED,36.5518664,-98.1233652,ALFALFA,14.00,24N,09W,,,CSE,SE,IM,1980.0,W,660.0,S
3500320801,https://public.occ.ok.gov/OGCDWellRecords/Search.aspx?searchcommand=%7B%5BOG%20Well%20Records%5D%3A%5BAPI%20Number%5D%3D%223500320801%2A%22%7D,PRUETT UNIT,#1,CARMEN FIELD LP,PA,OIL,PLUGGED,36.5900108,-98.475921,ALFALFA,3.00,24N,12W,,,,NW,IM,1320.0,W,1320.0,N
3500320802,https://public.occ.ok.gov/OGCDWellRecords/Search.aspx?searchcommand=%7B%5BOG%20Well%20Records%5D%3A%5BAPI%20Number%5D%3D%223500320802%2A%22%7D,FRECH,#2-3,I C GAS AMCANA INC,PA,NT,PLUGGED,36.4940156,-98.3658765,ALFALFA,3.00,23N,11W,,,CSE,SW,IM,1980.0,W,660.0,S
3500320803,https://public.occ.ok.gov/OGCDWellRecords/Search.aspx?searchcommand=%7B%5BOG%20Well%20Records%5D%3A%5BAPI%20Number%5D%3D%223500320803%2A%22%7D,MEANS,#1-10,GOULD OIL INC,PA,DRY,PLUGGED,36.5665268,-98.3568983,ALFALFA,10.00,24N,11W,,,SE,SE,IM,1980.0,W,660.0,S
3500320804,https://public.occ.ok.gov/OGCDWellRecords/Search.aspx?searchcommand=%7B%5BOG%20Well%20Records%5D%3A%5BAPI%20Number%5D%3D%223500320804%2A%22%7D,SEVERIN,#A-1,CHAMPLIN EXPLORATION INC,PA,OIL,PLUGGED,36.50836,-98.12336,ALFALFA,35.00,24N,09W,,,CSE,SE,IM,1980.0,W,660.0,S
3500320805,https://public.occ.ok.gov/OGCDWellRecords/Search.aspx?searchcommand=%7B%5BOG%20Well%20Records%5D%3A%5BAPI%20Number%5D%3D%223500320805%2A%22%7D,MURPHY INA N,#1,MOORE CLAY,PA,OIL,PLUGGED,36.670095,-98.454821,ALFALFA,2.00,25N,12W,,,,SE,IM,660.0,W,1320.0,S
3500320806,https://public.occ.ok.gov/OGCDWellRecords/Search.aspx?searchcommand=%7B%5BOG%20Well%20Records%5D%3A%5BAPI%20Number%5D%3D%223500320806%2A%22%7D,P. MCCRADY,#1,HODGDEN OPERATING CO INC,PA,OIL,PLUGGED,36.657555555555554,-98.47569444444444,ALFALFA,10.00,25N,12W,,,CNW,SE,IM,660.0,W,1980.0,S
3500320807,https://public.occ.ok.gov/OGCDWellRecords/Search.aspx?searchcommand=%7B%5BOG%20Well%20Records%5D%3A%5BAPI%20Number%5D%3D%223500320807%2A%22%7D,MCLAUGHLIN,#1,PETROLEUM WASTE RECOVERY INC,PA,GAS,PLUGGED,36.7118314,-98.4075033,ALFALFA,20.00,26N,11W,,,CSE,SW,IM,1980.0,W,660.0,S
3500320808,https://public.occ.ok.gov/OGCDWellRecords/Search.aspx?searchcommand=%7B%5BOG%20Well%20Records%5D%3A%5BAPI%20Number%5D%3D%223500320808%2A%22%7D,KELTCH,#1,PICES ENERGY PRODUCTION CO.,PA,GAS,PLUGGED,36.7082151,-98.3939783,ALFALFA,28.00,26N,11W,,,CNW,NW,IM,660.0,W,1980.0,S
3500320809,https://public.occ.ok.gov/OGCDWellRecords/Search.aspx?searchcommand=%7B%5BOG%20Well%20Records%5D%3A%5BAPI%20Number%5D%3D%223500320809%2A%22%7D,ROSS,#1,DIVERSIFIED PRODUCTION LLC,AC,OIL,OIL,36.490395,-98.33444,ALFALFA,12.00,23N,11W,,C,NW,NW,IM,660.0,W,1980.0,S
3500320810,https://public.occ.ok.gov/OGCDWellRecords/Search.aspx?searchcommand=%7B%5BOG%20Well%20Records%5D%3A%5BAPI%20Number%5D%3D%223500320810%2A%22%7D,MEISTER,#1,KINGFISHER CSG PULLR & CONST  INC,PA,OIL,PLUGGED,36.4686405,-98.3164687,ALFALFA,18.00,23N,10W,,,CNW,SW,IM,660.0,W,1980.0,S
3500320811,https://public.occ.ok.gov/OGCDWellRecords/Search.aspx?searchcommand=%7B%5BOG%20Well%20Records%5D%3A%5BAPI%20Number%5D%3D%223500320811%2A%22%7D,QUIGLEY,#1,RED EAGLE OIL COMPANY,PA,OIL,PLUGGED,36.9705334,-98.5065651,ALFALFA,28.00,29N,12W,,CN2,NW,NW,IM,660.0,W,2310.0,S
3500320812,https://public.occ.ok.gov/OGCDWellRecords/Search.aspx?searchcommand=%7B%5BOG%20Well%20Records%5D%3A%5BAPI%20Number%5D%3D%223500320812%2A%22%7D,BUTLER,#3-29,TRANS PACIFIC OIL CORPORATION,AC,OIL,OIL,36.96507,-98.51898,ALFALFA,29.00,29N,12W,C,SE,SE,NW,IM,,,,
3500320813,https://public.occ.ok.gov/OGCDWellRecords/Search.aspx?searchcommand=%7B%5BOG%20Well%20Records%5D%3A%5BAPI%20Number%5D%3D%223500320813%2A%22%7D,TUCKER,#1,SPESS OIL COMPANY INC,PA,OIL,PLUGGED,36.9596325,-98.5099497,ALFALFA,29.00,29N,12W,,CNE,SE,SE,IM,2310.0,W,990.0,S
3500320814,https://public.occ.ok.gov/OGCDWellRecords/Search.aspx?searchcommand=%7B%5BOG%20Well%20Records%5D%3A%5BAPI%20Number%5D%3D%223500320814%2A%22%7D,ELLEN,#1,RED EAGLE OIL COMPANY,PA,OIL,PLUGGED,36.9686948,-98.5235017,ALFALFA,29.00,29N,12W,,SE,NW,NW,IM,990.0,W,1650.0,S
3500320815,https://public.occ.ok.gov/OGCDWellRecords/Search.aspx?searchcommand=%7B%5BOG%20Well%20Records%5D%3A%5BAPI%20Number%5D%3D%223500320815%2A%22%7D,HELEN,#1,BECK RESOURCES INC,PA,OIL,PLUGGED,36.959632,-98.51898,ALFALFA,29.00,29N,12W,,CNE,SE,SW,IM,2310.0,W,990.0,S
3500320816,https://public.occ.ok.gov/OGCDWellRecords/Search.aspx?searchcommand=%7B%5BOG%20Well%20Records%5D%3A%5BAPI%20Number%5D%3D%223500320816%2A%22%7D,MILLS,#2,MCENA INC,PA,OIL,PLUGGED,36.4867584,-98.3748599,ALFALFA,9.00,23N,11W,,,CSE,NE,IM,1980.0,W,660.0,S
3500320817,https://public.occ.ok.gov/OGCDWellRecords/Search.aspx?searchcommand=%7B%5BOG%20Well%20Records%5D%3A%5BAPI%20Number%5D%3D%223500320817%2A%22%7D,"M.L. RYEL (RYEL ""A""2)",#A2,AC OIL & GAS LLC,AC,OIL,OIL,36.475853,-98.370227,ALFALFA,15.00,23N,11W,,,CNW,NW,IM,660.0,W,1980.0,S
3500320818,https://public.occ.ok.gov/OGCDWellRecords/Search.aspx?searchcommand=%7B%5BOG%20Well%20Records%5D%3A%5BAPI%20Number%5D%3D%223500320818%2A%22%7D,HERTZLER,#2,CHESAPEAKE OPERATING LLC,PA,NT,PLUGGED,36.504876,-98.40629,ALFALFA,5.00,23N,11W,,,CNW,NW,IM,660.0,W,1980.0,S
3500320819,https://public.occ.ok.gov/OGCDWellRecords/Search.aspx?searchcommand=%7B%5BOG%20Well%20Records%5D%3A%5BAPI%20Number%5D%3D%223500320819%2A%22%7D,"P H HERTZLER ""A""",#2,DIVERSIFIED PRODUCTION LLC,AC,OIL,OIL,36.497625,-98.40629,ALFALFA,5.00,23N,11W,,C,NW,SW,IM,660.0,W,1980.0,S
3500320820,https://public.occ.ok.gov/OGCDWellRecords/Search.aspx?searchcommand=%7B%5BOG%20Well%20Records%5D%3A%5BAPI%20Number%5D%3D%223500320820%2A%22%7D,JONES,#2,WESTSTAR OIL & GAS INC,AC,OIL,OIL,36.483122,-98.40629,ALFALFA,8.00,23N,11W,,,CNW,SW,IM,660.0,W,1980.0,S
3500320821,https://public.occ.ok.gov/OGCDWellRecords/Search.aspx?searchcommand=%7B%5BOG%20Well%20Records%5D%3A%5BAPI%20Number%5D%3D%223500320821%2A%22%7D,KERR A,#2,CHESAPEAKE OPERATING LLC,PA,NT,PLUGGED,36.483139,-98.37036,ALFALFA,10.00,23N,11W,,,CNW,SW,IM,660.0,W,1980.0,S
3500320822,https://public.occ.ok.gov/OGCDWellRecords/Search.aspx?searchcommand=%7B%5BOG%20Well%20Records%5D%3A%5BAPI%20Number%5D%3D%223500320822%2A%22%7D,ELLIOTT,#2,MILGLEN ENTERPRISES INC,PA,OIL,PLUGGED,36.4758722,-98.397312,ALFALFA,17.00,23N,11W,,,CNW,NE,IM,660.0,W,1980.0,S
3500320823,https://public.occ.ok.gov/OGCDWellRecords/Search.aspx?searchcommand=%7B%5BOG%20Well%20Records%5D%3A%5BAPI%20Number%5D%3D%223500320823%2A%22%7D,SMITH,#1,MAVERICK OIL COMPANY,PA,DRY,PLUGGED,36.8177587,-98.1551707,ALFALFA,15.00,27N,09W,,CN2,NE,SW,IM,1980.0,W,2310.0,S
3500320824,https://public.occ.ok.gov/OGCDWellRecords/Search.aspx?searchcommand=%7B%5BOG%20Well%20Records%5D%3A%5BAPI%20Number%5D%3D%223500320824%2A%22%7D,STOVER,#1,MAVERICK OIL COMPANY,PA,OIL,PLUGGED,36.8159724,-98.1664323,ALFALFA,16.00,27N,09W,,S2,N2,SE,IM,1320.0,E,1650.0,S
3500320825,https://public.occ.ok.gov/OGCDWellRecords/Search.aspx?searchcommand=%7B%5BOG%20Well%20Records%5D%3A%5BAPI%20Number%5D%3D%223500320825%2A%22%7D,JENLINK,#1,MAVERICK OIL COMPANY,PA,OIL,PLUGGED,36.8159953,-98.1912203,ALFALFA,17.00,27N,09W,,S2,NE,SW,IM,1980.0,W,1650.0,S
3500320826,https://public.occ.ok.gov/OGCDWellRecords/Search.aspx?searchcommand=%7B%5BOG%20Well%20Records%5D%3A%5BAPI%20Number%5D%3D%223500320826%2A%22%7D,FORSYTHE,#2,GREENHEAD ENERGY OPERATING LLC,AC,OIL,OIL,36.483288,-98.245214,ALFALFA,11.00,23N,10W,,C,NW,SW,IM,660.0,W,1980.0,S
3500320827,https://public.occ.ok.gov/OGCDWellRecords/Search.aspx?searchcommand=%7B%5BOG%20Well%20Records%5D%3A%5BAPI%20Number%5D%3D%223500320827%2A%22%7D,MEANS,#1-11,SMILEY DRILLING CO,PA,DRY,PLUGGED,36.5737818,-98.3434287,ALFALFA,11.00,24N,11W,,,CSW,NE,IM,660.0,W,660.0,S
3500320828,https://public.occ.ok.gov/OGCDWellRecords/Search.aspx?searchcommand=%7B%5BOG%20Well%20Records%5D%3A%5BAPI%20Number%5D%3D%223500320828%2A%22%7D,POWELL,#13-1,OTC/OCC NOT ASSIGNED,PA,DRY,PLUGGED,36.8154333,-98.1101035,ALFALFA,13.00,27N,09W,S2,S2,NE,SE,IM,1980.0,W,1620.0,S
3500320829,https://public.occ.ok.gov/OGCDWellRecords/Search.aspx?searchcommand=%7B%5BOG%20Well%20Records%5D%3A%5BAPI%20Number%5D%3D%223500320829%2A%22%7D,WILSON FARMS,#1-35,CONTINENTAL RESOURCES INC,PA,TM,PLUGGED,36.8641169,-98.3579614,ALFALFA,35.00,28N,11W,,,CSW,NW,IM,660.0,W,660.0,S
3500320830,https://public.occ.ok.gov/OGCDWellRecords/Search.aspx?searchcommand=%7B%5BOG%20Well%20Records%5D%3A%5BAPI%20Number%5D%3D%223500320830%2A%22%7D,TUCKER,#1,DYNAMAR ENERGY INC,PA,DRY,PLUGGED,36.9587747,-98.4884993,ALFALFA,27.00,29N,12W,,,SW,SW,IM,660.0,W,660.0,S
3500320831,https://public.occ.ok.gov/OGCDWellRecords/Search.aspx?searchcommand=%7B%5BOG%20Well%20Records%5D%3A%5BAPI%20Number%5D%3D%223500320831%2A%22%7D,MITCHELL,#1-11,I C GAS AMCANA INC,PA,NT,PLUGGED,36.5664654,-98.4557073,ALFALFA,11.00,24N,12W,,,CSE,SW,IM,1980.0,W,660.0,S
3500320832,https://public.occ.ok.gov/OGCDWellRecords/Search.aspx?searchcommand=%7B%5BOG%20Well%20Records%5D%3A%5BAPI%20Number%5D%3D%223500320832%2A%22%7D,MCCRADY,#1,OTC/OCC NOT ASSIGNED,PA,OIL,PLUGGED,36.7372095,-98.4007499,ALFALFA,17.00,26N,11W,,,CN2,NE,IM,1320.0,W,1980.0,S
3500320833,https://public.occ.ok.gov/OGCDWellRecords/Search.aspx?searchcommand=%7B%5BOG%20Well%20Records%5D%3A%5BAPI%20Number%5D%3D%223500320833%2A%22%7D,ZALOUDEK,#1,OTC/OCC NOT ASSIGNED,PA,OIL,PLUGGED,36.7787578,-98.1303801,ALFALFA,35.00,27N,09W,,,,NE,IM,1320.0,E,1320.0,N
3500320834,https://public.occ.ok.gov/OGCDWellRecords/Search.aspx?searchcommand=%7B%5BOG%20Well%20Records%5D%3A%5BAPI%20Number%5D%3D%223500320834%2A%22%7D,VOGEL,#1-20,OTC/OCC NOT ASSIGNED,PA,DRY,PLUGGED,36.9804776,-98.5155977,ALFALFA,20.00,29N,12W,,,CSW,NE,IM,660.0,W,660.0,S
3500320835,https://public.occ.ok.gov/OGCDWellRecords/Search.aspx?searchcommand=%7B%5BOG%20Well%20Records%5D%3A%5BAPI%20Number%5D%3D%223500320835%2A%22%7D,MCNICKLE,#1,PLAINSMEN ENERGY LLC,AC,OIL,OIL,36.51305,-98.36026,ALFALFA,34.00,24N,11W,C,NE,NW,SE,IM,990.0,W,2310.0,S
3500320836,https://public.occ.ok.gov/OGCDWellRecords/Search.aspx?searchcommand=%7B%5BOG%20Well%20Records%5D%3A%5BAPI%20Number%5D%3D%223500320836%2A%22%7D,JANTZEN,#1-18,CHOATE KENNY dba REBOUND OIL CO,STFD,OIL,STATE_FUNDS_PLUGGING,36.472202,-98.2042,ALFALFA,18.00,23N,09W,,,CSE,NW,IM,1980.0,W,660.0,S
3500320837,https://public.occ.ok.gov/OGCDWellRecords/Search.aspx?searchcommand=%7B%5BOG%20Well%20Records%5D%3A%5BAPI%20Number%5D%3D%223500320837%2A%22%7D,FRANTZ,#1-9,AMERICAN NATURAL ENERGY CORP,PA,OIL,PLUGGED,36.48666,-98.4961122,ALFALFA,9.00,23N,12W,,,CSW,NW,IM,660.0,W,660.0,S
3500320838,https://public.occ.ok.gov/OGCDWellRecords/Search.aspx?searchcommand=%7B%5BOG%20Well%20Records%5D%3A%5BAPI%20Number%5D%3D%223500320838%2A%22%7D,BRENT,#1,RED EAGLE OIL COMPANY,PA,OIL,PLUGGED,36.9560328,-98.5031748,ALFALFA,33.00,29N,12W,,NW,NE,NW,IM,1650.0,W,2310.0,S
3500320839,https://public.occ.ok.gov/OGCDWellRecords/Search.aspx?searchcommand=%7B%5BOG%20Well%20Records%5D%3A%5BAPI%20Number%5D%3D%223500320839%2A%22%7D,THAIN,#1,WESTERN ALLIED RESOURCES INC,PA,NT,PLUGGED,36.5592147,-98.1997149,ALFALFA,18.00,24N,09W,,,CSW,NE,IM,660.0,W,660.0,S
3500320840,https://public.occ.ok.gov/OGCDWellRecords/Search.aspx?searchcommand=%7B%5BOG%20Well%20Records%5D%3A%5BAPI%20Number%5D%3D%223500320840%2A%22%7D,DOROTHY,#1,HERITAGE PETROLEUM INC,AC,GAS,GAS,36.560722,-98.181716,ALFALFA,17.00,24N,09W,,,,NE,IM,990.0,W,1320.0,S
3500320841,https://public.occ.ok.gov/OGCDWellRecords/Search.aspx?searchcommand=%7B%5BOG%20Well%20Records%5D%3A%5BAPI%20Number%5D%3D%223500320841%2A%22%7D,"WILT ""B""",#1-1,COMBINED RESOURCES CORPORATION,PA,OIL,PLUGGED,36.4939724,-98.4377327,ALFALFA,1.00,23N,12W,,,SE,SW,IM,1980.0,W,660.0,S
3500320842,https://public.occ.ok.gov/OGCDWellRecords/Search.aspx?searchcommand=%7B%5BOG%20Well%20Records%5D%3A%5BAPI%20Number%5D%3D%223500320842%2A%22%7D,JESS CRONIN,#1,RKK PRODUCTION COMPANY,PA,OIL,PLUGGED,36.5157405,-98.2401303,ALFALFA,35.00,24N,10W,,,CSE,NW,IM,1980.0,W,660.0,S
3500320843,https://public.occ.ok.gov/OGCDWellRecords/Search.aspx?searchcommand=%7B%5BOG%20Well%20Records%5D%3A%5BAPI%20Number%5D%3D%223500320843%2A%22%7D,TUCKER /F/,#1-15,ANADARKO PETROLEUM CORPORATION,PA,GAS,PLUGGED,36.7280313,-98.1484024,ALFALFA,15.00,26N,09W,,,,SE,IM,1320.0,E,1320.0,S
3500320844,https://public.occ.ok.gov/OGCDWellRecords/Search.aspx?searchcommand=%7B%5BOG%20Well%20Records%5D%3A%5BAPI%20Number%5D%3D%223500320844%2A%22%7D,TUCKER /E/,#1-21,BCE-MACH LLC,AC,GAS,GAS,36.714209,-98.169666,ALFALFA,21.00,26N,09W,C,SE,NW,SE,IM,990.0,W,1650.0,S
3500320845,https://public.occ.ok.gov/OGCDWellRecords/Search.aspx?searchcommand=%7B%5BOG%20Well%20Records%5D%3A%5BAPI%20Number%5D%3D%223500320845%2A%22%7D,HENRY,#2,SPESS OIL COMPANY INC,AC,OIL,OIL,36.972321,-98.51108,ALFALFA,20.00,29N,12W,,S2,SE,SE,IM,1980.0,W,330.0,S
3500320846,https://public.occ.ok.gov/OGCDWellRecords/Search.aspx?searchcommand=%7B%5BOG%20Well%20Records%5D%3A%5BAPI%20Number%5D%3D%223500320846%2A%22%7D,VOOHREES,#2-15,"RAW CRUDE OIL & GAS, L.L.C.",OR,OIL,ORPHAN,36.469594,-98.255155,ALFALFA,15.00,23N,10W,C,S2,NW,SE,IM,660.0,W,1650.0,S
3500320847,https://public.occ.ok.gov/OGCDWellRecords/Search.aspx?searchcommand=%7B%5BOG%20Well%20Records%5D%3A%5BAPI%20Number%5D%3D%223500320847%2A%22%7D,THOMAS #2,#1,CURZON OPERATING COMPANY LTD,AC,OIL,OIL,36.487175,-98.42819,ALFALFA,12.00,23N,12W,SW,NE,SE,NE,IM,2190.0,W,730.0,S
3500320848,https://public.occ.ok.gov/OGCDWellRecords/Search.aspx?searchcommand=%7B%5BOG%20Well%20Records%5D%3A%5BAPI%20Number%5D%3D%223500320848%2A%22%7D,HENRY WEBER,#2,ANADARKO E & P ONSHORE LLC,PA,OIL,PLUGGED,36.5266288,-98.4063007,ALFALFA,29.00,24N,11W,,,CNW,SW,IM,660.0,W,1980.0,S
3500320849,https://public.occ.ok.gov/OGCDWellRecords/Search.aspx?searchcommand=%7B%5BOG%20Well%20Records%5D%3A%5BAPI%20Number%5D%3D%223500320849%2A%22%7D,POWELL,#13-1A,OTC/OCC NOT ASSIGNED,PA,OIL,PLUGGED,36.8154333,-98.1101035,ALFALFA,13.00,27N,09W,S2,S2,NE,SE,IM,1980.0,W,1620.0,S
3500320850,https://public.occ.ok.gov/OGCDWellRecords/Search.aspx?searchcommand=%7B%5BOG%20Well%20Records%5D%3A%5BAPI%20Number%5D%3D%223500320850%2A%22%7D,STATE-GEORGE,#1,OTC/OCC NOT ASSIGNED,PA,DRY,PLUGGED,36.6029819,-98.1731637,ALFALFA,33.00,25N,09W,,,CSE,NW,IM,1980.0,W,660.0,S
3500320851,https://public.occ.ok.gov/OGCDWellRecords/Search.aspx?searchcommand=%7B%5BOG%20Well%20Records%5D%3A%5BAPI%20Number%5D%3D%223500320851%2A%22%7D,LEAVENGOOD,#2,SPESS OIL COMPANY INC,PA,OIL,PLUGGED,36.9623765,-98.5065651,ALFALFA,28.00,29N,12W,,,NW,SW,IM,330.0,W,1980.0,S
3500320852,https://public.occ.ok.gov/OGCDWellRecords/Search.aspx?searchcommand=%7B%5BOG%20Well%20Records%5D%3A%5BAPI%20Number%5D%3D%223500320852%2A%22%7D,QUIGLEY,#2,SPESS OIL COMPANY INC,PA,OIL,PLUGGED,36.966908,-98.5076944,ALFALFA,28.00,29N,12W,,CNW,SW,NW,IM,330.0,W,990.0,S
3500320853,https://public.occ.ok.gov/OGCDWellRecords/Search.aspx?searchcommand=%7B%5BOG%20Well%20Records%5D%3A%5BAPI%20Number%5D%3D%223500320853%2A%22%7D,KIMBRELL,#1,RED EAGLE OIL COMPANY,PA,OIL,PLUGGED,36.9596037,-98.5280155,ALFALFA,30.00,29N,12W,,NE,SE,SE,IM,2310.0,W,990.0,S
3500320854,https://public.occ.ok.gov/OGCDWellRecords/Search.aspx?searchcommand=%7B%5BOG%20Well%20Records%5D%3A%5BAPI%20Number%5D%3D%223500320854%2A%22%7D,STURGEON,#1,HUNGERFORD OIL & GAS INC,PA,OIL,PLUGGED,36.5266388,-98.2760604,ALFALFA,28.00,24N,10W,,,CNE,SW,IM,1980.0,W,1980.0,S
3500320855,https://public.occ.ok.gov/OGCDWellRecords/Search.aspx?searchcommand=%7B%5BOG%20Well%20Records%5D%3A%5BAPI%20Number%5D%3D%223500320855%2A%22%7D,E.G. THOMPSON,#2,ANADARKO MINERALS INC,AC,OIL,OIL,36.468834,-98.298875,ALFALFA,17.00,23N,10W,,,CNW,SW,IM,660.0,W,1980.0,S
3500320856,https://public.occ.ok.gov/OGCDWellRecords/Search.aspx?searchcommand=%7B%5BOG%20Well%20Records%5D%3A%5BAPI%20Number%5D%3D%223500320856%2A%22%7D,SWEATT,#1,DAVIS OIL PRODUCERS,PA,DRY,PLUGGED,36.5519637,-98.1997149,ALFALFA,18.00,24N,09W,,,CSW,SE,IM,660.0,W,660.0,S
3500320857,https://public.occ.ok.gov/OGCDWellRecords/Search.aspx?searchcommand=%7B%5BOG%20Well%20Records%5D%3A%5BAPI%20Number%5D%3D%223500320857%2A%22%7D,GEIS,#1,FP INC,PA,OIL,PLUGGED,36.4649303,-98.4736566,ALFALFA,15.00,23N,12W,,,CSE,SW,IM,1980.0,W,660.0,S
3500320858,https://public.occ.ok.gov/OGCDWellRecords/Search.aspx?searchcommand=%7B%5BOG%20Well%20Records%5D%3A%5BAPI%20Number%5D%3D%223500320858%2A%22%7D,TUCKER,#1,OTC/OCC NOT ASSIGNED,PA,DRY,PLUGGED,36.9659474,-98.5381795,ALFALFA,30.00,29N,12W,,,CSE,NW,IM,1980.0,W,660.0,S
3500320859,https://public.occ.ok.gov/OGCDWellRecords/Search.aspx?searchcommand=%7B%5BOG%20Well%20Records%5D%3A%5BAPI%20Number%5D%3D%223500320859%2A%22%7D,F E ANTHONY,#2,ANADARKO E & P ONSHORE LLC,PA,OIL,PLUGGED,36.5121145,-98.4242617,ALFALFA,31.00,24N,11W,,,CNW,SW,IM,660.0,W,1980.0,S
3500320860,https://public.occ.ok.gov/OGCDWellRecords/Search.aspx?searchcommand=%7B%5BOG%20Well%20Records%5D%3A%5BAPI%20Number%5D%3D%223500320860%2A%22%7D,BLOYD,#2,HARBOR RESOURCES LLC,AC,OIL,OIL,36.468623,-98.442146,ALFALFA,13.00,23N,12W,,C,NW,SW,IM,660.0,W,1980.0,S
3500320861,https://public.occ.ok.gov/OGCDWellRecords/Search.aspx?searchcommand=%7B%5BOG%20Well%20Records%5D%3A%5BAPI%20Number%5D%3D%223500320861%2A%22%7D,MABEL E GREEN,#1,MOORE CLAY,PA,OIL,PLUGGED,36.6465298,-98.4615672,ALFALFA,14.00,25N,12W,,,CSE,NW,IM,1980.0,W,660.0,S
3500320862,https://public.occ.ok.gov/OGCDWellRecords/Search.aspx?searchcommand=%7B%5BOG%20Well%20Records%5D%3A%5BAPI%20Number%5D%3D%223500320862%2A%22%7D,STEWART,#1,FPCO OIL & GAS CO,PA,DRY,PLUGGED,36.9588511,-98.2807405,ALFALFA,28.00,29N,10W,,,CSW,SE,IM,660.0,W,660.0,S
3500320863,https://public.occ.ok.gov/OGCDWellRecords/Search.aspx?searchcommand=%7B%5BOG%20Well%20Records%5D%3A%5BAPI%20Number%5D%3D%223500320863%2A%22%7D,HAGUE L M,#1,COMBINED RESOURCES CORPORATION,PA,OIL,PLUGGED,36.661049,-98.4435445,ALFALFA,12.00,25N,12W,,,CSE,NW,IM,1980.0,W,660.0,S
3500320864,https://public.occ.ok.gov/OGCDWellRecords/Search.aspx?searchcommand=%7B%5BOG%20Well%20Records%5D%3A%5BAPI%20Number%5D%3D%223500320864%2A%22%7D,ROZELL /A/,#2-2,BCE-MACH LLC,AC,GAS,GAS,36.677337,-98.239477,ALFALFA,2.00,25N,10W,,,C,NE,IM,1320.0,W,1320.0,S
3500320865,https://public.occ.ok.gov/OGCDWellRecords/Search.aspx?searchcommand=%7B%5BOG%20Well%20Records%5D%3A%5BAPI%20Number%5D%3D%223500320865%2A%22%7D,ADAM A,#2-3,DIVERSIFIED PRODUCTION LLC,AC,GAS,GAS,36.677204,-98.257828,ALFALFA,3.00,25N,10W,,,C,NE,IM,1320.0,W,1320.0,S
3500320866,https://public.occ.ok.gov/OGCDWellRecords/Search.aspx?searchcommand=%7B%5BOG%20Well%20Records%5D%3A%5BAPI%20Number%5D%3D%223500320866%2A%22%7D,OARE /A/,#2-4,BCE-MACH LLC,AC,GAS,GAS,36.670103,-98.284631,ALFALFA,4.00,25N,10W,,,C,SW,IM,1320.0,W,1320.0,S
3500320867,https://public.occ.ok.gov/OGCDWellRecords/Search.aspx?searchcommand=%7B%5BOG%20Well%20Records%5D%3A%5BAPI%20Number%5D%3D%223500320867%2A%22%7D,PAGE A,#2-10,DIVERSIFIED PRODUCTION LLC,AC,GAS,GAS,36.662773,-98.266481,ALFALFA,10.00,25N,10W,,,C,NW,IM,1320.0,W,1320.0,N
3500320868,https://public.occ.ok.gov/OGCDWellRecords/Search.aspx?searchcommand=%7B%5BOG%20Well%20Records%5D%3A%5BAPI%20Number%5D%3D%223500320868%2A%22%7D,TOM BENFIELD,#2,OTC/OCC NOT ASSIGNED,PA,DRY,PLUGGED,36.9942077,-98.3609146,ALFALFA,14.00,29N,11W,,SE,SW,NW,IM,990.0,W,330.0,S
3500320869,https://public.occ.ok.gov/OGCDWellRecords/Search.aspx?searchcommand=%7B%5BOG%20Well%20Records%5D%3A%5BAPI%20Number%5D%3D%223500320869%2A%22%7D,ROSS,#2-8,DOMINION OK TX E & P INC,PA,OIL,PLUGGED,36.4840459,-98.2884066,ALFALFA,8.00,23N,10W,,NE,NW,SE,IM,990.0,W,2310.0,S
3500320870,https://public.occ.ok.gov/OGCDWellRecords/Search.aspx?searchcommand=%7B%5BOG%20Well%20Records%5D%3A%5BAPI%20Number%5D%3D%223500320870%2A%22%7D,STOOKEY,#2-18,CHESAPEAKE OPERATING LLC,PA,OIL,PLUGGED,36.4695478,-98.3063695,ALFALFA,18.00,23N,10W,,NE,NW,SE,IM,790.0,W,2310.0,S
3500320871,https://public.occ.ok.gov/OGCDWellRecords/Search.aspx?searchcommand=%7B%5BOG%20Well%20Records%5D%3A%5BAPI%20Number%5D%3D%223500320871%2A%22%7D,FRANK,#1,HARBOR RESOURCES LLC,AC,OIL,OIL,36.53747,-98.379435,ALFALFA,21.00,24N,11W,,C,SW,SE,IM,660.0,W,660.0,S
3500320872,https://public.occ.ok.gov/OGCDWellRecords/Search.aspx?searchcommand=%7B%5BOG%20Well%20Records%5D%3A%5BAPI%20Number%5D%3D%223500320872%2A%22%7D,WOODARD,#2,MACK ENERGY CO.,PA,GAS,PLUGGED,36.5337066,-98.1188757,ALFALFA,25.00,24N,09W,,,NW,NW,IM,660.0,W,1980.0,S
3500320873,https://public.occ.ok.gov/OGCDWellRecords/Search.aspx?searchcommand=%7B%5BOG%20Well%20Records%5D%3A%5BAPI%20Number%5D%3D%223500320873%2A%22%7D,BLANCHE #1,#A078,PREMIER RESOURCES LTD,PA,DRY,PLUGGED,36.5157527,-98.2580943,ALFALFA,34.00,24N,10W,,,CSE,NW,IM,1980.0,W,660.0,S
3500320874,https://public.occ.ok.gov/OGCDWellRecords/Search.aspx?searchcommand=%7B%5BOG%20Well%20Records%5D%3A%5BAPI%20Number%5D%3D%223500320874%2A%22%7D,CROMWELL  B,#1,VIERSEN & COCHRAN,PA,NT,PLUGGED,36.87483,-98.12813,ALFALFA,26.00,28N,09W,,,CNE,SE,IM,1980.0,W,1980.0,S
3500320875,https://public.occ.ok.gov/OGCDWellRecords/Search.aspx?searchcommand=%7B%5BOG%20Well%20Records%5D%3A%5BAPI%20Number%5D%3D%223500320875%2A%22%7D,TANNER,#1-22,INEXCO OIL COMPANY,PA,DRY,PLUGGED,36.8875967,-98.4728586,ALFALFA,22.00,28N,12W,,,,SE,IM,1040.0,W,1320.0,S
3500320876,https://public.occ.ok.gov/OGCDWellRecords/Search.aspx?searchcommand=%7B%5BOG%20Well%20Records%5D%3A%5BAPI%20Number%5D%3D%223500320876%2A%22%7D,DAVIS,#1,HARBOR RESOURCES LLC,AC,OIL,OIL,36.956007,-98.51898,ALFALFA,32.00,29N,12W,C,NE,NE,NW,IM,,,,
3500320877,https://public.occ.ok.gov/OGCDWellRecords/Search.aspx?searchcommand=%7B%5BOG%20Well%20Records%5D%3A%5BAPI%20Number%5D%3D%223500320877%2A%22%7D,ARTHUR ECK,#2-18,FRANKS OIL & GAS INC,PA,GAS,PLUGGED,36.4685761,-98.2041958,ALFALFA,18.00,23N,09W,,,CNE,SW,IM,1980.0,W,1980.0,S
3500320878,https://public.occ.ok.gov/OGCDWellRecords/Search.aspx?searchcommand=%7B%5BOG%20Well%20Records%5D%3A%5BAPI%20Number%5D%3D%223500320878%2A%22%7D,HODGSON,#1,RAMSEY PROPERTY MGMT INC,PA,OIL,PLUGGED,36.8242386,-98.3489349,ALFALFA,14.00,27N,11W,,,NW,NE,IM,660.0,W,1980.0,S
3500320879,https://public.occ.ok.gov/OGCDWellRecords/Search.aspx?searchcommand=%7B%5BOG%20Well%20Records%5D%3A%5BAPI%20Number%5D%3D%223500320879%2A%22%7D,BERNARD,#2,MACK ENERGY CO.,PA,GAS,PLUGGED,36.5373643,-98.1233647,ALFALFA,23.00,24N,09W,,,CSE,SE,IM,1980.0,W,660.0,S
3500320880,https://public.occ.ok.gov/OGCDWellRecords/Search.aspx?searchcommand=%7B%5BOG%20Well%20Records%5D%3A%5BAPI%20Number%5D%3D%223500320880%2A%22%7D,KEIFFER,#1,FISHER-WEBB INC,PA,OIL,PLUGGED,36.5556341,-98.2491136,ALFALFA,15.00,24N,10W,,,CNE,SE,IM,1980.0,W,1980.0,S
3500320881,https://public.occ.ok.gov/OGCDWellRecords/Search.aspx?searchcommand=%7B%5BOG%20Well%20Records%5D%3A%5BAPI%20Number%5D%3D%223500320881%2A%22%7D,OTIS,#1-2,EBERLY & MEADE,PA,DRY,PLUGGED,36.8536293,-98.4525759,ALFALFA,2.00,27N,12W,S2,N2,NE,NE,IM,1980.0,W,1995.0,S
3500320883,https://public.occ.ok.gov/OGCDWellRecords/Search.aspx?searchcommand=%7B%5BOG%20Well%20Records%5D%3A%5BAPI%20Number%5D%3D%223500320883%2A%22%7D,WEBER,#1,BECK PUMP & SUPPLY INC,PA,OIL,PLUGGED,36.5483914,-98.3883396,ALFALFA,21.00,24N,11W,,,CNW,NW,IM,660.0,W,1980.0,S
3500320884,https://public.occ.ok.gov/OGCDWellRecords/Search.aspx?searchcommand=%7B%5BOG%20Well%20Records%5D%3A%5BAPI%20Number%5D%3D%223500320884%2A%22%7D,F E BURRIGHT,#2,ANADARKO E & P ONSHORE LLC,PA,DRY,PLUGGED,36.4686428,-98.3254558,ALFALFA,13.00,23N,11W,,,CNW,SE,IM,660.0,W,1980.0,S
3500320885,https://public.occ.ok.gov/OGCDWellRecords/Search.aspx?searchcommand=%7B%5BOG%20Well%20Records%5D%3A%5BAPI%20Number%5D%3D%223500320885%2A%22%7D,C I T,#1,BECK RESOURCES INC,PA,OIL,PLUGGED,36.962351,-98.5156,ALFALFA,29.00,29N,12W,,,CNW,SE,IM,660.0,W,1980.0,S
3500320886,https://public.occ.ok.gov/OGCDWellRecords/Search.aspx?searchcommand=%7B%5BOG%20Well%20Records%5D%3A%5BAPI%20Number%5D%3D%223500320886%2A%22%7D,GENE SMITH,#1,BECK RESOURCES INC,PA,OIL,PLUGGED,36.966854,-98.52802,ALFALFA,30.00,29N,12W,,CNE,SE,NE,IM,2310.0,W,990.0,S
3500320887,https://public.occ.ok.gov/OGCDWellRecords/Search.aspx?searchcommand=%7B%5BOG%20Well%20Records%5D%3A%5BAPI%20Number%5D%3D%223500320887%2A%22%7D,BOYCE,#1,ASHLOCK RESOURCES LLC,AC,GAS,GAS,36.592035,-98.523278,ALFALFA,6.00,24N,12W,W2,E2,NW,NE,IM,860.0,W,1980.0,S
3500320888,https://public.occ.ok.gov/OGCDWellRecords/Search.aspx?searchcommand=%7B%5BOG%20Well%20Records%5D%3A%5BAPI%20Number%5D%3D%223500320888%2A%22%7D,DUPUS,#A-1,CHOATE KENNY dba REBOUND OIL CO,STFD,OIL,STATE_FUNDS_PLUGGING,36.530271,-98.36588,ALFALFA,27.00,24N,11W,,,CSE,NW,IM,1980.0,W,660.0,S
3500320890,https://public.occ.ok.gov/OGCDWellRecords/Search.aspx?searchcommand=%7B%5BOG%20Well%20Records%5D%3A%5BAPI%20Number%5D%3D%223500320890%2A%22%7D,SCHALLNER/A/,#2-22,CHESAPEAKE OPERATING LLC,PA,GAS,PLUGGED,36.633903,-98.36469,ALFALFA,22.00,25N,11W,,,,NE,IM,1320.0,W,1320.0,S
3500320891,https://public.occ.ok.gov/OGCDWellRecords/Search.aspx?searchcommand=%7B%5BOG%20Well%20Records%5D%3A%5BAPI%20Number%5D%3D%223500320891%2A%22%7D,MORGENSON-JENNINGS,#2,PETROLEUM RESOURCES CO,PA,OIL,PLUGGED,36.6392588,-98.4750935,ALFALFA,15.00,25N,12W,,,CSW,SE,IM,660.0,W,660.0,S
3500320892,https://public.occ.ok.gov/OGCDWellRecords/Search.aspx?searchcommand=%7B%5BOG%20Well%20Records%5D%3A%5BAPI%20Number%5D%3D%223500320892%2A%22%7D,CROWDER,#1,FISHER-WEBB INC,PA,DRY,PLUGGED,36.8129108,-98.3309101,ALFALFA,13.00,27N,11W,N2,S2,SW,SE,IM,660.0,W,467.0,S
3500320893,https://public.occ.ok.gov/OGCDWellRecords/Search.aspx?searchcommand=%7B%5BOG%20Well%20Records%5D%3A%5BAPI%20Number%5D%3D%223500320893%2A%22%7D,LOOKABAUGH /A/,#2-8,CHESAPEAKE OPERATING LLC,PA,GAS,PLUGGED,36.656108,-98.2926,ALFALFA,8.00,25N,10W,S2,S2,N2,SE,IM,1320.0,E,1470.0,S
3500320894,https://public.occ.ok.gov/OGCDWellRecords/Search.aspx?searchcommand=%7B%5BOG%20Well%20Records%5D%3A%5BAPI%20Number%5D%3D%223500320894%2A%22%7D,MILLER,#1,TRANS PACIFIC OIL CORPORATION,AC,OIL,OIL,36.952353,-98.52802,ALFALFA,31.00,29N,12W,C,NE,SE,NE,IM,2310.0,W,990.0,S
3500320895,https://public.occ.ok.gov/OGCDWellRecords/Search.aspx?searchcommand=%7B%5BOG%20Well%20Records%5D%3A%5BAPI%20Number%5D%3D%223500320895%2A%22%7D,LESLIE,#1,OTC/OCC NOT ASSIGNED,PA,DRY,PLUGGED,36.6845522,-98.4998737,ALFALFA,33.00,26N,12W,,,,SW,IM,1320.0,W,1320.0,S
3500320896,https://public.occ.ok.gov/OGCDWellRecords/Search.aspx?searchcommand=%7B%5BOG%20Well%20Records%5D%3A%5BAPI%20Number%5D%3D%223500320896%2A%22%7D,KISLING,#1,GRACELAND PETROLEUM CORP,PA,DRY,PLUGGED,36.9759712,-98.5076976,ALFALFA,21.00,29N,12W,,SW,NW,SW,IM,330.0,W,1650.0,S
3500320897,https://public.occ.ok.gov/OGCDWellRecords/Search.aspx?searchcommand=%7B%5BOG%20Well%20Records%5D%3A%5BAPI%20Number%5D%3D%223500320897%2A%22%7D,"KIRKENDALL ""B""",#1,CHESAPEAKE OPERATING LLC,PA,OIL,PLUGGED,36.483132,-98.38833,ALFALFA,9.00,23N,11W,,,CNW,SW,IM,660.0,W,1980.0,S
3500320898,https://public.occ.ok.gov/OGCDWellRecords/Search.aspx?searchcommand=%7B%5BOG%20Well%20Records%5D%3A%5BAPI%20Number%5D%3D%223500320898%2A%22%7D,DAILY,#33-1,SP ENERGY DEVELOPMENT COMPANY,PA,OIL,PLUGGED,36.602982,-98.49761,ALFALFA,33.00,25N,12W,,,CSE,NW,IM,1980.0,W,660.0,S
3500320899,https://public.occ.ok.gov/OGCDWellRecords/Search.aspx?searchcommand=%7B%5BOG%20Well%20Records%5D%3A%5BAPI%20Number%5D%3D%223500320899%2A%22%7D,RUTH RILEY,#1,OTC/OCC NOT ASSIGNED,PA,DRY,PLUGGED,36.8747984,-98.1146173,ALFALFA,25.00,28N,09W,,,CNW,SE,IM,660.0,W,1980.0,S
3500320900,https://public.occ.ok.gov/OGCDWellRecords/Search.aspx?searchcommand=%7B%5BOG%20Well%20Records%5D%3A%5BAPI%20Number%5D%3D%223500320900%2A%22%7D,CHURCH,#2,ANADARKO E & P ONSHORE LLC,PA,OIL,PLUGGED,36.5338807,-98.397317,ALFALFA,29.00,24N,11W,,,CNW,NE,IM,660.0,W,1980.0,S
3500320901,https://public.occ.ok.gov/OGCDWellRecords/Search.aspx?searchcommand=%7B%5BOG%20Well%20Records%5D%3A%5BAPI%20Number%5D%3D%223500320901%2A%22%7D,BROWN A,#2-11,M3V ENERGY LLC,AC,GAS,GAS,36.662675,-98.247633,ALFALFA,11.00,25N,10W,W2,W2,E2,NW,IM,1570.0,W,1320.0,S
3500320902,https://public.occ.ok.gov/OGCDWellRecords/Search.aspx?searchcommand=%7B%5BOG%20Well%20Records%5D%3A%5BAPI%20Number%5D%3D%223500320902%2A%22%7D,MCCRADY A,#2-18,DIVERSIFIED PRODUCTION LLC,AC,GAS,GAS,36.648267,-98.319771,ALFALFA,18.00,25N,10W,W2,W2,E2,NW,IM,1420.0,W,1320.0,N
3500320903,https://public.occ.ok.gov/OGCDWellRecords/Search.aspx?searchcommand=%7B%5BOG%20Well%20Records%5D%3A%5BAPI%20Number%5D%3D%223500320903%2A%22%7D,MORGENSON-JENNINGS,#2A,PETROLEUM WASTE RECOVERY INC,PA,DRY,PLUGGED,36.6388056,-98.4756558,ALFALFA,15.00,25N,12W,NE,SW,SW,SE,IM,560.0,W,460.0,S
3500320904,https://public.occ.ok.gov/OGCDWellRecords/Search.aspx?searchcommand=%7B%5BOG%20Well%20Records%5D%3A%5BAPI%20Number%5D%3D%223500320904%2A%22%7D,BIXLER,#1,GRACELAND PETROLEUM CORP,PA,DRY,PLUGGED,36.9523821,-98.5099495,ALFALFA,32.00,29N,12W,,NE,SE,NE,IM,2310.0,W,990.0,S
3500320905,https://public.occ.ok.gov/OGCDWellRecords/Search.aspx?searchcommand=%7B%5BOG%20Well%20Records%5D%3A%5BAPI%20Number%5D%3D%223500320905%2A%22%7D,GINDER,#3,ONEOK EXPLORATION COMPANY,PA,DRY,PLUGGED,36.814248,-98.26445,ALFALFA,15.00,27N,10W,,NW,SE,SW,IM,1420.0,W,990.0,S
3500320906,https://public.occ.ok.gov/OGCDWellRecords/Search.aspx?searchcommand=%7B%5BOG%20Well%20Records%5D%3A%5BAPI%20Number%5D%3D%223500320906%2A%22%7D,KEN,#1,SPESS OIL COMPANY INC,PA,OIL,PLUGGED,36.9691483,-98.5201137,ALFALFA,29.00,29N,12W,N2,S2,NE,NW,IM,1980.0,W,1780.0,S
3500320907,https://public.occ.ok.gov/OGCDWellRecords/Search.aspx?searchcommand=%7B%5BOG%20Well%20Records%5D%3A%5BAPI%20Number%5D%3D%223500320907%2A%22%7D,MARY J,#1-7,WESTERN PACIFIC PETROLEUM INC,PA,OIL,PLUGGED,36.4786118,-98.304126,ALFALFA,7.00,23N,10W,,SW,SE,SE,IM,1650.0,W,330.0,S
3500320908,https://public.occ.ok.gov/OGCDWellRecords/Search.aspx?searchcommand=%7B%5BOG%20Well%20Records%5D%3A%5BAPI%20Number%5D%3D%223500320908%2A%22%7D,JIMMIE,#1,DAVIS OIL PRODUCERS,PA,DRY,PLUGGED,36.6193401,-98.4548176,ALFALFA,26.00,25N,12W,,,,NE,IM,1320.0,E,1320.0,N
3500320909,https://public.occ.ok.gov/OGCDWellRecords/Search.aspx?searchcommand=%7B%5BOG%20Well%20Records%5D%3A%5BAPI%20Number%5D%3D%223500320909%2A%22%7D,RUTH ALLEN,#1-19,OTC/OCC NOT ASSIGNED,PA,DRY,PLUGGED,36.8894298,-98.2047428,ALFALFA,19.00,28N,09W,,,CNW,SE,IM,660.0,W,1980.0,S
3500320910,https://public.occ.ok.gov/OGCDWellRecords/Search.aspx?searchcommand=%7B%5BOG%20Well%20Records%5D%3A%5BAPI%20Number%5D%3D%223500320910%2A%22%7D,DEWITT,#1-15,CLIFFORD RESOURCES INC,PA,DRY,PLUGGED,36.7372248,-98.3759594,ALFALFA,15.00,26N,11W,,,CNW,NW,IM,660.0,W,1980.0,S
3500320911,https://public.occ.ok.gov/OGCDWellRecords/Search.aspx?searchcommand=%7B%5BOG%20Well%20Records%5D%3A%5BAPI%20Number%5D%3D%223500320911%2A%22%7D,N B SMITH,#1-22,BARBOUR ENERGY CORPORATION,PA,NT,PLUGGED,36.7154736,-98.362448,ALFALFA,22.00,26N,11W,,,NE,SE,IM,2304.0,W,1245.0,S
3500320912,https://public.occ.ok.gov/OGCDWellRecords/Search.aspx?searchcommand=%7B%5BOG%20Well%20Records%5D%3A%5BAPI%20Number%5D%3D%223500320912%2A%22%7D,STATE,#3,PHILLIPS OIL OPERATING CO,PA,NT,PLUGGED,36.5102871,-98.4399803,ALFALFA,36.00,24N,12W,,,,SW,IM,1320.0,W,1320.0,S
3500320913,https://public.occ.ok.gov/OGCDWellRecords/Search.aspx?searchcommand=%7B%5BOG%20Well%20Records%5D%3A%5BAPI%20Number%5D%3D%223500320913%2A%22%7D,LOESER,#1-15,OTC/OCC NOT ASSIGNED,PA,DRY,PLUGGED,36.900351,-98.2588185,ALFALFA,15.00,28N,10W,,,CSW,SE,IM,660.0,W,660.0,S
3500320915,https://public.occ.ok.gov/OGCDWellRecords/Search.aspx?searchcommand=%7B%5BOG%20Well%20Records%5D%3A%5BAPI%20Number%5D%3D%223500320915%2A%22%7D,FRANK,#2,MILGLEN ENTERPRISES INC,PA,OIL,PLUGGED,36.5447732,-98.3658828,ALFALFA,22.00,24N,11W,,,CSE,NW,IM,1980.0,W,660.0,S
3500320916,https://public.occ.ok.gov/OGCDWellRecords/Search.aspx?searchcommand=%7B%5BOG%20Well%20Records%5D%3A%5BAPI%20Number%5D%3D%223500320916%2A%22%7D,L L PRENTICE,#2,ANADARKO E & P ONSHORE LLC,PA,NT,PLUGGED,36.5121267,-98.4062977,ALFALFA,32.00,24N,11W,,,CNW,SW,IM,660.0,W,1980.0,S
3500320917,https://public.occ.ok.gov/OGCDWellRecords/Search.aspx?searchcommand=%7B%5BOG%20Well%20Records%5D%3A%5BAPI%20Number%5D%3D%223500320917%2A%22%7D,SCHROCK,#1,SPESS OIL COMPANY INC,PA,OIL,PLUGGED,36.9578458,-98.4986598,ALFALFA,28.00,29N,12W,,SW,SW,SE,IM,330.0,W,330.0,S
3500320918,https://public.occ.ok.gov/OGCDWellRecords/Search.aspx?searchcommand=%7B%5BOG%20Well%20Records%5D%3A%5BAPI%20Number%5D%3D%223500320918%2A%22%7D,REINHOLD,#1,RED EAGLE OIL COMPANY,PA,OIL,PLUGGED,36.9614443,-98.5235017,ALFALFA,29.00,29N,12W,,SE,NW,SW,IM,990.0,W,1650.0,S
3500320919,https://public.occ.ok.gov/OGCDWellRecords/Search.aspx?searchcommand=%7B%5BOG%20Well%20Records%5D%3A%5BAPI%20Number%5D%3D%223500320919%2A%22%7D,SKAGGS TRUST,#1,OTC/OCC NOT ASSIGNED,PA,DRY,PLUGGED,36.6636214,-98.108974,ALFALFA,12.00,25N,09W,,SE,NE,NE,IM,2310.0,W,1650.0,S
3500320920,https://public.occ.ok.gov/OGCDWellRecords/Search.aspx?searchcommand=%7B%5BOG%20Well%20Records%5D%3A%5BAPI%20Number%5D%3D%223500320920%2A%22%7D,KEIFLER /B/,#1,FISHER-WEBB INC,PA,NT,PLUGGED,36.5519953,-98.2446301,ALFALFA,14.00,24N,10W,,,CSW,SW,IM,660.0,W,660.0,S
3500320921,https://public.occ.ok.gov/OGCDWellRecords/Search.aspx?searchcommand=%7B%5BOG%20Well%20Records%5D%3A%5BAPI%20Number%5D%3D%223500320921%2A%22%7D,KEIFLER /C/,#1,FISHER-WEBB INC,PA,DRY,PLUGGED,36.5592463,-98.2446302,ALFALFA,14.00,24N,10W,,,CSW,NW,IM,660.0,W,660.0,S
3500320922,https://public.occ.ok.gov/OGCDWellRecords/Search.aspx?searchcommand=%7B%5BOG%20Well%20Records%5D%3A%5BAPI%20Number%5D%3D%223500320922%2A%22%7D,DALE,#1,RED EAGLE OIL COMPANY,PA,OIL,PLUGGED,36.9560072,-98.5155951,ALFALFA,32.00,29N,12W,,N2,NW,NE,IM,660.0,W,2310.0,S
3500320923,https://public.occ.ok.gov/OGCDWellRecords/Search.aspx?searchcommand=%7B%5BOG%20Well%20Records%5D%3A%5BAPI%20Number%5D%3D%223500320923%2A%22%7D,STAUFFER,#1,OTC/OCC NOT ASSIGNED,PA,DRY,PLUGGED,36.7009553,-98.4075012,ALFALFA,29.00,26N,11W,,,CNE,SW,IM,1980.0,W,1980.0,S
3500320924,https://public.occ.ok.gov/OGCDWellRecords/Search.aspx?searchcommand=%7B%5BOG%20Well%20Records%5D%3A%5BAPI%20Number%5D%3D%223500320924%2A%22%7D,BIRCHFIELD,#1-24,RIVIERA OPERATING LLC,PA,OIL,PLUGGED,36.809739,-98.33091,ALFALFA,24.00,27N,11W,,,CNW,NE,IM,660.0,W,1980.0,S
3500320925,https://public.occ.ok.gov/OGCDWellRecords/Search.aspx?searchcommand=%7B%5BOG%20Well%20Records%5D%3A%5BAPI%20Number%5D%3D%223500320925%2A%22%7D,CUTRIGHT,#1-17,EMXCO ENERGY COMPANY,PA,DRY,PLUGGED,36.9039108,-98.1867192,ALFALFA,17.00,28N,09W,,,CNW,SE,IM,660.0,W,1980.0,S
3500320926,https://public.occ.ok.gov/OGCDWellRecords/Search.aspx?searchcommand=%7B%5BOG%20Well%20Records%5D%3A%5BAPI%20Number%5D%3D%223500320926%2A%22%7D,FRANK,#1,RED EAGLE OIL COMPANY,PA,OIL,PLUGGED,36.9038329,-98.524677,ALFALFA,18.00,28N,12W,,,CNE,SE,IM,1980.0,W,1980.0,S
3500320927,https://public.occ.ok.gov/OGCDWellRecords/Search.aspx?searchcommand=%7B%5BOG%20Well%20Records%5D%3A%5BAPI%20Number%5D%3D%223500320927%2A%22%7D,BROWN,#1,RED EAGLE OIL COMPANY,PA,OIL,PLUGGED,36.9722921,-98.5280158,ALFALFA,19.00,29N,12W,,SE,SE,SE,IM,2310.0,W,330.0,S
3500320928,https://public.occ.ok.gov/OGCDWellRecords/Search.aspx?searchcommand=%7B%5BOG%20Well%20Records%5D%3A%5BAPI%20Number%5D%3D%223500320928%2A%22%7D,JR,#1,RED EAGLE OIL COMPANY,PA,DRY,PLUGGED,36.958726,-98.5155964,ALFALFA,29.00,29N,12W,,,CSW,SE,IM,660.0,W,660.0,S
3500320929,https://public.occ.ok.gov/OGCDWellRecords/Search.aspx?searchcommand=%7B%5BOG%20Well%20Records%5D%3A%5BAPI%20Number%5D%3D%223500320929%2A%22%7D,R & H,#1,CANVAS ENERGY LLC,PA,TM,PLUGGED,36.96241,-98.519482,ALFALFA,29.00,29N,12W,SW,NE,NE,SW,IM,2145.0,W,2145.0,S
3500320930,https://public.occ.ok.gov/OGCDWellRecords/Search.aspx?searchcommand=%7B%5BOG%20Well%20Records%5D%3A%5BAPI%20Number%5D%3D%223500320930%2A%22%7D,AVIS,#1,RED EAGLE OIL COMPANY,PA,OIL,PLUGGED,36.9560332,-98.4986583,ALFALFA,33.00,29N,12W,,NW,NW,NE,IM,330.0,W,2310.0,S
3500320931,https://public.occ.ok.gov/OGCDWellRecords/Search.aspx?searchcommand=%7B%5BOG%20Well%20Records%5D%3A%5BAPI%20Number%5D%3D%223500320931%2A%22%7D,STATE OF OKLAHOMA,#1,RED EAGLE OIL COMPANY,PA,SWD,PLUGGED,36.9487817,-98.5076912,ALFALFA,33.00,29N,12W,,NW,NW,SW,IM,330.0,W,2310.0,S
3500320932,https://public.occ.ok.gov/OGCDWellRecords/Search.aspx?searchcommand=%7B%5BOG%20Well%20Records%5D%3A%5BAPI%20Number%5D%3D%223500320932%2A%22%7D,GEORGE,#1,ANADARKO PETROLEUM CORPORATION,PA,NT,PLUGGED,36.7950715,-98.1371415,ALFALFA,26.00,27N,09W,,,CNE,NW,IM,1980.0,W,1980.0,S
3500320933,https://public.occ.ok.gov/OGCDWellRecords/Search.aspx?searchcommand=%7B%5BOG%20Well%20Records%5D%3A%5BAPI%20Number%5D%3D%223500320933%2A%22%7D,STEFFEN,#1,OTC/OCC NOT ASSIGNED,PA,DRY,PLUGGED,36.8861273,-98.1196957,ALFALFA,24.00,28N,09W,SE,NW,SE,SW,IM,1780.0,W,860.0,S
3500320936,https://public.occ.ok.gov/OGCDWellRecords/Search.aspx?searchcommand=%7B%5BOG%20Well%20Records%5D%3A%5BAPI%20Number%5D%3D%223500320936%2A%22%7D,SANDERS,#1-11,HINKLE ENGINEERING INC,PA,GAS,PLUGGED,36.5690876,-98.1244892,ALFALFA,11.00,24N,09W,,SW,NE,SE,IM,1726.0,W,1953.0,S
3500320937,https://public.occ.ok.gov/OGCDWellRecords/Search.aspx?searchcommand=%7B%5BOG%20Well%20Records%5D%3A%5BAPI%20Number%5D%3D%223500320937%2A%22%7D,SHEPARD,#2,CHACO ENERGY COMPANY,PA,OIL,PLUGGED,36.5302756,-98.3383715,ALFALFA,26.00,24N,11W,,,SE,NE,IM,2140.0,W,660.0,S
3500320938,https://public.occ.ok.gov/OGCDWellRecords/Search.aspx?searchcommand=%7B%5BOG%20Well%20Records%5D%3A%5BAPI%20Number%5D%3D%223500320938%2A%22%7D,HERMAN,#1,TRIAD ENERGY INC,PA,NT,PLUGGED,36.887635,-98.2205111,ALFALFA,24.00,28N,10W,,,,SE,IM,1320.0,E,1320.0,S
3500320942,https://public.occ.ok.gov/OGCDWellRecords/Search.aspx?searchcommand=%7B%5BOG%20Well%20Records%5D%3A%5BAPI%20Number%5D%3D%223500320942%2A%22%7D,CROUCH,#1,TRIAD ENERGY INC,PA,OIL,PLUGGED,36.9723465,-98.5031795,ALFALFA,21.00,29N,12W,,SW,SE,SW,IM,1650.0,W,330.0,S
3500320943,https://public.occ.ok.gov/OGCDWellRecords/Search.aspx?searchcommand=%7B%5BOG%20Well%20Records%5D%3A%5BAPI%20Number%5D%3D%223500320943%2A%22%7D,J.R.,#1-A,SPESS OIL COMPANY INC,PA,OIL,PLUGGED,36.958726,-98.5155964,ALFALFA,29.00,29N,12W,,,SW,SE,IM,710.0,W,660.0,S
3500320944,https://public.occ.ok.gov/OGCDWellRecords/Search.aspx?searchcommand=%7B%5BOG%20Well%20Records%5D%3A%5BAPI%20Number%5D%3D%223500320944%2A%22%7D,F E BURRIGHT,#2-A,ANADARKO MINERALS INC,AC,OIL,OIL,36.467882,-98.325575,ALFALFA,13.00,23N,11W,N2,S2,NW,SE,IM,660.0,W,1680.0,S
3500320945,https://public.occ.ok.gov/OGCDWellRecords/Search.aspx?searchcommand=%7B%5BOG%20Well%20Records%5D%3A%5BAPI%20Number%5D%3D%223500320945%2A%22%7D,SINGREE,#2,COMPASS DRILLING INC,PA,OIL,PLUGGED,36.5016772,-98.4287524,ALFALFA,1.00,23N,12W,S2,N2,SE,NE,IM,1980.0,W,860.0,S
3500320946,https://public.occ.ok.gov/OGCDWellRecords/Search.aspx?searchcommand=%7B%5BOG%20Well%20Records%5D%3A%5BAPI%20Number%5D%3D%223500320946%2A%22%7D,MULDROW,#1,OTC/OCC NOT ASSIGNED,PA,DRY,PLUGGED,36.8005879,-98.4728535,ALFALFA,22.00,27N,12W,,,,SE,IM,1320.0,E,1320.0,S
3500320947,https://public.occ.ok.gov/OGCDWellRecords/Search.aspx?searchcommand=%7B%5BOG%20Well%20Records%5D%3A%5BAPI%20Number%5D%3D%223500320947%2A%22%7D,DAVIS,#1,CHESAPEAKE OPERATING LLC,PA,OIL,PLUGGED,36.581352,-98.5096,ALFALFA,5.00,24N,12W,S2,N2,SE,SW,IM,1980.0,W,885.0,S
3500320948,https://public.occ.ok.gov/OGCDWellRecords/Search.aspx?searchcommand=%7B%5BOG%20Well%20Records%5D%3A%5BAPI%20Number%5D%3D%223500320948%2A%22%7D,ARMBRUSTER,#1,MICHIGAN OIL COMPANY,PA,GAS,PLUGGED,36.8604716,-98.4075246,ALFALFA,32.00,28N,11W,,,CNE,SW,IM,1980.0,W,1980.0,S
3500320949,https://public.occ.ok.gov/OGCDWellRecords/Search.aspx?searchcommand=%7B%5BOG%20Well%20Records%5D%3A%5BAPI%20Number%5D%3D%223500320949%2A%22%7D,FELLERS,#1,NERCO OIL & GAS INC,PA,NT,PLUGGED,,,ALFALFA,6.00,27N,11W,N2,S2,NE,SE,IM,1980.0,W,1930.0,S
3500320950,https://public.occ.ok.gov/OGCDWellRecords/Search.aspx?searchcommand=%7B%5BOG%20Well%20Records%5D%3A%5BAPI%20Number%5D%3D%223500320950%2A%22%7D,CORA MARTIN,#2,WESTSTAR OIL & GAS INC,PA,OIL,PLUGGED,36.5193339,-98.4512079,ALFALFA,35.00,24N,12W,,,CNW,NE,IM,660.0,W,1980.0,S
3500320951,https://public.occ.ok.gov/OGCDWellRecords/Search.aspx?searchcommand=%7B%5BOG%20Well%20Records%5D%3A%5BAPI%20Number%5D%3D%223500320951%2A%22%7D,FEELY,#1-23,COMBINED RESOURCES CORPORATION,PA,GAS,PLUGGED,36.8893304,-98.1416694,ALFALFA,23.00,28N,09W,,,CNW,SW,IM,660.0,W,1980.0,S
3500320952,https://public.occ.ok.gov/OGCDWellRecords/Search.aspx?searchcommand=%7B%5BOG%20Well%20Records%5D%3A%5BAPI%20Number%5D%3D%223500320952%2A%22%7D,ALDER,#1-28,KWB OIL PROPERTY MANAGEMENT INC,PA,OIL,PLUGGED,36.8822338,-98.2723287,ALFALFA,28.00,28N,10W,,,CNE,NE,IM,1980.0,W,1980.0,S
3500320953,https://public.occ.ok.gov/OGCDWellRecords/Search.aspx?searchcommand=%7B%5BOG%20Well%20Records%5D%3A%5BAPI%20Number%5D%3D%223500320953%2A%22%7D,RALPH SOLF,#2,JERRY SANNER OIL PROPERTIES INC,AC,OIL,OIL,36.533869,-98.41528,ALFALFA,30.00,24N,11W,,,CNW,NE,IM,660.0,W,1980.0,S
3500320954,https://public.occ.ok.gov/OGCDWellRecords/Search.aspx?searchcommand=%7B%5BOG%20Well%20Records%5D%3A%5BAPI%20Number%5D%3D%223500320954%2A%22%7D,LYNES,#1-28,OTC/OCC NOT ASSIGNED,PA,DRY,PLUGGED,36.708216,-98.3849744,ALFALFA,28.00,26N,11W,,,CNW,NE,IM,660.0,W,1980.0,S
3500320955,https://public.occ.ok.gov/OGCDWellRecords/Search.aspx?searchcommand=%7B%5BOG%20Well%20Records%5D%3A%5BAPI%20Number%5D%3D%223500320955%2A%22%7D,DAISY WELLS,#2,ANADARKO E & P ONSHORE LLC,PA,OIL,PLUGGED,36.5121361,-98.3883338,ALFALFA,33.00,24N,11W,,,NW,SW,IM,810.0,W,1980.0,S
3500320956,https://public.occ.ok.gov/OGCDWellRecords/Search.aspx?searchcommand=%7B%5BOG%20Well%20Records%5D%3A%5BAPI%20Number%5D%3D%223500320956%2A%22%7D,STEIN,#2-20,PETROLEUM RESOURCES CO,PA,GAS,PLUGGED,36.7145509,-98.3984977,ALFALFA,20.00,26N,11W,,S2,NE,SE,IM,1980.0,W,1650.0,S
3500320959,https://public.occ.ok.gov/OGCDWellRecords/Search.aspx?searchcommand=%7B%5BOG%20Well%20Records%5D%3A%5BAPI%20Number%5D%3D%223500320959%2A%22%7D,JOHNSON,#1,HODGE T F,PA,DRY,PLUGGED,36.5550067,-98.1183199,ALFALFA,13.00,24N,09W,NW,SE,NW,SW,IM,810.0,W,1850.0,S
3500320960,https://public.occ.ok.gov/OGCDWellRecords/Search.aspx?searchcommand=%7B%5BOG%20Well%20Records%5D%3A%5BAPI%20Number%5D%3D%223500320960%2A%22%7D,J D ONEILL,#2,"TOKEN OPERATING, LLC",AC,OIL,OIL,36.519287,-98.477551,ALFALFA,34.00,24N,12W,,,NW,NW,IM,0.0,W,0.0,S
3500320961,https://public.occ.ok.gov/OGCDWellRecords/Search.aspx?searchcommand=%7B%5BOG%20Well%20Records%5D%3A%5BAPI%20Number%5D%3D%223500320961%2A%22%7D,P H HERTZIER /D/,#2,"TOKEN OPERATING, LLC",AC,OIL,OIL,36.525795,-98.451207,ALFALFA,26.00,24N,12W,N2,S2,NW,SE,IM,660.0,W,1730.0,S
3500320962,https://public.occ.ok.gov/OGCDWellRecords/Search.aspx?searchcommand=%7B%5BOG%20Well%20Records%5D%3A%5BAPI%20Number%5D%3D%223500320962%2A%22%7D,CURTIS MARLEY,#2,C & S PLUGGING,PA,OIL,PLUGGED,36.4758065,-98.1907203,ALFALFA,17.00,23N,09W,,,NW,NW,IM,360.0,W,1980.0,S
3500320963,https://public.occ.ok.gov/OGCDWellRecords/Search.aspx?searchcommand=%7B%5BOG%20Well%20Records%5D%3A%5BAPI%20Number%5D%3D%223500320963%2A%22%7D,BURNETT,#1-15,WHITMAR EXPLORATION COMPANY,PA,DRY,PLUGGED,36.9002363,-98.1461557,ALFALFA,15.00,28N,09W,,,CSE,SE,IM,1980.0,W,660.0,S
3500320964,https://public.occ.ok.gov/OGCDWellRecords/Search.aspx?searchcommand=%7B%5BOG%20Well%20Records%5D%3A%5BAPI%20Number%5D%3D%223500320964%2A%22%7D,MINNICK,#2,DINSMORE C E,PA,OIL,PLUGGED,36.5311816,-98.3467938,ALFALFA,26.00,24N,11W,,NE,SE,NW,IM,2310.0,W,990.0,S
3500320965,https://public.occ.ok.gov/OGCDWellRecords/Search.aspx?searchcommand=%7B%5BOG%20Well%20Records%5D%3A%5BAPI%20Number%5D%3D%223500320965%2A%22%7D,JOHNSON MALINDA,#1,TACONIC PETROLEUM CORP,PA,DRY,PLUGGED,36.5292838,-98.1828713,ALFALFA,29.00,24N,09W,,SW,SW,NE,IM,330.0,W,330.0,S
3500320966,https://public.occ.ok.gov/OGCDWellRecords/Search.aspx?searchcommand=%7B%5BOG%20Well%20Records%5D%3A%5BAPI%20Number%5D%3D%223500320966%2A%22%7D,"ELLIOTT""B""",#1,CHESAPEAKE OPERATING LLC,PA,OIL,PLUGGED,36.475859,-98.42425,ALFALFA,18.00,23N,11W,,,CNW,NW,IM,660.0,W,1980.0,S
3500320967,https://public.occ.ok.gov/OGCDWellRecords/Search.aspx?searchcommand=%7B%5BOG%20Well%20Records%5D%3A%5BAPI%20Number%5D%3D%223500320967%2A%22%7D,GLEN BAKER,#1-9,OTC/OCC NOT ASSIGNED,PA,DRY,PLUGGED,36.6573626,-98.4931196,ALFALFA,9.00,25N,12W,,,CNW,SE,IM,660.0,W,1980.0,S
3500320968,https://public.occ.ok.gov/OGCDWellRecords/Search.aspx?searchcommand=%7B%5BOG%20Well%20Records%5D%3A%5BAPI%20Number%5D%3D%223500320968%2A%22%7D,LAVICKY UNIT,#1,PETROLEUM WASTE RECOVERY INC,PA,DRY,PLUGGED,36.9895119,-98.5314052,ALFALFA,18.00,29N,12W,,,,SE,IM,1220.0,W,1320.0,S
3500320969,https://public.occ.ok.gov/OGCDWellRecords/Search.aspx?searchcommand=%7B%5BOG%20Well%20Records%5D%3A%5BAPI%20Number%5D%3D%223500320969%2A%22%7D,TUCKER,#2,M3V ENERGY LLC,AC,GAS,GAS,36.632897,-98.240101,ALFALFA,23.00,25N,10W,NE,NE,SW,NE,IM,1190.0,W,1590.0,N
3500320970,https://public.occ.ok.gov/OGCDWellRecords/Search.aspx?searchcommand=%7B%5BOG%20Well%20Records%5D%3A%5BAPI%20Number%5D%3D%223500320970%2A%22%7D,JACK,#1-16,WESTERN PACIFIC PETROLEUM INC,PA,DRY,PLUGGED,36.9111377,-98.1732082,ALFALFA,16.00,28N,09W,,,NE,NW,IM,2310.0,W,1980.0,S
3500320971,https://public.occ.ok.gov/OGCDWellRecords/Search.aspx?searchcommand=%7B%5BOG%20Well%20Records%5D%3A%5BAPI%20Number%5D%3D%223500320971%2A%22%7D,BROOKS,#1,CHEYENNE EXPLORATION INC,PA,NT,PLUGGED,36.4668247,-98.2872834,ALFALFA,17.00,23N,10W,,,,SE,IM,660.0,W,1320.0,S
3500320972,https://public.occ.ok.gov/OGCDWellRecords/Search.aspx?searchcommand=%7B%5BOG%20Well%20Records%5D%3A%5BAPI%20Number%5D%3D%223500320972%2A%22%7D,LOTT,#3,MACK ENERGY CO.,PA,GAS,PLUGGED,36.517392,-98.1166273,ALFALFA,36.00,24N,09W,,,,NW,IM,1635.0,W,1320.0,N
3500320974,https://public.occ.ok.gov/OGCDWellRecords/Search.aspx?searchcommand=%7B%5BOG%20Well%20Records%5D%3A%5BAPI%20Number%5D%3D%223500320974%2A%22%7D,COCHRAN,#1-16,RIBEX ENERGY,PA,DRY,PLUGGED,36.9102319,-98.1630521,ALFALFA,16.00,28N,09W,,SE,NE,NE,IM,2310.0,W,1650.0,S
3500320975,https://public.occ.ok.gov/OGCDWellRecords/Search.aspx?searchcommand=%7B%5BOG%20Well%20Records%5D%3A%5BAPI%20Number%5D%3D%223500320975%2A%22%7D,LEIERER A S K,#2,ANADARKO MINERALS INC,PA,OIL,PLUGGED,36.468608,-98.227435,ALFALFA,13.00,23N,10W,,NW,NW,SW,IM,330.0,W,2310.0,S
3500320976,https://public.occ.ok.gov/OGCDWellRecords/Search.aspx?searchcommand=%7B%5BOG%20Well%20Records%5D%3A%5BAPI%20Number%5D%3D%223500320976%2A%22%7D,MAXWELL,#1,RED EAGLE OIL COMPANY,PA,OIL,PLUGGED,36.9102047,-98.5213222,ALFALFA,17.00,28N,12W,,SW,NW,NW,IM,330.0,W,1650.0,S
3500320977,https://public.occ.ok.gov/OGCDWellRecords/Search.aspx?searchcommand=%7B%5BOG%20Well%20Records%5D%3A%5BAPI%20Number%5D%3D%223500320977%2A%22%7D,GOOD,#1,SPESS OIL COMPANY INC,PA,OIL,PLUGGED,36.9587513,-98.5065651,ALFALFA,28.00,29N,12W,,,CSW,SW,IM,660.0,W,660.0,S
3500320978,https://public.occ.ok.gov/OGCDWellRecords/Search.aspx?searchcommand=%7B%5BOG%20Well%20Records%5D%3A%5BAPI%20Number%5D%3D%223500320978%2A%22%7D,CECIL,#1,BECK RESOURCES INC,PA,OIL,PLUGGED,36.962352,-98.51108,ALFALFA,29.00,29N,12W,,,CNE,SE,IM,1980.0,W,1980.0,S
3500320979,https://public.occ.ok.gov/OGCDWellRecords/Search.aspx?searchcommand=%7B%5BOG%20Well%20Records%5D%3A%5BAPI%20Number%5D%3D%223500320979%2A%22%7D,KAREN,#1,TRANS PACIFIC OIL CORPORATION,AC,OIL,OIL,36.96507,-98.5156,ALFALFA,29.00,29N,12W,,S2,SW,NE,IM,,,,
3500320980,https://public.occ.ok.gov/OGCDWellRecords/Search.aspx?searchcommand=%7B%5BOG%20Well%20Records%5D%3A%5BAPI%20Number%5D%3D%223500320980%2A%22%7D,ROUSSEAU,#1,OTC/OCC NOT ASSIGNED,PA,DRY,PLUGGED,36.9179094,-98.1551856,ALFALFA,10.00,28N,09W,N2,S2,NE,SW,IM,1980.0,W,1815.0,S
3500320981,https://public.occ.ok.gov/OGCDWellRecords/Search.aspx?searchcommand=%7B%5BOG%20Well%20Records%5D%3A%5BAPI%20Number%5D%3D%223500320981%2A%22%7D,SHEPARD,#1-23,ANDERSON ENERGY CORP,PA,NT,PLUGGED,36.5438711,-98.3445493,ALFALFA,23.00,24N,11W,,,SW,NE,IM,330.0,W,330.0,S
3500320982,https://public.occ.ok.gov/OGCDWellRecords/Search.aspx?searchcommand=%7B%5BOG%20Well%20Records%5D%3A%5BAPI%20Number%5D%3D%223500320982%2A%22%7D,SHEPARD,#1,EA PETROLEUM INC,PA,DRY,PLUGGED,36.5447775,-98.3434261,ALFALFA,23.00,24N,11W,,,SW,NE,IM,0.0, ,0.0, 
3500320983,https://public.occ.ok.gov/OGCDWellRecords/Search.aspx?searchcommand=%7B%5BOG%20Well%20Records%5D%3A%5BAPI%20Number%5D%3D%223500320983%2A%22%7D,JUDSON,#2,M3V ENERGY LLC,AC,GAS,GAS,36.641535,-98.248553,ALFALFA,14.00,25N,10W,S2,S2,N2,SW,IM,1320.0,W,1520.0,S
3500320984,https://public.occ.ok.gov/OGCDWellRecords/Search.aspx?searchcommand=%7B%5BOG%20Well%20Records%5D%3A%5BAPI%20Number%5D%3D%223500320984%2A%22%7D,MEANS,#1,JERRY SANNER OIL PROPERTIES INC,PA,OIL,PLUGGED,36.538429,-98.3580206,ALFALFA,22.00,24N,11W,,NW,SE,SE,IM,1650.0,W,990.0,S
3500320985,https://public.occ.ok.gov/OGCDWellRecords/Search.aspx?searchcommand=%7B%5BOG%20Well%20Records%5D%3A%5BAPI%20Number%5D%3D%223500320985%2A%22%7D,"P.H.HERTZLER ""C""",#2-26,NORTH CENTRAL CASING PULLER INC,PA,OIL,PLUGGED,36.5338361,-98.4512092,ALFALFA,26.00,24N,12W,,,CNW,NE,IM,660.0,W,1980.0,S
3500320986,https://public.occ.ok.gov/OGCDWellRecords/Search.aspx?searchcommand=%7B%5BOG%20Well%20Records%5D%3A%5BAPI%20Number%5D%3D%223500320986%2A%22%7D,M HASSON,#2,"TOKEN OPERATING, LLC",AC,OIL,OIL,36.533815,-98.47816,ALFALFA,27.00,24N,12W,,C,NW,NW,IM,660.0,W,1980.0,S
3500320988,https://public.occ.ok.gov/OGCDWellRecords/Search.aspx?searchcommand=%7B%5BOG%20Well%20Records%5D%3A%5BAPI%20Number%5D%3D%223500320988%2A%22%7D,DIEL,#1-17,RIBEX ENERGY,PA,DRY,PLUGGED,36.9084423,-98.1878476,ALFALFA,17.00,28N,09W,,NW,SW,NE,IM,330.0,W,990.0,S
3500320990,https://public.occ.ok.gov/OGCDWellRecords/Search.aspx?searchcommand=%7B%5BOG%20Well%20Records%5D%3A%5BAPI%20Number%5D%3D%223500320990%2A%22%7D,BODENSHATZ,#1-27,REPUBLIC RESOURCES CORPORATION,PA,DRY,PLUGGED,36.7004371,-98.4728475,ALFALFA,27.00,26N,12W,N2,S2,N2,SE,IM,1320.0,E,1880.0,S
3500320991,https://public.occ.ok.gov/OGCDWellRecords/Search.aspx?searchcommand=%7B%5BOG%20Well%20Records%5D%3A%5BAPI%20Number%5D%3D%223500320991%2A%22%7D,WOODARD,#4,MACK ENERGY CO.,PA,GAS,PLUGGED,36.5246437,-98.1076461,ALFALFA,25.00,24N,09W,,,,SE,IM,1320.0,E,1320.0,S
3500320992,https://public.occ.ok.gov/OGCDWellRecords/Search.aspx?searchcommand=%7B%5BOG%20Well%20Records%5D%3A%5BAPI%20Number%5D%3D%223500320992%2A%22%7D,LOTT,#4,MACK OIL COMPANY,PA,NT,PLUGGED,36.510141,-98.1166273,ALFALFA,36.00,24N,09W,,,,CSW,IM,2310.0,W,1980.0,S
3500320993,https://public.occ.ok.gov/OGCDWellRecords/Search.aspx?searchcommand=%7B%5BOG%20Well%20Records%5D%3A%5BAPI%20Number%5D%3D%223500320993%2A%22%7D,OPAL,#1,ASPEN OIL COMPANY INC,PA,DRY,PLUGGED,36.5583526,-98.259224,ALFALFA,15.00,24N,10W,,SW,SE,NW,IM,1650.0,W,330.0,S
3500320996,https://public.occ.ok.gov/OGCDWellRecords/Search.aspx?searchcommand=%7B%5BOG%20Well%20Records%5D%3A%5BAPI%20Number%5D%3D%223500320996%2A%22%7D,KIRKPATRICK,#1-8,OTC/OCC NOT ASSIGNED,PA,OIL,PLUGGED,36.9147865,-98.1912352,ALFALFA,8.00,28N,09W,,,CSE,SW,IM,1980.0,W,660.0,S
3500320998,https://public.occ.ok.gov/OGCDWellRecords/Search.aspx?searchcommand=%7B%5BOG%20Well%20Records%5D%3A%5BAPI%20Number%5D%3D%223500320998%2A%22%7D,REDMAN,#1,JERRY SANNER OIL PROPERTIES INC,AC,OIL,OIL,36.537498,-98.3659,ALFALFA,22.00,24N,11W,,,CSE,SW,IM,1980.0,W,660.0,S
3500320999,https://public.occ.ok.gov/OGCDWellRecords/Search.aspx?searchcommand=%7B%5BOG%20Well%20Records%5D%3A%5BAPI%20Number%5D%3D%223500320999%2A%22%7D,STATE,#1,OTC/OCC NOT ASSIGNED,PA,DRY,PLUGGED,36.8595752,-98.3838605,ALFALFA,33.00,28N,11W,,SE,NW,SE,IM,990.0,W,1650.0,S
3500321000,https://public.occ.ok.gov/OGCDWellRecords/Search.aspx?searchcommand=%7B%5BOG%20Well%20Records%5D%3A%5BAPI%20Number%5D%3D%223500321000%2A%22%7D,JACK WEBBER,#1-15,K P EXPLORATION INC,PA,NT,PLUGGED,36.5556497,-98.3658849,ALFALFA,15.00,24N,11W,,,NE,SW,IM,1730.0,W,1980.0,S
3500321001,https://public.occ.ok.gov/OGCDWellRecords/Search.aspx?searchcommand=%7B%5BOG%20Well%20Records%5D%3A%5BAPI%20Number%5D%3D%223500321001%2A%22%7D,WOODARD,#3,MACK ENERGY CO.,PA,GAS,PLUGGED,36.5273622,-98.1166298,ALFALFA,25.00,24N,09W,,N2,N2,SW,IM,1320.0,W,2310.0,S
3500321002,https://public.occ.ok.gov/OGCDWellRecords/Search.aspx?searchcommand=%7B%5BOG%20Well%20Records%5D%3A%5BAPI%20Number%5D%3D%223500321002%2A%22%7D,WELCH,#1,BECK PUMP & SUPPLY INC,PA,NT,PLUGGED,36.5447669,-98.3748615,ALFALFA,21.00,24N,11W,,SW,SE,NE,IM,1650.0,W,330.0,S
3500321003,https://public.occ.ok.gov/OGCDWellRecords/Search.aspx?searchcommand=%7B%5BOG%20Well%20Records%5D%3A%5BAPI%20Number%5D%3D%223500321003%2A%22%7D,WEBER,#2,BECK PUMP & SUPPLY INC,PA,OIL,PLUGGED,36.5438599,-98.3849701,ALFALFA,21.00,24N,11W,,SW,SE,NW,IM,1650.0,W,330.0,S
3500321004,https://public.occ.ok.gov/OGCDWellRecords/Search.aspx?searchcommand=%7B%5BOG%20Well%20Records%5D%3A%5BAPI%20Number%5D%3D%223500321004%2A%22%7D,"BUCK  ""A""",#1-36,DIVERSIFIED PRODUCTION LLC,AC,GAS,GAS,36.684663,-98.32865,ALFALFA,36.00,26N,11W,,,C,SE,IM,1320.0,W,1320.0,S
3500321005,https://public.occ.ok.gov/OGCDWellRecords/Search.aspx?searchcommand=%7B%5BOG%20Well%20Records%5D%3A%5BAPI%20Number%5D%3D%223500321005%2A%22%7D,CURRY,#1-34,PAN WESTERN ENERGY CORPORATION,PA,DRY,PLUGGED,36.6002856,-98.4818338,ALFALFA,34.00,25N,12W,,N2,N2,SW,IM,1320.0,W,2310.0,S
3500321006,https://public.occ.ok.gov/OGCDWellRecords/Search.aspx?searchcommand=%7B%5BOG%20Well%20Records%5D%3A%5BAPI%20Number%5D%3D%223500321006%2A%22%7D,PARKER,#1,RED EAGLE OIL COMPANY,PA,DRY,PLUGGED,36.9768515,-98.524634,ALFALFA,20.00,29N,12W,,,CNW,SW,IM,660.0,W,1980.0,S
3500321007,https://public.occ.ok.gov/OGCDWellRecords/Search.aspx?searchcommand=%7B%5BOG%20Well%20Records%5D%3A%5BAPI%20Number%5D%3D%223500321007%2A%22%7D,GING,#1-9,DEKA EXPLORATION INC,PA,NT,PLUGGED,36.478504,-98.15929,ALFALFA,9.00,23N,09W,C,S2,SE,SE,IM,1980.0,W,330.0,S
3500321008,https://public.occ.ok.gov/OGCDWellRecords/Search.aspx?searchcommand=%7B%5BOG%20Well%20Records%5D%3A%5BAPI%20Number%5D%3D%223500321008%2A%22%7D,GEORGE,#1-25,DOMINION OK TX E & P INC,PA,GAS,PLUGGED,36.6211696,-98.2317373,ALFALFA,25.00,25N,10W,,,CNW,NW,IM,660.0,W,1980.0,S
3500321009,https://public.occ.ok.gov/OGCDWellRecords/Search.aspx?searchcommand=%7B%5BOG%20Well%20Records%5D%3A%5BAPI%20Number%5D%3D%223500321009%2A%22%7D,GEORGE,#2-25,DOMINION OK TX E & P INC,PA,OIL,PLUGGED,36.617545,-98.2227435,ALFALFA,25.00,25N,10W,,,CSW,NE,IM,660.0,W,660.0,S
3500321010,https://public.occ.ok.gov/OGCDWellRecords/Search.aspx?searchcommand=%7B%5BOG%20Well%20Records%5D%3A%5BAPI%20Number%5D%3D%223500321010%2A%22%7D,TUCKER C,#2-28,BUMBLEBEE ENERGY LLC,AC,GAS,GAS,36.706127,-98.177457,ALFALFA,28.00,26N,09W,,,C,NW,IM,1320.0,W,1320.0,S
3500321011,https://public.occ.ok.gov/OGCDWellRecords/Search.aspx?searchcommand=%7B%5BOG%20Well%20Records%5D%3A%5BAPI%20Number%5D%3D%223500321011%2A%22%7D,BUCHANAN /A/,#2-33,ANADARKO PETROLEUM CORPORATION,PA,GAS,PLUGGED,36.6918037,-98.1664247,ALFALFA,33.00,26N,09W,,,,NE,IM,1320.0,E,1320.0,N
3500321013,https://public.occ.ok.gov/OGCDWellRecords/Search.aspx?searchcommand=%7B%5BOG%20Well%20Records%5D%3A%5BAPI%20Number%5D%3D%223500321013%2A%22%7D,MASQUELIER,#1,DAVIS OIL PRODUCERS,PA,OIL,PLUGGED,36.5664659,-98.1952218,ALFALFA,7.00,24N,09W,,,CSE,SE,IM,1980.0,W,660.0,S
3500321014,https://public.occ.ok.gov/OGCDWellRecords/Search.aspx?searchcommand=%7B%5BOG%20Well%20Records%5D%3A%5BAPI%20Number%5D%3D%223500321014%2A%22%7D,ETHEL M STARKS,#1,RACHALK PRODUCTION INC,PA,GAS,PLUGGED,36.9147636,-98.1686957,ALFALFA,9.00,28N,09W,,,CSW,SE,IM,660.0,W,660.0,S
3500321015,https://public.occ.ok.gov/OGCDWellRecords/Search.aspx?searchcommand=%7B%5BOG%20Well%20Records%5D%3A%5BAPI%20Number%5D%3D%223500321015%2A%22%7D,MORRIS /A/,#2-4,BCE-MACH LLC,AC,GAS,GAS,36.677043,-98.175037,ALFALFA,4.00,25N,09W,,C,E2,NW,IM,1980.0,W,1320.0,N
3500321016,https://public.occ.ok.gov/OGCDWellRecords/Search.aspx?searchcommand=%7B%5BOG%20Well%20Records%5D%3A%5BAPI%20Number%5D%3D%223500321016%2A%22%7D,NELSON,#2,MACK ENERGY CO.,PA,GAS,PLUGGED,36.50289,-98.1166248,ALFALFA,1.00,23N,09W,,,,NW,IM,1320.0,W,1320.0,N
3500321019,https://public.occ.ok.gov/OGCDWellRecords/Search.aspx?searchcommand=%7B%5BOG%20Well%20Records%5D%3A%5BAPI%20Number%5D%3D%223500321019%2A%22%7D,CROSS,#2-5,PANENERGY SERVICES INC,PA,GAS,PLUGGED,36.6732469,-98.1844487,ALFALFA,5.00,25N,09W,N2,N2,N2,SE,IM,1320.0,E,2440.0,S
3500321020,https://public.occ.ok.gov/OGCDWellRecords/Search.aspx?searchcommand=%7B%5BOG%20Well%20Records%5D%3A%5BAPI%20Number%5D%3D%223500321020%2A%22%7D,DIEL,#1,"RAW CRUDE OIL & GAS, L.L.C.",OR,GAS,ORPHAN,36.800653,-98.40977,ALFALFA,20.00,27N,11W,C,N2,N2,SW,IM,,,,
3500321021,https://public.occ.ok.gov/OGCDWellRecords/Search.aspx?searchcommand=%7B%5BOG%20Well%20Records%5D%3A%5BAPI%20Number%5D%3D%223500321021%2A%22%7D,DAVIS,#33-2,OTC/OCC NOT ASSIGNED,PA,DRY,PLUGGED,36.5975441,-98.4908664,ALFALFA,33.00,25N,12W,,,,SE,IM,1320.0,E,1320.0,S
3500321022,https://public.occ.ok.gov/OGCDWellRecords/Search.aspx?searchcommand=%7B%5BOG%20Well%20Records%5D%3A%5BAPI%20Number%5D%3D%223500321022%2A%22%7D,MELROSE,#1,HENDERSON TERRI L,PA,GAS,PLUGGED,36.527552,-98.36139,ALFALFA,27.00,24N,11W,,N2,NW,SE,IM,660.0,W,2310.0,S
3500321023,https://public.occ.ok.gov/OGCDWellRecords/Search.aspx?searchcommand=%7B%5BOG%20Well%20Records%5D%3A%5BAPI%20Number%5D%3D%223500321023%2A%22%7D,NELLIE I CAMPBELL,#1,TREPCO PRODUCTION COMPANY INC,PA,OIL,PLUGGED,36.5189457,-98.3035658,ALFALFA,31.00,24N,10W,NE,SW,NE,NE,IM,1665.0,W,1860.0,S
3500321024,https://public.occ.ok.gov/OGCDWellRecords/Search.aspx?searchcommand=%7B%5BOG%20Well%20Records%5D%3A%5BAPI%20Number%5D%3D%223500321024%2A%22%7D,BASSETT  A,#2-7,CHESAPEAKE OPERATING LLC,PA,NT,PLUGGED,36.66291,-98.31062,ALFALFA,7.00,25N,10W,,,,NE,IM,1320.0,E,1320.0,N
3500321025,https://public.occ.ok.gov/OGCDWellRecords/Search.aspx?searchcommand=%7B%5BOG%20Well%20Records%5D%3A%5BAPI%20Number%5D%3D%223500321025%2A%22%7D,JENLINK A,#2-9,M3V ENERGY LLC,AC,GAS,GAS,36.661085,-98.282224,ALFALFA,9.00,25N,10W,,C,SE,NW,IM,1980.0,W,1980.0,N
3500321026,https://public.occ.ok.gov/OGCDWellRecords/Search.aspx?searchcommand=%7B%5BOG%20Well%20Records%5D%3A%5BAPI%20Number%5D%3D%223500321026%2A%22%7D,NEWLIN A,#2-12,DIVERSIFIED PRODUCTION LLC,AC,GAS,GAS,36.662911,-98.33765,ALFALFA,12.00,25N,11W,,,C,NW,IM,1320.0,W,1320.0,N
3500321027,https://public.occ.ok.gov/OGCDWellRecords/Search.aspx?searchcommand=%7B%5BOG%20Well%20Records%5D%3A%5BAPI%20Number%5D%3D%223500321027%2A%22%7D,NILES A,#2-13,DIVERSIFIED PRODUCTION LLC,AC,GAS,GAS,36.647956,-98.33764,ALFALFA,13.00,25N,11W,N2,N2,S2,NW,IM,1320.0,W,1520.0,N
3500321028,https://public.occ.ok.gov/OGCDWellRecords/Search.aspx?searchcommand=%7B%5BOG%20Well%20Records%5D%3A%5BAPI%20Number%5D%3D%223500321028%2A%22%7D,CLARK,#1-28,KWB OIL PROPERTY MANAGEMENT INC,PA,DRY,PLUGGED,36.8786083,-98.2768408,ALFALFA,28.00,28N,10W,,,SW,NE,IM,660.0,W,660.0,S
3500321029,https://public.occ.ok.gov/OGCDWellRecords/Search.aspx?searchcommand=%7B%5BOG%20Well%20Records%5D%3A%5BAPI%20Number%5D%3D%223500321029%2A%22%7D,HERMAN BROCE /A/,#1,WOOLSEY PETROLEUM CORPORATION,PA,DRY,PLUGGED,36.8649763,-98.2216372,ALFALFA,36.00,28N,10W,,NE,SW,NE,IM,793.0,W,990.0,S
3500321030,https://public.occ.ok.gov/OGCDWellRecords/Search.aspx?searchcommand=%7B%5BOG%20Well%20Records%5D%3A%5BAPI%20Number%5D%3D%223500321030%2A%22%7D,MARLEY,#1,PARKWAY PETROLEUM INC,PA,NT,PLUGGED,36.5221181,-98.3063737,ALFALFA,30.00,24N,10W,,SE,SW,SE,IM,1265.0,W,330.0,S
3500321031,https://public.occ.ok.gov/OGCDWellRecords/Search.aspx?searchcommand=%7B%5BOG%20Well%20Records%5D%3A%5BAPI%20Number%5D%3D%223500321031%2A%22%7D,CRAIN,#1-9,DOMINION OK TX E & P INC,PA,NT,PLUGGED,36.5736726,-98.1727768,ALFALFA,9.00,24N,09W,,,CSW,NW,IM,660.0,W,660.0,S
3500321032,https://public.occ.ok.gov/OGCDWellRecords/Search.aspx?searchcommand=%7B%5BOG%20Well%20Records%5D%3A%5BAPI%20Number%5D%3D%223500321032%2A%22%7D,V.O GOODWIN,#2,ANADARKO MINERALS INC,PA,GAS,PLUGGED,36.490374,-98.2536,ALFALFA,10.00,23N,10W,,,CNW,NE,IM,,,,
3500321033,https://public.occ.ok.gov/OGCDWellRecords/Search.aspx?searchcommand=%7B%5BOG%20Well%20Records%5D%3A%5BAPI%20Number%5D%3D%223500321033%2A%22%7D,KOEHN,#29-A,BRISTOL RESOURCES CORPORATION,PA,OIL,PLUGGED,36.610207,-98.5066436,ALFALFA,29.00,25N,12W,,,CSE,SE,IM,1980.0,W,660.0,S
3500321034,https://public.occ.ok.gov/OGCDWellRecords/Search.aspx?searchcommand=%7B%5BOG%20Well%20Records%5D%3A%5BAPI%20Number%5D%3D%223500321034%2A%22%7D,HARRELL,#1,PARKWAY PETROLEUM INC,PA,NT,PLUGGED,36.537073,-98.311429,ALFALFA,19.00,24N,10W,NW,SE,SE,SW,IM,2125.0,W,600.0,S
3500321035,https://public.occ.ok.gov/OGCDWellRecords/Search.aspx?searchcommand=%7B%5BOG%20Well%20Records%5D%3A%5BAPI%20Number%5D%3D%223500321035%2A%22%7D,RUTH ANDERSON (RUTH #2),#2,DIVERSIFIED PRODUCTION LLC,AC,GAS,GAS,36.648408,-98.35567,ALFALFA,14.00,25N,11W,,,C,NW,IM,1320.0,W,1320.0,N
3500321036,https://public.occ.ok.gov/OGCDWellRecords/Search.aspx?searchcommand=%7B%5BOG%20Well%20Records%5D%3A%5BAPI%20Number%5D%3D%223500321036%2A%22%7D,KASSIK,#1,OTC/OCC NOT ASSIGNED,PA,DRY,PLUGGED,36.606582,-98.5066432,ALFALFA,32.00,25N,12W,,,CNE,NE,IM,1980.0,W,1980.0,S
3500321037,https://public.occ.ok.gov/OGCDWellRecords/Search.aspx?searchcommand=%7B%5BOG%20Well%20Records%5D%3A%5BAPI%20Number%5D%3D%223500321037%2A%22%7D,TUCKER A,#2-13,M3V ENERGY LLC,AC,GAS,GAS,36.640898,-98.230563,ALFALFA,13.00,25N,10W,,,C,SW,IM,1320.0,W,1320.0,S
3500321038,https://public.occ.ok.gov/OGCDWellRecords/Search.aspx?searchcommand=%7B%5BOG%20Well%20Records%5D%3A%5BAPI%20Number%5D%3D%223500321038%2A%22%7D,NEFF,#A 2-24,CHESAPEAKE OPERATING LLC,PA,GAS,PLUGGED,36.633455,-98.32864,ALFALFA,24.00,25N,11W,N2,N2,S2,NE,IM,1320.0,E,1370.0,N
3500321039,https://public.occ.ok.gov/OGCDWellRecords/Search.aspx?searchcommand=%7B%5BOG%20Well%20Records%5D%3A%5BAPI%20Number%5D%3D%223500321039%2A%22%7D,BLEW,#2-23,CHESAPEAKE OPERATING LLC,PA,GAS,PLUGGED,36.633906,-98.35567,ALFALFA,23.00,25N,11W,,,,NW,IM,1320.0,W,1320.0,N
3500321040,https://public.occ.ok.gov/OGCDWellRecords/Search.aspx?searchcommand=%7B%5BOG%20Well%20Records%5D%3A%5BAPI%20Number%5D%3D%223500321040%2A%22%7D,MCEACHERN,#2-32,CHESAPEAKE OPERATING LLC,PA,GAS,PLUGGED,36.684575,-98.19345,ALFALFA,32.00,26N,09W,,,,SW,IM,1320.0,W,1320.0,S
3500321041,https://public.occ.ok.gov/OGCDWellRecords/Search.aspx?searchcommand=%7B%5BOG%20Well%20Records%5D%3A%5BAPI%20Number%5D%3D%223500321041%2A%22%7D,WRIGHT,#2,BCE-MACH LLC,AC,GAS,GAS,36.655658,-98.35567,ALFALFA,11.00,25N,11W,,,C,SW,IM,1320.0,W,1320.0,S
3500321042,https://public.occ.ok.gov/OGCDWellRecords/Search.aspx?searchcommand=%7B%5BOG%20Well%20Records%5D%3A%5BAPI%20Number%5D%3D%223500321042%2A%22%7D,HERMAN BROCE/A TWN/,#1,WOOLSEY PETROLEUM CORPORATION,PA,OIL,PLUGGED,36.8649763,-98.2216372,ALFALFA,36.00,28N,10W,,NE,SW,NE,IM,693.0,W,990.0,S
3500321043,https://public.occ.ok.gov/OGCDWellRecords/Search.aspx?searchcommand=%7B%5BOG%20Well%20Records%5D%3A%5BAPI%20Number%5D%3D%223500321043%2A%22%7D,KIEFFER,#1,RR OIL WELL OPERATIONS LLC,AC,OIL,OIL,36.490087,-98.160949,ALFALFA,9.00,23N,09W,,,CNE,NE,IM,1980.0,W,1980.0,S
3500321044,https://public.occ.ok.gov/OGCDWellRecords/Search.aspx?searchcommand=%7B%5BOG%20Well%20Records%5D%3A%5BAPI%20Number%5D%3D%223500321044%2A%22%7D,HORN,#1,PANENERGY SERVICES INC,PA,DRY,PLUGGED,36.6003062,-98.4626849,ALFALFA,35.00,25N,12W,,NW,NE,SW,IM,1650.0,W,2310.0,S
3500321045,https://public.occ.ok.gov/OGCDWellRecords/Search.aspx?searchcommand=%7B%5BOG%20Well%20Records%5D%3A%5BAPI%20Number%5D%3D%223500321045%2A%22%7D,LOIS,#1-24,CONTINENTAL RESOURCES INC,PA,GAS,PLUGGED,36.8858716,-98.3258394,ALFALFA,24.00,28N,11W,,,SE,SE,IM,2180.0,W,660.0,S
3500321046,https://public.occ.ok.gov/OGCDWellRecords/Search.aspx?searchcommand=%7B%5BOG%20Well%20Records%5D%3A%5BAPI%20Number%5D%3D%223500321046%2A%22%7D,HADWINGER,#1,SINGER OIL COMPANY,PA,OIL,PLUGGED,36.9588581,-98.368811,ALFALFA,27.00,29N,11W,,,S2,SE,IM,1320.0,W,660.0,S
3500321047,https://public.occ.ok.gov/OGCDWellRecords/Search.aspx?searchcommand=%7B%5BOG%20Well%20Records%5D%3A%5BAPI%20Number%5D%3D%223500321047%2A%22%7D,C E SCHWARTZ,#1,OTC/OCC NOT ASSIGNED,PA,DRY,PLUGGED,36.962401,-98.4749473,ALFALFA,27.00,29N,12W,,,CNE,SE,IM,1980.0,W,1980.0,S
3500321048,https://public.occ.ok.gov/OGCDWellRecords/Search.aspx?searchcommand=%7B%5BOG%20Well%20Records%5D%3A%5BAPI%20Number%5D%3D%223500321048%2A%22%7D,FLORENCE,#1,OTC/OCC NOT ASSIGNED,PA,DRY,PLUGGED,36.719099,-98.362448,ALFALFA,22.00,26N,11W,,,CSE,NE,IM,1980.0,W,660.0,S
3500321049,https://public.occ.ok.gov/OGCDWellRecords/Search.aspx?searchcommand=%7B%5BOG%20Well%20Records%5D%3A%5BAPI%20Number%5D%3D%223500321049%2A%22%7D,CLARK,#2-28,UNIT PETROLEUM COMPANY,AC,OIL,OIL,36.882254,-98.277734,ALFALFA,28.00,28N,10W,,,CNW,NE,IM,660.0,W,1980.0,S
3500321050,https://public.occ.ok.gov/OGCDWellRecords/Search.aspx?searchcommand=%7B%5BOG%20Well%20Records%5D%3A%5BAPI%20Number%5D%3D%223500321050%2A%22%7D,MA DEWITT,#1-15,K & F OIL COMPANY,PA,NT,PLUGGED,36.727255,-98.3759594,ALFALFA,15.00,26N,11W,,N2,SW,SW,IM,660.0,W,990.0,S
3500321051,https://public.occ.ok.gov/OGCDWellRecords/Search.aspx?searchcommand=%7B%5BOG%20Well%20Records%5D%3A%5BAPI%20Number%5D%3D%223500321051%2A%22%7D,SIMPSON /A/,#1-11,PANENERGY SERVICES INC,PA,DRY,PLUGGED,36.5773749,-98.23115,ALFALFA,11.00,24N,10W,,,NE,NE,IM,990.0,E,660.0,N
3500321054,https://public.occ.ok.gov/OGCDWellRecords/Search.aspx?searchcommand=%7B%5BOG%20Well%20Records%5D%3A%5BAPI%20Number%5D%3D%223500321054%2A%22%7D,BURCHFEIL,#PC-211,ALPINE INC,PA,DRY,PLUGGED,36.8358252,-98.1202505,ALFALFA,12.00,27N,09W,,NW,SE,NW,IM,1650.0,W,490.0,S
3500321055,https://public.occ.ok.gov/OGCDWellRecords/Search.aspx?searchcommand=%7B%5BOG%20Well%20Records%5D%3A%5BAPI%20Number%5D%3D%223500321055%2A%22%7D,BARRON,#1,HUNGERFORD OIL & GAS INC,PA,DRY,PLUGGED,36.5447453,-98.2311491,ALFALFA,23.00,24N,10W,,,CSE,NE,IM,1980.0,W,660.0,S
3500321056,https://public.occ.ok.gov/OGCDWellRecords/Search.aspx?searchcommand=%7B%5BOG%20Well%20Records%5D%3A%5BAPI%20Number%5D%3D%223500321056%2A%22%7D,DIEL,#1,NORTH LAKE RESOURCES LLC,AC,OIL,OIL,36.903949,-98.43455,ALFALFA,13.00,28N,12W,,C,NE,SE,IM,1980.0,W,1980.0,S
3500321057,https://public.occ.ok.gov/OGCDWellRecords/Search.aspx?searchcommand=%7B%5BOG%20Well%20Records%5D%3A%5BAPI%20Number%5D%3D%223500321057%2A%22%7D,DAGUE,#1,TULSA ENERGY PARTNERS LLC,PA,OIL,PLUGGED,36.495997,-98.244761,ALFALFA,2.00,23N,10W,NE,NW,SW,SW,IM,660.0,W,1320.0,S
3500321058,https://public.occ.ok.gov/OGCDWellRecords/Search.aspx?searchcommand=%7B%5BOG%20Well%20Records%5D%3A%5BAPI%20Number%5D%3D%223500321058%2A%22%7D,VELMA,#1-19,SANDRIDGE EXPLORATION & PRODUCTION LLC,PA,WSW,PLUGGED,36.885869,-98.32248,ALFALFA,19.00,28N,10W,E2,W2,SW,SW,IM,500.0,W,660.0,S
3500321059,https://public.occ.ok.gov/OGCDWellRecords/Search.aspx?searchcommand=%7B%5BOG%20Well%20Records%5D%3A%5BAPI%20Number%5D%3D%223500321059%2A%22%7D,TUCKER E,#2-21,DIVERSIFIED PRODUCTION LLC,AC,GAS,GAS,36.711553,-98.177509,ALFALFA,21.00,26N,09W,,C,S2,SW,IM,1320.0,W,660.0,S
3500321060,https://public.occ.ok.gov/OGCDWellRecords/Search.aspx?searchcommand=%7B%5BOG%20Well%20Records%5D%3A%5BAPI%20Number%5D%3D%223500321060%2A%22%7D,FRANK CROMWELL,#1-26,HUX OIL COMPANY LLC,AC,GAS,GAS,36.881792,-98.143316,ALFALFA,26.00,28N,09W,,C,NW,NW,IM,660.0,W,1980.0,S
3500321061,https://public.occ.ok.gov/OGCDWellRecords/Search.aspx?searchcommand=%7B%5BOG%20Well%20Records%5D%3A%5BAPI%20Number%5D%3D%223500321061%2A%22%7D,SCRIBNER,#1,CHAMPLIN EXPLORATION INC,AC,GAS,GAS,36.888359,-98.169427,ALFALFA,21.00,28N,09W,,SE,NW,SE,IM,990.0,W,1650.0,S
3500321062,https://public.occ.ok.gov/OGCDWellRecords/Search.aspx?searchcommand=%7B%5BOG%20Well%20Records%5D%3A%5BAPI%20Number%5D%3D%223500321062%2A%22%7D,BLEVINS,#1,CHAMPLIN EXPLORATION INC,PA,OIL,PLUGGED,36.890315,-98.1901,ALFALFA,20.00,28N,09W,,NE,NE,SW,IM,2310.0,W,2310.0,S
3500321064,https://public.occ.ok.gov/OGCDWellRecords/Search.aspx?searchcommand=%7B%5BOG%20Well%20Records%5D%3A%5BAPI%20Number%5D%3D%223500321064%2A%22%7D,JOHN L,#2,INVESTORS FINANCIAL INC,PA,NT,PLUGGED,36.5121275,-98.3973157,ALFALFA,32.00,24N,11W,,,NW,SE,IM,660.0,W,1980.0,S
3500321065,https://public.occ.ok.gov/OGCDWellRecords/Search.aspx?searchcommand=%7B%5BOG%20Well%20Records%5D%3A%5BAPI%20Number%5D%3D%223500321065%2A%22%7D,PRENTICE,#2,SOONER OIL & GAS LLC,AC,OIL,OIL,36.519379,-98.39732,ALFALFA,32.00,24N,11W,,C,NW,NE,IM,660.0,W,1980.0,S
3500321066,https://public.occ.ok.gov/OGCDWellRecords/Search.aspx?searchcommand=%7B%5BOG%20Well%20Records%5D%3A%5BAPI%20Number%5D%3D%223500321066%2A%22%7D,CLYDE,#1,PARKWAY PETROLEUM INC,PA,GAS,PLUGGED,36.5184882,-98.2928997,ALFALFA,32.00,24N,10W,,SE,NE,NW,IM,2080.0,W,1590.0,S
3500321067,https://public.occ.ok.gov/OGCDWellRecords/Search.aspx?searchcommand=%7B%5BOG%20Well%20Records%5D%3A%5BAPI%20Number%5D%3D%223500321067%2A%22%7D,ELLIOTT,#C-1,EIGHT ROUND CORPORATION,PA,OIL,PLUGGED,36.4713279,-98.4186423,ALFALFA,18.00,23N,11W,,SE,SE,NW,IM,2310.0,W,330.0,S
3500321068,https://public.occ.ok.gov/OGCDWellRecords/Search.aspx?searchcommand=%7B%5BOG%20Well%20Records%5D%3A%5BAPI%20Number%5D%3D%223500321068%2A%22%7D,WAREHIME,#1,SEAGULL MID-SOUTH INC,PA,DRY,PLUGGED,36.8151426,-98.4187798,ALFALFA,18.00,27N,11W,,,,SE,IM,1320.0,W,1320.0,S
3500321069,https://public.occ.ok.gov/OGCDWellRecords/Search.aspx?searchcommand=%7B%5BOG%20Well%20Records%5D%3A%5BAPI%20Number%5D%3D%223500321069%2A%22%7D,M. BLEVINS,#1,SANDRIDGE EXPLORATION & PRODUCTION LLC,AC,GAS,GAS,36.882299,-98.211126,ALFALFA,30.00,28N,09W,,C,NE,NW,IM,1980.0,W,1980.0,S
3500321070,https://public.occ.ok.gov/OGCDWellRecords/Search.aspx?searchcommand=%7B%5BOG%20Well%20Records%5D%3A%5BAPI%20Number%5D%3D%223500321070%2A%22%7D,SCHUBERT /A/,#1,PALEO INC,PA,OIL,PLUGGED,36.9075885,-98.4300696,ALFALFA,18.00,28N,11W,,,CSW,NW,IM,660.0,W,660.0,S
3500321071,https://public.occ.ok.gov/OGCDWellRecords/Search.aspx?searchcommand=%7B%5BOG%20Well%20Records%5D%3A%5BAPI%20Number%5D%3D%223500321071%2A%22%7D,THOMAS,#1,PARKWAY PETROLEUM INC,PA,OIL,PLUGGED,36.53662,-98.3086211,ALFALFA,19.00,24N,10W,,SW,SW,SE,IM,500.0,W,330.0,S
3500321072,https://public.occ.ok.gov/OGCDWellRecords/Search.aspx?searchcommand=%7B%5BOG%20Well%20Records%5D%3A%5BAPI%20Number%5D%3D%223500321072%2A%22%7D,BARNETT,#1-27,OTC/OCC NOT ASSIGNED,PA,DRY,PLUGGED,36.88224,-98.371477,ALFALFA,27.00,28N,11W,,,NE,NW,IM,1980.0,W,1980.0,S
3500321073,https://public.occ.ok.gov/OGCDWellRecords/Search.aspx?searchcommand=%7B%5BOG%20Well%20Records%5D%3A%5BAPI%20Number%5D%3D%223500321073%2A%22%7D,TERRY,#1,OTC/OCC NOT ASSIGNED,PA,DRY,PLUGGED,36.8821584,-98.1867166,ALFALFA,29.00,28N,09W,,,NW,NE,IM,560.0,W,1980.0,S
3500321074,https://public.occ.ok.gov/OGCDWellRecords/Search.aspx?searchcommand=%7B%5BOG%20Well%20Records%5D%3A%5BAPI%20Number%5D%3D%223500321074%2A%22%7D,VELMA,#2-19,SANDRIDGE EXPLORATION & PRODUCTION LLC,PA,TM,PLUGGED,36.888738,-98.319802,ALFALFA,19.00,28N,10W,C,SW,NE,SW,IM,1650.0,W,1650.0,S
3500321075,https://public.occ.ok.gov/OGCDWellRecords/Search.aspx?searchcommand=%7B%5BOG%20Well%20Records%5D%3A%5BAPI%20Number%5D%3D%223500321075%2A%22%7D,VOORHEES-WRIGHT,#15-2,ANADARKO MINERALS INC,PA,OIL,PLUGGED,36.476974,-98.254144,ALFALFA,15.00,23N,10W,,N2,NW,NE,IM,660.0,W,2310.0,S
3500321076,https://public.occ.ok.gov/OGCDWellRecords/Search.aspx?searchcommand=%7B%5BOG%20Well%20Records%5D%3A%5BAPI%20Number%5D%3D%223500321076%2A%22%7D,JOE BURCHFIEL,#1,BLAIK OIL COMPANY,PA,DRY,PLUGGED,36.8286067,-98.1292561,ALFALFA,11.00,27N,09W,,NW,SE,SE,IM,1650.0,W,990.0,S
3500321077,https://public.occ.ok.gov/OGCDWellRecords/Search.aspx?searchcommand=%7B%5BOG%20Well%20Records%5D%3A%5BAPI%20Number%5D%3D%223500321077%2A%22%7D,BRENDA,#1-12,YOUNG TOMMY OIL INC,PA,DRY,PLUGGED,36.9142236,-98.1219575,ALFALFA,12.00,28N,09W,NE,SE,SW,SW,IM,1150.0,W,450.0,S
3500321078,https://public.occ.ok.gov/OGCDWellRecords/Search.aspx?searchcommand=%7B%5BOG%20Well%20Records%5D%3A%5BAPI%20Number%5D%3D%223500321078%2A%22%7D,MARSHALL,#1-20WD,"REVOLUTION RESOURCES III, LLC",AC,GAS,GAS,36.626258,-98.186419,ALFALFA,20.00,25N,09W,,,C,SE,IM,1320.0,W,1320.0,S
3500321079,https://public.occ.ok.gov/OGCDWellRecords/Search.aspx?searchcommand=%7B%5BOG%20Well%20Records%5D%3A%5BAPI%20Number%5D%3D%223500321079%2A%22%7D,NELSON,#1,GEODYNE RESOURCES INC,PA,NT,PLUGGED,36.6220155,-98.49424,ALFALFA,28.00,25N,12W,,NW,NW,NE,IM,330.0,W,2310.0,S
3500321080,https://public.occ.ok.gov/OGCDWellRecords/Search.aspx?searchcommand=%7B%5BOG%20Well%20Records%5D%3A%5BAPI%20Number%5D%3D%223500321080%2A%22%7D,DUMLER,#1,BCE-MACH LLC,AC,OIL,OIL,36.86591,-98.40301,ALFALFA,32.00,28N,11W,,C,W2,NE,IM,660.0,W,1320.0,S
3500321081,https://public.occ.ok.gov/OGCDWellRecords/Search.aspx?searchcommand=%7B%5BOG%20Well%20Records%5D%3A%5BAPI%20Number%5D%3D%223500321081%2A%22%7D,HOLLAND,#1-20,CHAMPLIN EXPLORATION INC,PA,TM,PLUGGED,36.890316,-98.18333,ALFALFA,20.00,28N,09W,,NW,NE,SE,IM,1650.0,W,2310.0,S
3500321082,https://public.occ.ok.gov/OGCDWellRecords/Search.aspx?searchcommand=%7B%5BOG%20Well%20Records%5D%3A%5BAPI%20Number%5D%3D%223500321082%2A%22%7D,SETTLE,#1-15,R & S OIL COMPANY,PA,GAS,PLUGGED,36.9039755,-98.2678462,ALFALFA,15.00,28N,10W,,,NW,SW,IM,660.0,W,1980.0,S
3500321084,https://public.occ.ok.gov/OGCDWellRecords/Search.aspx?searchcommand=%7B%5BOG%20Well%20Records%5D%3A%5BAPI%20Number%5D%3D%223500321084%2A%22%7D,HERRINGTON,#2,PETROLEUM WASTE RECOVERY INC,PA,NT,PLUGGED,36.7145603,-98.3849756,ALFALFA,21.00,26N,11W,,S2,NW,SE,IM,660.0,W,1650.0,S
3500321085,https://public.occ.ok.gov/OGCDWellRecords/Search.aspx?searchcommand=%7B%5BOG%20Well%20Records%5D%3A%5BAPI%20Number%5D%3D%223500321085%2A%22%7D,TANNER,#1-36,D & J OIL COMPANY OF OKLA INC,PA,DRY,PLUGGED,36.8604446,-98.4390629,ALFALFA,36.00,28N,12W,,,NW,SE,IM,660.0,W,1980.0,S
3500321086,https://public.occ.ok.gov/OGCDWellRecords/Search.aspx?searchcommand=%7B%5BOG%20Well%20Records%5D%3A%5BAPI%20Number%5D%3D%223500321086%2A%22%7D,VIOLA,#1-12,YOUNG TOMMY OIL INC,PA,DRY,PLUGGED,36.9183027,-98.1146212,ALFALFA,12.00,28N,09W,,,NW,SE,IM,330.0,W,1980.0,S
3500321088,https://public.occ.ok.gov/OGCDWellRecords/Search.aspx?searchcommand=%7B%5BOG%20Well%20Records%5D%3A%5BAPI%20Number%5D%3D%223500321088%2A%22%7D,DIEL GEORGE,#A1-24,LITZENBERGER EXPLORATION,PA,DRY,PLUGGED,36.8903541,-98.4345524,ALFALFA,24.00,28N,12W,,N2,NE,SE,IM,1980.0,W,2310.0,S
3500321089,https://public.occ.ok.gov/OGCDWellRecords/Search.aspx?searchcommand=%7B%5BOG%20Well%20Records%5D%3A%5BAPI%20Number%5D%3D%223500321089%2A%22%7D,TUCKER JOHN,#1,AGATE PETROLEUM INC,PA,DRY,PLUGGED,36.8749463,-98.2182542,ALFALFA,25.00,28N,10W,,,NE,SE,IM,2230.0,W,1980.0,S
3500321091,https://public.occ.ok.gov/OGCDWellRecords/Search.aspx?searchcommand=%7B%5BOG%20Well%20Records%5D%3A%5BAPI%20Number%5D%3D%223500321091%2A%22%7D,LOIS,#1-25,SANDRIDGE EXPLORATION & PRODUCTION LLC,PA,OIL,PLUGGED,36.883152,-98.32528,ALFALFA,25.00,28N,11W,,NE,NE,NE,IM,2310.0,W,2310.0,S
3500321092,https://public.occ.ok.gov/OGCDWellRecords/Search.aspx?searchcommand=%7B%5BOG%20Well%20Records%5D%3A%5BAPI%20Number%5D%3D%223500321092%2A%22%7D,GRAY,#2,CHAMPLIN EXPLORATION INC,PA,OIL,PLUGGED,36.892128,-98.1901,ALFALFA,20.00,28N,09W,,SE,SE,NW,IM,2310.0,W,330.0,S
3500321093,https://public.occ.ok.gov/OGCDWellRecords/Search.aspx?searchcommand=%7B%5BOG%20Well%20Records%5D%3A%5BAPI%20Number%5D%3D%223500321093%2A%22%7D,OTT,#1,OTC/OCC NOT ASSIGNED,PA,OIL,PLUGGED,36.9084956,-98.4221703,ALFALFA,18.00,28N,11W,,NW,SW,NE,IM,330.0,W,990.0,S
3500321094,https://public.occ.ok.gov/OGCDWellRecords/Search.aspx?searchcommand=%7B%5BOG%20Well%20Records%5D%3A%5BAPI%20Number%5D%3D%223500321094%2A%22%7D,BLEVINS,#2,TRIAD ENERGY INC,PA,OIL,PLUGGED,36.8866896,-98.1946157,ALFALFA,20.00,28N,09W,,NE,SW,SW,IM,990.0,W,990.0,S
3500321095,https://public.occ.ok.gov/OGCDWellRecords/Search.aspx?searchcommand=%7B%5BOG%20Well%20Records%5D%3A%5BAPI%20Number%5D%3D%223500321095%2A%22%7D,FORD,#1,PARKWAY PETROLEUM INC,PA,NT,PLUGGED,36.5348075,-98.3018819,ALFALFA,30.00,24N,10W,,NE,NE,NE,IM,2040.0,W,2310.0,S
3500321096,https://public.occ.ok.gov/OGCDWellRecords/Search.aspx?searchcommand=%7B%5BOG%20Well%20Records%5D%3A%5BAPI%20Number%5D%3D%223500321096%2A%22%7D,MATHIS,#1,WIL-MC OIL CORPORATION THE,PA,OIL,PLUGGED,36.8893851,-98.1777191,ALFALFA,21.00,28N,09W,,,NW,SW,IM,660.0,W,1980.0,S
3500321098,https://public.occ.ok.gov/OGCDWellRecords/Search.aspx?searchcommand=%7B%5BOG%20Well%20Records%5D%3A%5BAPI%20Number%5D%3D%223500321098%2A%22%7D,PAGE B,#2-3,M3V ENERGY LLC,AC,GAS,GAS,36.676527,-98.159209,ALFALFA,3.00,25N,09W,N2,N2,S2,NW,IM,1320.0,W,1520.0,N
3500321099,https://public.occ.ok.gov/OGCDWellRecords/Search.aspx?searchcommand=%7B%5BOG%20Well%20Records%5D%3A%5BAPI%20Number%5D%3D%223500321099%2A%22%7D,JEWELL ALBY,#1,WOOLSEY PETROLEUM CORPORATION,PA,OIL,PLUGGED,36.8713636,-98.3038899,ALFALFA,29.00,28N,10W,,,CSW,SW,IM,660.0,W,660.0,S
3500321100,https://public.occ.ok.gov/OGCDWellRecords/Search.aspx?searchcommand=%7B%5BOG%20Well%20Records%5D%3A%5BAPI%20Number%5D%3D%223500321100%2A%22%7D,LOESER,#1-15,EDINGER ENGINEERING INC,AC,OIL,OIL,36.904004,-98.259422,ALFALFA,15.00,28N,10W,,C,NW,SE,IM,660.0,W,1980.0,S
3500321102,https://public.occ.ok.gov/OGCDWellRecords/Search.aspx?searchcommand=%7B%5BOG%20Well%20Records%5D%3A%5BAPI%20Number%5D%3D%223500321102%2A%22%7D,HOLLAND,#2-20,OTC/OCC NOT ASSIGNED,PA,DRY,PLUGGED,36.8894093,-98.1867179,ALFALFA,20.00,28N,09W,,,NW,SE,IM,660.0,W,1980.0,S
3500321104,https://public.occ.ok.gov/OGCDWellRecords/Search.aspx?searchcommand=%7B%5BOG%20Well%20Records%5D%3A%5BAPI%20Number%5D%3D%223500321104%2A%22%7D,RULEY,#1,PARKWAY PETROLEUM INC,PA,OIL,PLUGGED,36.5311808,-98.3176033,ALFALFA,30.00,24N,10W,,NW,SW,NW,IM,330.0,W,750.0,S
3500321105,https://public.occ.ok.gov/OGCDWellRecords/Search.aspx?searchcommand=%7B%5BOG%20Well%20Records%5D%3A%5BAPI%20Number%5D%3D%223500321105%2A%22%7D,CROMWELL JAY,#1-25,VIERSEN & COCHRAN,PA,GAS,PLUGGED,36.8825023,-98.1129253,ALFALFA,25.00,28N,09W,SE,NE,NW,NE,IM,1090.0,W,2210.0,S
3500321106,https://public.occ.ok.gov/OGCDWellRecords/Search.aspx?searchcommand=%7B%5BOG%20Well%20Records%5D%3A%5BAPI%20Number%5D%3D%223500321106%2A%22%7D,STATE,#1,PARKWAY PETROLEUM INC,PA,OIL,PLUGGED,36.5203067,-98.3209685,ALFALFA,36.00,24N,11W,,N2,NE,NE,IM,1980.0,W,2240.0,S
3500321107,https://public.occ.ok.gov/OGCDWellRecords/Search.aspx?searchcommand=%7B%5BOG%20Well%20Records%5D%3A%5BAPI%20Number%5D%3D%223500321107%2A%22%7D,GRAY,#1A,HUX OIL COMPANY LLC,AC,2RIn,UIC,36.892139,-98.196351,ALFALFA,20.00,28N,09W,,SE,SW,NW,IM,990.0,W,330.0,S
3500321108,https://public.occ.ok.gov/OGCDWellRecords/Search.aspx?searchcommand=%7B%5BOG%20Well%20Records%5D%3A%5BAPI%20Number%5D%3D%223500321108%2A%22%7D,DAVIS,#1,TREPCO PRODUCTION COMPANY INC,PA,OIL,PLUGGED,36.5565606,-98.3063759,ALFALFA,18.00,24N,10W,,NE,NW,SE,IM,990.0,W,2310.0,S
3500321109,https://public.occ.ok.gov/OGCDWellRecords/Search.aspx?searchcommand=%7B%5BOG%20Well%20Records%5D%3A%5BAPI%20Number%5D%3D%223500321109%2A%22%7D,NORICK,#1,TREPCO PRODUCTION COMPANY INC,PA,OIL,PLUGGED,36.5493095,-98.3063748,ALFALFA,19.00,24N,10W,,NE,NW,NE,IM,1190.0,W,2310.0,S
3500321110,https://public.occ.ok.gov/OGCDWellRecords/Search.aspx?searchcommand=%7B%5BOG%20Well%20Records%5D%3A%5BAPI%20Number%5D%3D%223500321110%2A%22%7D,TALLEY W O,#1,OTC/OCC NOT ASSIGNED,PA,DRY,PLUGGED,36.8940286,-98.3264035,ALFALFA,24.00,28N,11W,,N2,SE,NE,IM,1980.0,W,760.0,S
3500321111,https://public.occ.ok.gov/OGCDWellRecords/Search.aspx?searchcommand=%7B%5BOG%20Well%20Records%5D%3A%5BAPI%20Number%5D%3D%223500321111%2A%22%7D,DOSS PAUL,#1,OTC/OCC NOT ASSIGNED,PA,OIL,PLUGGED,36.9561392,-98.3676811,ALFALFA,34.00,29N,11W,,NW,NE,NE,IM,1650.0,W,2310.0,S
3500321112,https://public.occ.ok.gov/OGCDWellRecords/Search.aspx?searchcommand=%7B%5BOG%20Well%20Records%5D%3A%5BAPI%20Number%5D%3D%223500321112%2A%22%7D,PELTER,#1,COG PETROLEUM CORPORATION,PA,GAS,PLUGGED,36.6194014,-98.2925943,ALFALFA,29.00,25N,10W,,,,NE,IM,1320.0,W,1320.0,S
3500321113,https://public.occ.ok.gov/OGCDWellRecords/Search.aspx?searchcommand=%7B%5BOG%20Well%20Records%5D%3A%5BAPI%20Number%5D%3D%223500321113%2A%22%7D,SCHUESSLER,#1,ANADARKO E & P ONSHORE LLC,PA,DRY,PLUGGED,36.7471669,-98.4199017,ALFALFA,7.00,26N,11W,,CSE,SW,NE,IM,990.0,W,330.0,S
3500321114,https://public.occ.ok.gov/OGCDWellRecords/Search.aspx?searchcommand=%7B%5BOG%20Well%20Records%5D%3A%5BAPI%20Number%5D%3D%223500321114%2A%22%7D,GUFFY,#2,HUX OIL COMPANY LLC,AC,OIL,OIL,36.892992,-98.1822,ALFALFA,20.00,28N,09W,,C,SE,NE,IM,1980.0,W,660.0,S
3500321115,https://public.occ.ok.gov/OGCDWellRecords/Search.aspx?searchcommand=%7B%5BOG%20Well%20Records%5D%3A%5BAPI%20Number%5D%3D%223500321115%2A%22%7D,HUNGERFORD,#2-B,INVESTORS RESOURCES CORP,PA,OIL,PLUGGED,36.481266,-98.1974639,ALFALFA,7.00,23N,09W,,,,SE,IM,330.0,W,1320.0,S
3500321116,https://public.occ.ok.gov/OGCDWellRecords/Search.aspx?searchcommand=%7B%5BOG%20Well%20Records%5D%3A%5BAPI%20Number%5D%3D%223500321116%2A%22%7D,KIRKPATRICK,#1-28,ANADARKO LAND & EXPLORATION CO,PA,OIL,PLUGGED,36.8749826,-98.281353,ALFALFA,28.00,28N,10W,,,NE,SW,IM,1980.0,W,1980.0,S
3500321117,https://public.occ.ok.gov/OGCDWellRecords/Search.aspx?searchcommand=%7B%5BOG%20Well%20Records%5D%3A%5BAPI%20Number%5D%3D%223500321117%2A%22%7D,CLARK,#1-15,R & S OIL COMPANY,PA,GAS,PLUGGED,36.9076013,-98.2633324,ALFALFA,15.00,28N,10W,,,SE,NW,IM,1980.0,W,660.0,S
3500321118,https://public.occ.ok.gov/OGCDWellRecords/Search.aspx?searchcommand=%7B%5BOG%20Well%20Records%5D%3A%5BAPI%20Number%5D%3D%223500321118%2A%22%7D,GERALD,#1,DAVID E MORGAN INC,PA,OIL,PLUGGED,36.5085183,-98.3568966,ALFALFA,34.00,24N,11W,,,SE,SE,IM,1650.0,K,660.0,S
3500321119,https://public.occ.ok.gov/OGCDWellRecords/Search.aspx?searchcommand=%7B%5BOG%20Well%20Records%5D%3A%5BAPI%20Number%5D%3D%223500321119%2A%22%7D,"SMITH ""B""",#1-22,PANENERGY SERVICES INC,PA,DRY,PLUGGED,36.8857338,-98.1596943,ALFALFA,22.00,28N,09W,,,SW,SW,IM,660.0,W,660.0,S
3500321120,https://public.occ.ok.gov/OGCDWellRecords/Search.aspx?searchcommand=%7B%5BOG%20Well%20Records%5D%3A%5BAPI%20Number%5D%3D%223500321120%2A%22%7D,KILDOW,#1,BCE-MACH LLC,AC,OIL,OIL,36.864069,-98.407235,ALFALFA,32.00,28N,11W,,S2,SE,NW,IM,1980.0,W,500.0,S
3500321121,https://public.occ.ok.gov/OGCDWellRecords/Search.aspx?searchcommand=%7B%5BOG%20Well%20Records%5D%3A%5BAPI%20Number%5D%3D%223500321121%2A%22%7D,ARNOT,#1-30,ANADARKO LAND & EXPLORATION CO,PA,NT,PLUGGED,36.704438,-98.5246711,ALFALFA,30.00,26N,12W,,,SE,NE,IM,1980.0,W,660.0,S
3500321122,https://public.occ.ok.gov/OGCDWellRecords/Search.aspx?searchcommand=%7B%5BOG%20Well%20Records%5D%3A%5BAPI%20Number%5D%3D%223500321122%2A%22%7D,LOESER FRED,#1,SULLIVAN & COMPANY,PA,GAS,PLUGGED,36.9075885,-98.2498214,ALFALFA,14.00,28N,10W,,,CSW,NW,IM,660.0,W,660.0,S
3500321123,https://public.occ.ok.gov/OGCDWellRecords/Search.aspx?searchcommand=%7B%5BOG%20Well%20Records%5D%3A%5BAPI%20Number%5D%3D%223500321123%2A%22%7D,MCLAUGHLIN,#1-1,GOODPASTURE LEONARD,PA,NT,PLUGGED,36.7127377,-98.4075033,ALFALFA,20.00,26N,11W,,N2,SE,SW,IM,1980.0,W,1200.0,S
3500321124,https://public.occ.ok.gov/OGCDWellRecords/Search.aspx?searchcommand=%7B%5BOG%20Well%20Records%5D%3A%5BAPI%20Number%5D%3D%223500321124%2A%22%7D,DIEL GEORGE,#1-36,BVD INC,AC,OIL,OIL,36.863164,-98.43794,ALFALFA,36.00,28N,12W,,SE,SW,NE,IM,990.0,W,330.0,S
3500321125,https://public.occ.ok.gov/OGCDWellRecords/Search.aspx?searchcommand=%7B%5BOG%20Well%20Records%5D%3A%5BAPI%20Number%5D%3D%223500321125%2A%22%7D,PASCHALL,#1,AMSLER JERRY & DENESE,PA,GAS,PLUGGED,36.8893601,-98.1461553,ALFALFA,22.00,28N,09W,,,NE,SE,IM,1980.0,W,1980.0,S
3500321126,https://public.occ.ok.gov/OGCDWellRecords/Search.aspx?searchcommand=%7B%5BOG%20Well%20Records%5D%3A%5BAPI%20Number%5D%3D%223500321126%2A%22%7D,PUFFINBARGER,#1,OTC/OCC NOT ASSIGNED,PA,DRY,PLUGGED,36.8821351,-98.1686918,ALFALFA,28.00,28N,09W,,,NW,NE,IM,660.0,W,1980.0,S
3500321127,https://public.occ.ok.gov/OGCDWellRecords/Search.aspx?searchcommand=%7B%5BOG%20Well%20Records%5D%3A%5BAPI%20Number%5D%3D%223500321127%2A%22%7D,FARNEY,#1,MICHIGAN OIL COMPANY,PA,GAS,PLUGGED,36.864106,-98.394011,ALFALFA,33.00,28N,11W,,,SW,NW,IM,330.0,W,660.0,S
3500321128,https://public.occ.ok.gov/OGCDWellRecords/Search.aspx?searchcommand=%7B%5BOG%20Well%20Records%5D%3A%5BAPI%20Number%5D%3D%223500321128%2A%22%7D,KILDOW,#2-32,CHESAPEAKE OPERATING LLC,PA,2D,PLUGGED,36.868487,-98.405671,ALFALFA,32.00,28N,11W,SE,NE,NE,NW,IM,,,,
3500321129,https://public.occ.ok.gov/OGCDWellRecords/Search.aspx?searchcommand=%7B%5BOG%20Well%20Records%5D%3A%5BAPI%20Number%5D%3D%223500321129%2A%22%7D,WILSON,#1-28,MICHIGAN OIL COMPANY,PA,DRY,PLUGGED,36.8713573,-98.3895018,ALFALFA,28.00,28N,11W,,,SE,SW,IM,1980.0,W,660.0,S
3500321130,https://public.occ.ok.gov/OGCDWellRecords/Search.aspx?searchcommand=%7B%5BOG%20Well%20Records%5D%3A%5BAPI%20Number%5D%3D%223500321130%2A%22%7D,ARMBRUSTER,#1-31,BCE-MACH LLC,AC,OIL,OIL,36.864085,-98.41653,ALFALFA,31.00,28N,11W,,C,SE,NE,IM,1980.0,W,660.0,S
3500321131,https://public.occ.ok.gov/OGCDWellRecords/Search.aspx?searchcommand=%7B%5BOG%20Well%20Records%5D%3A%5BAPI%20Number%5D%3D%223500321131%2A%22%7D,CLARK CLAUDE,#2,SWN PRODUCTION LLC,PA,DRY,PLUGGED,36.4903838,-98.2704425,ALFALFA,9.00,23N,10W,,,NW,NE,IM,990.0,W,1980.0,S
3500321133,https://public.occ.ok.gov/OGCDWellRecords/Search.aspx?searchcommand=%7B%5BOG%20Well%20Records%5D%3A%5BAPI%20Number%5D%3D%223500321133%2A%22%7D,ROARING FORK,#1,INVESTORS FINANCIAL INC,PA,DRY,PLUGGED,36.7734627,-98.4075118,ALFALFA,32.00,27N,11W,,,NE,SW,IM,1980.0,W,1980.0,S
3500321134,https://public.occ.ok.gov/OGCDWellRecords/Search.aspx?searchcommand=%7B%5BOG%20Well%20Records%5D%3A%5BAPI%20Number%5D%3D%223500321134%2A%22%7D,OTT,#1-5,SAMEDAN OIL CORPORATION,PA,DRY,PLUGGED,36.8514085,-98.4007567,ALFALFA,5.00,27N,11W,,,,NE,IM,660.0,W,1320.0,S
3500321135,https://public.occ.ok.gov/OGCDWellRecords/Search.aspx?searchcommand=%7B%5BOG%20Well%20Records%5D%3A%5BAPI%20Number%5D%3D%223500321135%2A%22%7D,STAIGER,#1-23,BARBOUR ENERGY CORPORATION,PA,DRY,PLUGGED,36.7118513,-98.3579316,ALFALFA,23.00,26N,11W,,,SW,SW,IM,660.0,W,660.0,S
3500321136,https://public.occ.ok.gov/OGCDWellRecords/Search.aspx?searchcommand=%7B%5BOG%20Well%20Records%5D%3A%5BAPI%20Number%5D%3D%223500321136%2A%22%7D,"SCHMOOK ""A""",#1-36,PANENERGY SERVICES INC,PA,DRY,PLUGGED,36.6066687,-98.2272383,ALFALFA,36.00,25N,10W,,,NE,NW,IM,1980.0,W,660.0,N
3500321137,https://public.occ.ok.gov/OGCDWellRecords/Search.aspx?searchcommand=%7B%5BOG%20Well%20Records%5D%3A%5BAPI%20Number%5D%3D%223500321137%2A%22%7D,SNIDER,#1,PARKWAY PETROLEUM INC,PA,OIL,PLUGGED,36.5619987,-98.3086227,ALFALFA,18.00,24N,10W,,SW,NW,NE,IM,600.0,W,1770.0,S
3500321139,https://public.occ.ok.gov/OGCDWellRecords/Search.aspx?searchcommand=%7B%5BOG%20Well%20Records%5D%3A%5BAPI%20Number%5D%3D%223500321139%2A%22%7D,MOSER,#4-1,OTC/OCC NOT ASSIGNED,PA,DRY,PLUGGED,36.591801,-98.4871423,ALFALFA,4.00,24N,12W,,,NW,NE,IM,340.0,W,660.0,N
3500321141,https://public.occ.ok.gov/OGCDWellRecords/Search.aspx?searchcommand=%7B%5BOG%20Well%20Records%5D%3A%5BAPI%20Number%5D%3D%223500321141%2A%22%7D,LOESER,#2-15,R & S OIL COMPANY,PA,DRY,PLUGGED,36.9076018,-98.2543046,ALFALFA,15.00,28N,10W,,,SE,NE,IM,1980.0,W,660.0,S
3500321142,https://public.occ.ok.gov/OGCDWellRecords/Search.aspx?searchcommand=%7B%5BOG%20Well%20Records%5D%3A%5BAPI%20Number%5D%3D%223500321142%2A%22%7D,KASPAREK LEWIS,#1-27,GLADIATOR OPERATING LLC,AC,GAS,GAS,36.875814,-98.46947,ALFALFA,27.00,28N,12W,,NE,NE,SE,IM,2310.0,W,2310.0,S
3500321143,https://public.occ.ok.gov/OGCDWellRecords/Search.aspx?searchcommand=%7B%5BOG%20Well%20Records%5D%3A%5BAPI%20Number%5D%3D%223500321143%2A%22%7D,CHARLES,#1-21,KWB OIL PROPERTY MANAGEMENT INC,PA,DRY,PLUGGED,36.8858593,-98.2723291,ALFALFA,21.00,28N,10W,,,SE,SE,IM,1980.0,W,660.0,S
3500321145,https://public.occ.ok.gov/OGCDWellRecords/Search.aspx?searchcommand=%7B%5BOG%20Well%20Records%5D%3A%5BAPI%20Number%5D%3D%223500321145%2A%22%7D,GRAHAM OLETTA,#1,STP CHEROKEE INC,PA,DRY,PLUGGED,36.9148399,-98.2453097,ALFALFA,11.00,28N,10W,,,SE,SW,IM,1980.0,W,660.0,S
3500321146,https://public.occ.ok.gov/OGCDWellRecords/Search.aspx?searchcommand=%7B%5BOG%20Well%20Records%5D%3A%5BAPI%20Number%5D%3D%223500321146%2A%22%7D,ANGLE-MCCLAFLIN,#1,SANDRIDGE EXPLORATION & PRODUCTION LLC,PA,NT,PLUGGED,36.890398,-98.29035,ALFALFA,20.00,28N,10W,S2,N2,NE,SE,IM,1980.0,W,2240.0,S
3500321147,https://public.occ.ok.gov/OGCDWellRecords/Search.aspx?searchcommand=%7B%5BOG%20Well%20Records%5D%3A%5BAPI%20Number%5D%3D%223500321147%2A%22%7D,CLARK-WAGGONER,#1,OTC/OCC NOT ASSIGNED,PA,DRY,PLUGGED,36.8967419,-98.2948669,ALFALFA,20.00,28N,10W,,,NW,NE,IM,660.0,W,1980.0,S
3500321148,https://public.occ.ok.gov/OGCDWellRecords/Search.aspx?searchcommand=%7B%5BOG%20Well%20Records%5D%3A%5BAPI%20Number%5D%3D%223500321148%2A%22%7D,GREEN A,#1-31,M3V ENERGY LLC,AC,GAS,GAS,36.604871,-98.41877,ALFALFA,31.00,25N,11W,,,C,NE,IM,1320.0,E,1320.0,N
3500321149,https://public.occ.ok.gov/OGCDWellRecords/Search.aspx?searchcommand=%7B%5BOG%20Well%20Records%5D%3A%5BAPI%20Number%5D%3D%223500321149%2A%22%7D,CLARK,#1-16,OTC/OCC NOT ASSIGNED,PA,DRY,PLUGGED,36.9076114,-98.2723295,ALFALFA,16.00,28N,10W,,,SE,NE,IM,1980.0,W,660.0,S
3500321150,https://public.occ.ok.gov/OGCDWellRecords/Search.aspx?searchcommand=%7B%5BOG%20Well%20Records%5D%3A%5BAPI%20Number%5D%3D%223500321150%2A%22%7D,GIESEL,#5-13,VIERSEN & COCHRAN,PA,DRY,PLUGGED,36.9010823,-98.1146199,ALFALFA,13.00,28N,09W,,N2,SW,SE,IM,660.0,W,730.0,S
3500321151,https://public.occ.ok.gov/OGCDWellRecords/Search.aspx?searchcommand=%7B%5BOG%20Well%20Records%5D%3A%5BAPI%20Number%5D%3D%223500321151%2A%22%7D,SMITH,#1,OTC/OCC NOT ASSIGNED,PA,NT,PLUGGED,36.8893591,-98.1596943,ALFALFA,22.00,28N,09W,,,NW,SW,IM,660.0,W,1980.0,S
3500321152,https://public.occ.ok.gov/OGCDWellRecords/Search.aspx?searchcommand=%7B%5BOG%20Well%20Records%5D%3A%5BAPI%20Number%5D%3D%223500321152%2A%22%7D,ARMBRUSTER,#2-31,DAR-LON OPERATING COMPANY,PA,OIL,PLUGGED,36.8559281,-98.4153989,ALFALFA,31.00,28N,11W,,SE,SE,SE,IM,2310.0,W,330.0,S
3500321153,https://public.occ.ok.gov/OGCDWellRecords/Search.aspx?searchcommand=%7B%5BOG%20Well%20Records%5D%3A%5BAPI%20Number%5D%3D%223500321153%2A%22%7D,FORD A,#1-34,DIVERSIFIED PRODUCTION LLC,AC,GAS,GAS,36.691183,-98.158958,ALFALFA,34.00,26N,09W,NW,NW,SE,NW,IM,1420.0,W,1420.0,N
3500321154,https://public.occ.ok.gov/OGCDWellRecords/Search.aspx?searchcommand=%7B%5BOG%20Well%20Records%5D%3A%5BAPI%20Number%5D%3D%223500321154%2A%22%7D,METCALF,#22-1,CHESAPEAKE OPERATING LLC,PA,GAS,PLUGGED,36.628448,-98.26329,ALFALFA,22.00,25N,10W,,,NE,SW,IM,1470.0,W,1980.0,S
3500321155,https://public.occ.ok.gov/OGCDWellRecords/Search.aspx?searchcommand=%7B%5BOG%20Well%20Records%5D%3A%5BAPI%20Number%5D%3D%223500321155%2A%22%7D,OTT,#1-5,MOLZ OIL COMPANY INC,PA,GAS,PLUGGED,36.8532207,-98.4075224,ALFALFA,5.00,27N,11W,,,NE,NW,IM,1980.0,W,1980.0,S
3500321156,https://public.occ.ok.gov/OGCDWellRecords/Search.aspx?searchcommand=%7B%5BOG%20Well%20Records%5D%3A%5BAPI%20Number%5D%3D%223500321156%2A%22%7D,LELAND,#1,STILLWATER OIL & GAS,PA,GAS,PLUGGED,36.8893,-98.1101056,ALFALFA,24.00,28N,09W,,,NE,SE,IM,1980.0,W,1980.0,S
3500321157,https://public.occ.ok.gov/OGCDWellRecords/Search.aspx?searchcommand=%7B%5BOG%20Well%20Records%5D%3A%5BAPI%20Number%5D%3D%223500321157%2A%22%7D,FEELY,#1,KCS MEDALLION RESOURCES INC.,PA,DRY,PLUGGED,36.8929557,-98.1416694,ALFALFA,23.00,28N,09W,,,SW,NW,IM,660.0,W,660.0,S
3500321158,https://public.occ.ok.gov/OGCDWellRecords/Search.aspx?searchcommand=%7B%5BOG%20Well%20Records%5D%3A%5BAPI%20Number%5D%3D%223500321158%2A%22%7D,SCHUPBACH 34,#1,OTC/OCC NOT ASSIGNED,PA,DRY,PLUGGED,36.9443569,-98.3710684,ALFALFA,34.00,29N,11W,,,SW,SE,IM,660.0,W,660.0,S
3500321159,https://public.occ.ok.gov/OGCDWellRecords/Search.aspx?searchcommand=%7B%5BOG%20Well%20Records%5D%3A%5BAPI%20Number%5D%3D%223500321159%2A%22%7D,GRANSBERRY L,#1,SULLIVAN & COMPANY,PA,DRY,PLUGGED,36.9166379,-98.2205128,ALFALFA,12.00,28N,10W,,,,SE,IM,1220.0,W,1320.0,S
3500321160,https://public.occ.ok.gov/OGCDWellRecords/Search.aspx?searchcommand=%7B%5BOG%20Well%20Records%5D%3A%5BAPI%20Number%5D%3D%223500321160%2A%22%7D,CASTLE,#2,DIVERSIFIED PRODUCTION LLC,AC,GAS,GAS,36.633614,-98.223825,ALFALFA,24.00,25N,10W,,C,W2,NE,IM,660.0,W,1320.0,S
3500321161,https://public.occ.ok.gov/OGCDWellRecords/Search.aspx?searchcommand=%7B%5BOG%20Well%20Records%5D%3A%5BAPI%20Number%5D%3D%223500321161%2A%22%7D,PREWETT,#1-6,MICHIGAN OIL COMPANY,PA,OIL,PLUGGED,36.8495831,-98.4255472,ALFALFA,6.00,27N,11W,,,CSE,NW,IM,1980.0,W,660.0,S
3500321162,https://public.occ.ok.gov/OGCDWellRecords/Search.aspx?searchcommand=%7B%5BOG%20Well%20Records%5D%3A%5BAPI%20Number%5D%3D%223500321162%2A%22%7D,MORGAN,#1,OTC/OCC NOT ASSIGNED,PA,DRY,PLUGGED,36.8713578,-98.3804775,ALFALFA,28.00,28N,11W,,,SE,SE,IM,1980.0,W,660.0,S
3500321163,https://public.occ.ok.gov/OGCDWellRecords/Search.aspx?searchcommand=%7B%5BOG%20Well%20Records%5D%3A%5BAPI%20Number%5D%3D%223500321163%2A%22%7D,JENLINK (JENLINK # 17-2),#2-17,BCE-MACH LLC,AC,GAS,GAS,36.648454,-98.293613,ALFALFA,17.00,25N,10W,,,C,NE,IM,1320.0,W,1320.0,S
3500321164,https://public.occ.ok.gov/OGCDWellRecords/Search.aspx?searchcommand=%7B%5BOG%20Well%20Records%5D%3A%5BAPI%20Number%5D%3D%223500321164%2A%22%7D,ES,#1,OTC/OCC NOT ASSIGNED,PA,DRY,PLUGGED,36.8822231,-98.2678402,ALFALFA,27.00,28N,10W,,,NW,NW,IM,660.0,W,1980.0,S
3500321165,https://public.occ.ok.gov/OGCDWellRecords/Search.aspx?searchcommand=%7B%5BOG%20Well%20Records%5D%3A%5BAPI%20Number%5D%3D%223500321165%2A%22%7D,WILSON FARMS,#1-2,C & D SUPPLY LLC,AC,OIL,OIL,36.853493,-98.353425,ALFALFA,2.00,27N,11W,,,NE,NW,IM,1980.0,W,1980.0,S
3500321166,https://public.occ.ok.gov/OGCDWellRecords/Search.aspx?searchcommand=%7B%5BOG%20Well%20Records%5D%3A%5BAPI%20Number%5D%3D%223500321166%2A%22%7D,ZOLA COOK,#1,WESTSTAR OIL & GAS INC,PA,OIL,PLUGGED,36.516659,-98.40293,ALFALFA,32.00,24N,11W,,NW,SE,NW,IM,1650.0,W,990.0,S
3500321167,https://public.occ.ok.gov/OGCDWellRecords/Search.aspx?searchcommand=%7B%5BOG%20Well%20Records%5D%3A%5BAPI%20Number%5D%3D%223500321167%2A%22%7D,KNOPF,#1-7,MOLZ OIL COMPANY INC,PA,DRY,PLUGGED,36.838708,-98.41653,ALFALFA,7.00,27N,11W,,,NE,NE,IM,1980.0,W,1980.0,S
3500321168,https://public.occ.ok.gov/OGCDWellRecords/Search.aspx?searchcommand=%7B%5BOG%20Well%20Records%5D%3A%5BAPI%20Number%5D%3D%223500321168%2A%22%7D,"MEANS V ""D""",#1,OTC/OCC NOT ASSIGNED,PA,DRY,PLUGGED,36.7263332,-98.4030018,ALFALFA,17.00,26N,11W,,,SW,SE,IM,660.0,W,660.0,S
3500321171,https://public.occ.ok.gov/OGCDWellRecords/Search.aspx?searchcommand=%7B%5BOG%20Well%20Records%5D%3A%5BAPI%20Number%5D%3D%223500321171%2A%22%7D,BILL,#1-21,RENEGADE OIL AND GAS LLC,STFD,GAS,STATE_FUNDS_PLUGGING,36.632895,-98.284551,ALFALFA,21.00,25N,10W,C,N2,S2,NW,IM,1320.0,W,990.0,S
3500321172,https://public.occ.ok.gov/OGCDWellRecords/Search.aspx?searchcommand=%7B%5BOG%20Well%20Records%5D%3A%5BAPI%20Number%5D%3D%223500321172%2A%22%7D,MORAWITZ,#1-13,VIERSEN & COCHRAN,PA,DRY,PLUGGED,36.9101456,-98.1134914,ALFALFA,13.00,28N,09W,,SE,NW,NE,IM,825.0,W,1485.0,S
3500321173,https://public.occ.ok.gov/OGCDWellRecords/Search.aspx?searchcommand=%7B%5BOG%20Well%20Records%5D%3A%5BAPI%20Number%5D%3D%223500321173%2A%22%7D,DAVIS,#2,PLAINSMEN ENERGY LLC,AC,OIL,OIL,36.490347,-98.21767,ALFALFA,12.00,23N,10W,,C,NW,NE,IM,660.0,W,1980.0,S
3500321175,https://public.occ.ok.gov/OGCDWellRecords/Search.aspx?searchcommand=%7B%5BOG%20Well%20Records%5D%3A%5BAPI%20Number%5D%3D%223500321175%2A%22%7D,ROY,#1-18,PETROCORP INCORPORATED,PA,OIL,PLUGGED,36.7299465,-98.4165229,ALFALFA,18.00,26N,11W,,,NE,SE,IM,2310.0,W,1980.0,S
3500321176,https://public.occ.ok.gov/OGCDWellRecords/Search.aspx?searchcommand=%7B%5BOG%20Well%20Records%5D%3A%5BAPI%20Number%5D%3D%223500321176%2A%22%7D,STEFFEN,#2,TATRO TOMMY,OR,GAS,ORPHAN,36.889073,-98.120809,ALFALFA,24.00,28N,09W,,,NE,SW,IM,1980.0,W,1980.0,S
3500321177,https://public.occ.ok.gov/OGCDWellRecords/Search.aspx?searchcommand=%7B%5BOG%20Well%20Records%5D%3A%5BAPI%20Number%5D%3D%223500321177%2A%22%7D,DONALD,#1-15,FRENCH JR L R,PA,GAS,PLUGGED,36.646575,-98.26554,ALFALFA,15.00,25N,10W,,,S2,NW,IM,1320.0,W,660.0,S
3500321178,https://public.occ.ok.gov/OGCDWellRecords/Search.aspx?searchcommand=%7B%5BOG%20Well%20Records%5D%3A%5BAPI%20Number%5D%3D%223500321178%2A%22%7D,FEELY,#1-23,GOMACO OPERATING COMPANY,AC,GAS,GAS,36.887336,-98.131835,ALFALFA,23.00,28N,09W,,,,SE,IM,1320.0,W,1320.0,S
3500321179,https://public.occ.ok.gov/OGCDWellRecords/Search.aspx?searchcommand=%7B%5BOG%20Well%20Records%5D%3A%5BAPI%20Number%5D%3D%223500321179%2A%22%7D,PAUL,#1,LAS COLINAS OIL CORPORATION,PA,OIL,PLUGGED,36.8929248,-98.1191316,ALFALFA,24.00,28N,09W,,,SE,NW,IM,1980.0,W,660.0,S
3500321180,https://public.occ.ok.gov/OGCDWellRecords/Search.aspx?searchcommand=%7B%5BOG%20Well%20Records%5D%3A%5BAPI%20Number%5D%3D%223500321180%2A%22%7D,STATE OF OKLAHOMA,#1,OTC/OCC NOT ASSIGNED,PA,DRY,PLUGGED,36.9443616,-98.3439696,ALFALFA,36.00,29N,11W,,,SW,SW,IM,660.0,W,660.0,S
3500321181,https://public.occ.ok.gov/OGCDWellRecords/Search.aspx?searchcommand=%7B%5BOG%20Well%20Records%5D%3A%5BAPI%20Number%5D%3D%223500321181%2A%22%7D,GWINN,#1,DAVID E MORGAN INC,PA,OIL,PLUGGED,36.5058032,-98.3063717,ALFALFA,6.00,23N,10W,,NE,NW,NE,IM,990.0,W,2310.0,S
3500321183,https://public.occ.ok.gov/OGCDWellRecords/Search.aspx?searchcommand=%7B%5BOG%20Well%20Records%5D%3A%5BAPI%20Number%5D%3D%223500321183%2A%22%7D,DARRELL,#1-16,BUTTONWOOD PETROLEUM INC,PA,GAS,PLUGGED,36.6474904,-98.2835684,ALFALFA,16.00,25N,10W,,N2,S2,NW,IM,1320.0,W,990.0,S
3500321185,https://public.occ.ok.gov/OGCDWellRecords/Search.aspx?searchcommand=%7B%5BOG%20Well%20Records%5D%3A%5BAPI%20Number%5D%3D%223500321185%2A%22%7D,OPAL NEILSON,#11-1,LEEMAN ENERGY CORPORATION,PA,NT,PLUGGED,36.9219596,-98.1281312,ALFALFA,11.00,28N,09W,,,SE,NE,IM,1980.0,W,660.0,S
3500321186,https://public.occ.ok.gov/OGCDWellRecords/Search.aspx?searchcommand=%7B%5BOG%20Well%20Records%5D%3A%5BAPI%20Number%5D%3D%223500321186%2A%22%7D,SCHUPBACH,#1,C & D SUPPLY,PA,OIL,PLUGGED,36.940202,-98.44358,ALFALFA,1.00,28N,12W,,,NE,NW,IM,1980.0,W,1980.0,S
3500321188,https://public.occ.ok.gov/OGCDWellRecords/Search.aspx?searchcommand=%7B%5BOG%20Well%20Records%5D%3A%5BAPI%20Number%5D%3D%223500321188%2A%22%7D,BASSETT,#1-21,RENEGADE OIL AND GAS LLC,PAFF,GAS,PLUGGED,36.628368,-98.284949,ALFALFA,21.00,25N,10W,,C,N2,SW,IM,1320.0,W,1980.0,S
3500321189,https://public.occ.ok.gov/OGCDWellRecords/Search.aspx?searchcommand=%7B%5BOG%20Well%20Records%5D%3A%5BAPI%20Number%5D%3D%223500321189%2A%22%7D,MILDRED,#1,MIDNIGHT HOUR LLC,PA,DRY,PLUGGED,36.8858037,-98.2132047,ALFALFA,19.00,28N,09W,,,SW,SW,IM,950.0,W,660.0,S
3500321190,https://public.occ.ok.gov/OGCDWellRecords/Search.aspx?searchcommand=%7B%5BOG%20Well%20Records%5D%3A%5BAPI%20Number%5D%3D%223500321190%2A%22%7D,PENNINGTON,#28-A,KENT ENERGY COMPANY,PA,OIL,PLUGGED,36.6093254,-98.5032338,ALFALFA,28.00,25N,12W,,SW,SW,SW,IM,330.0,W,330.0,S
3500321191,https://public.occ.ok.gov/OGCDWellRecords/Search.aspx?searchcommand=%7B%5BOG%20Well%20Records%5D%3A%5BAPI%20Number%5D%3D%223500321191%2A%22%7D,GOSS,#1-17,KAISER-FRANCIS OIL COMPANY,PA,DRY,PLUGGED,36.8133581,-98.2993693,ALFALFA,17.00,27N,10W,,,CSE,SW,IM,1980.0,W,660.0,S
3500321192,https://public.occ.ok.gov/OGCDWellRecords/Search.aspx?searchcommand=%7B%5BOG%20Well%20Records%5D%3A%5BAPI%20Number%5D%3D%223500321192%2A%22%7D,N.CARMEN REDFORK U (ZOA #1),#12,"RAW CRUDE OIL & GAS, L.L.C.",OR,OIL,ORPHAN,36.598473,-98.48521,ALFALFA,34.00,25N,12W,C,SW,NW,SW,IM,330.0,W,1650.0,S
3500321193,https://public.occ.ok.gov/OGCDWellRecords/Search.aspx?searchcommand=%7B%5BOG%20Well%20Records%5D%3A%5BAPI%20Number%5D%3D%223500321193%2A%22%7D,ASHBY,#1,MERMAC OPERATING COMPANY INC,PA,GAS,PLUGGED,36.8929253,-98.1101056,ALFALFA,24.00,28N,09W,,,SE,NE,IM,1690.0,W,660.0,S
3500321194,https://public.occ.ok.gov/OGCDWellRecords/Search.aspx?searchcommand=%7B%5BOG%20Well%20Records%5D%3A%5BAPI%20Number%5D%3D%223500321194%2A%22%7D,GLADYS,#1-15,FRENCH JR L R,PA,NT,PLUGGED,36.6429498,-98.2565463,ALFALFA,15.00,25N,10W,,,N2,SE,IM,1320.0,W,1980.0,S
3500321195,https://public.occ.ok.gov/OGCDWellRecords/Search.aspx?searchcommand=%7B%5BOG%20Well%20Records%5D%3A%5BAPI%20Number%5D%3D%223500321195%2A%22%7D,THOMASON,#1-2,OTC/OCC NOT ASSIGNED,PA,DRY,PLUGGED,36.8531751,-98.4661073,ALFALFA,2.00,27N,12W,,,NW,NW,IM,990.0,W,1980.0,S
3500321196,https://public.occ.ok.gov/OGCDWellRecords/Search.aspx?searchcommand=%7B%5BOG%20Well%20Records%5D%3A%5BAPI%20Number%5D%3D%223500321196%2A%22%7D,GINDER,#1-15,KAISER-FRANCIS OIL COMPANY,PA,GAS,PLUGGED,36.8169666,-98.2678283,ALFALFA,15.00,27N,10W,,,NW,SW,IM,660.0,W,1980.0,S
3500321197,https://public.occ.ok.gov/OGCDWellRecords/Search.aspx?searchcommand=%7B%5BOG%20Well%20Records%5D%3A%5BAPI%20Number%5D%3D%223500321197%2A%22%7D,ALLEN,#1-17,AGATE PETROLEUM INC,PA,GAS,PLUGGED,36.901274,-98.2903543,ALFALFA,17.00,28N,10W,,N2,SE,SE,IM,1980.0,W,1080.0,S
3500321198,https://public.occ.ok.gov/OGCDWellRecords/Search.aspx?searchcommand=%7B%5BOG%20Well%20Records%5D%3A%5BAPI%20Number%5D%3D%223500321198%2A%22%7D,MAHNKEN,#1-15,M M ENERGY INC,PA,GAS,PLUGGED,36.641022,-98.15739,ALFALFA,15.00,25N,09W,,,,CSW,IM,1320.0,W,1320.0,S
3500321199,https://public.occ.ok.gov/OGCDWellRecords/Search.aspx?searchcommand=%7B%5BOG%20Well%20Records%5D%3A%5BAPI%20Number%5D%3D%223500321199%2A%22%7D,"STATE OF OKLA ""E""",#1-36,DIVERSIFIED PRODUCTION LLC,AC,GAS,GAS,36.604611,-98.437513,ALFALFA,36.00,25N,12W,NE,NE,SW,NE,IM,1425.0,E,1425.0,N
3500321200,https://public.occ.ok.gov/OGCDWellRecords/Search.aspx?searchcommand=%7B%5BOG%20Well%20Records%5D%3A%5BAPI%20Number%5D%3D%223500321200%2A%22%7D,PELTER,#1-25,REGENCY EXPLORATION INC,PA,DRY,PLUGGED,36.7090857,-98.4334214,ALFALFA,25.00,26N,12W,,NE,NE,NE,IM,2310.0,W,2260.0,S
3500321201,https://public.occ.ok.gov/OGCDWellRecords/Search.aspx?searchcommand=%7B%5BOG%20Well%20Records%5D%3A%5BAPI%20Number%5D%3D%223500321201%2A%22%7D,MEYER,#1-35,RAMCO ENERGY CORPORATION,PA,OIL,PLUGGED,36.8568671,-98.3483748,ALFALFA,35.00,28N,11W,,,SW,SE,IM,760.0,W,660.0,S
3500321202,https://public.occ.ok.gov/OGCDWellRecords/Search.aspx?searchcommand=%7B%5BOG%20Well%20Records%5D%3A%5BAPI%20Number%5D%3D%223500321202%2A%22%7D,KISLING RALPH,#1-26,ANADARKO E & P ONSHORE LLC,PA,DRY,PLUGGED,36.8749285,-98.4525768,ALFALFA,26.00,28N,12W,,,NE,SE,IM,1440.0,W,1980.0,S
3500321204,https://public.occ.ok.gov/OGCDWellRecords/Search.aspx?searchcommand=%7B%5BOG%20Well%20Records%5D%3A%5BAPI%20Number%5D%3D%223500321204%2A%22%7D,"COOK ""V""",#1,PALEO INC,AC,GAS,GAS,36.906683,-98.42668,ALFALFA,18.00,28N,11W,,SW,SE,NW,IM,1800.0,W,540.0,S
3500321205,https://public.occ.ok.gov/OGCDWellRecords/Search.aspx?searchcommand=%7B%5BOG%20Well%20Records%5D%3A%5BAPI%20Number%5D%3D%223500321205%2A%22%7D,PEDERSON MOCO,#1-21,MAVERICK OIL COMPANY,PA,DRY,PLUGGED,36.8902918,-98.4987812,ALFALFA,21.00,28N,12W,,NW,NE,SW,IM,1650.0,W,2310.0,S
3500321206,https://public.occ.ok.gov/OGCDWellRecords/Search.aspx?searchcommand=%7B%5BOG%20Well%20Records%5D%3A%5BAPI%20Number%5D%3D%223500321206%2A%22%7D,CROMWELL,#1-27,MAVERICK OIL COMPANY,PA,DRY,PLUGGED,36.8830157,-98.1472829,ALFALFA,27.00,28N,09W,,NW,NE,NE,IM,1650.0,W,2310.0,S
3500321207,https://public.occ.ok.gov/OGCDWellRecords/Search.aspx?searchcommand=%7B%5BOG%20Well%20Records%5D%3A%5BAPI%20Number%5D%3D%223500321207%2A%22%7D,LOIS,#1,OTC/OCC NOT ASSIGNED,PA,DRY,PLUGGED,36.5993022,-98.5291642,ALFALFA,31.00,25N,12W,,,NW,SE,IM,660.0,W,1980.0,S
3500321208,https://public.occ.ok.gov/OGCDWellRecords/Search.aspx?searchcommand=%7B%5BOG%20Well%20Records%5D%3A%5BAPI%20Number%5D%3D%223500321208%2A%22%7D,HELEN SMITH,#1,GULF PRODUCTION CORPORATION,PA,DRY,PLUGGED,36.718185,-98.3928556,ALFALFA,21.00,26N,11W,,SE,SW,NW,IM,990.0,W,330.0,S
3500321209,https://public.occ.ok.gov/OGCDWellRecords/Search.aspx?searchcommand=%7B%5BOG%20Well%20Records%5D%3A%5BAPI%20Number%5D%3D%223500321209%2A%22%7D,MARSHALL,#1,RED EAGLE OIL COMPANY,PA,DRY,PLUGGED,36.9174567,-98.5089099,ALFALFA,8.00,28N,12W,,S2,N2,SE,IM,1320.0,W,1780.0,S
3500321210,https://public.occ.ok.gov/OGCDWellRecords/Search.aspx?searchcommand=%7B%5BOG%20Well%20Records%5D%3A%5BAPI%20Number%5D%3D%223500321210%2A%22%7D,"SMITH ""H""",#1,OXY USA INC,PA,DRY,PLUGGED,36.7127585,-98.3117507,ALFALFA,19.00,26N,10W,,NE,SW,SE,IM,810.0,W,810.0,S
3500321211,https://public.occ.ok.gov/OGCDWellRecords/Search.aspx?searchcommand=%7B%5BOG%20Well%20Records%5D%3A%5BAPI%20Number%5D%3D%223500321211%2A%22%7D,MILAM,#1-32,GLADIATOR OPERATING LLC,AC,GAS,GAS,36.867783,-98.304949,ALFALFA,32.00,28N,10W,,C,NW,NW,IM,660.0,W,1980.0,S
3500321212,https://public.occ.ok.gov/OGCDWellRecords/Search.aspx?searchcommand=%7B%5BOG%20Well%20Records%5D%3A%5BAPI%20Number%5D%3D%223500321212%2A%22%7D,CROMWELL,#1-27-X,HUX OIL COMPANY LLC,AC,OIL,OIL,36.882885,-98.149186,ALFALFA,27.00,28N,09W,C,NW,NE,NE,IM,1650.0,W,2310.0,S
3500321213,https://public.occ.ok.gov/OGCDWellRecords/Search.aspx?searchcommand=%7B%5BOG%20Well%20Records%5D%3A%5BAPI%20Number%5D%3D%223500321213%2A%22%7D,HOLDERBY,#1-21,CONTINENTAL RESOURCES INC,PA,NT,PLUGGED,36.89039,-98.28587,ALFALFA,21.00,28N,10W,,N2,NW,SW,IM,660.0,W,2130.0,S
3500321214,https://public.occ.ok.gov/OGCDWellRecords/Search.aspx?searchcommand=%7B%5BOG%20Well%20Records%5D%3A%5BAPI%20Number%5D%3D%223500321214%2A%22%7D,PELTER,#1,M3V ENERGY LLC,AC,OIL,OIL,36.623828,-98.49424,ALFALFA,21.00,25N,12W,C,SW,SW,SE,IM,330.0,W,330.0,S
3500321215,https://public.occ.ok.gov/OGCDWellRecords/Search.aspx?searchcommand=%7B%5BOG%20Well%20Records%5D%3A%5BAPI%20Number%5D%3D%223500321215%2A%22%7D,JENKINSON,#21-1,OTC/OCC NOT ASSIGNED,PA,DRY,PLUGGED,36.9806024,-98.3936549,ALFALFA,21.00,29N,11W,,,SE,NW,IM,1980.0,W,660.0,S
3500321216,https://public.occ.ok.gov/OGCDWellRecords/Search.aspx?searchcommand=%7B%5BOG%20Well%20Records%5D%3A%5BAPI%20Number%5D%3D%223500321216%2A%22%7D,GRAHAM,#1-17,C & D SUPPLY,PA,GAS,PLUGGED,36.9039924,-98.2993821,ALFALFA,17.00,28N,10W,,,NE,SW,IM,1980.0,W,1980.0,S
3500321217,https://public.occ.ok.gov/OGCDWellRecords/Search.aspx?searchcommand=%7B%5BOG%20Well%20Records%5D%3A%5BAPI%20Number%5D%3D%223500321217%2A%22%7D,FOLGER,#1-33,OTC/OCC NOT ASSIGNED,PA,DRY,PLUGGED,36.9460639,-98.1700859,ALFALFA,33.00,29N,09W,,,,SE,IM,1320.0,W,1320.0,S
3500321218,https://public.occ.ok.gov/OGCDWellRecords/Search.aspx?searchcommand=%7B%5BOG%20Well%20Records%5D%3A%5BAPI%20Number%5D%3D%223500321218%2A%22%7D,BOUZIDEN,#1,SANDRIDGE EXPLORATION & PRODUCTION LLC,PA,GAS,PLUGGED,36.806478,-98.48131,ALFALFA,22.00,27N,12W,,,S2,NW,IM,1320.0,W,660.0,S
3500321219,https://public.occ.ok.gov/OGCDWellRecords/Search.aspx?searchcommand=%7B%5BOG%20Well%20Records%5D%3A%5BAPI%20Number%5D%3D%223500321219%2A%22%7D,BURNET,#15-1A,HOLCO EXPLORATION INC,PA,DRY,PLUGGED,36.9011426,-98.1472842,ALFALFA,15.00,28N,09W,,NW,SE,SE,IM,990.0,E,990.0,S
3500321220,https://public.occ.ok.gov/OGCDWellRecords/Search.aspx?searchcommand=%7B%5BOG%20Well%20Records%5D%3A%5BAPI%20Number%5D%3D%223500321220%2A%22%7D,SETTLE,#1-31,EDINGER ENGINEERING INC,AC,OIL,OIL,36.865979,-98.309345,ALFALFA,31.00,28N,10W,,C,E2,NE,IM,1980.0,W,1320.0,S
3500321222,https://public.occ.ok.gov/OGCDWellRecords/Search.aspx?searchcommand=%7B%5BOG%20Well%20Records%5D%3A%5BAPI%20Number%5D%3D%223500321222%2A%22%7D,BIRCHFIELD,#2-24,CONOCOPHILLIPS CO,AC,OIL,OIL,36.809739,-98.3264,ALFALFA,24.00,27N,11W,,,NE,NE,IM,1980.0,W,1980.0,S
3500321223,https://public.occ.ok.gov/OGCDWellRecords/Search.aspx?searchcommand=%7B%5BOG%20Well%20Records%5D%3A%5BAPI%20Number%5D%3D%223500321223%2A%22%7D,NORTH CARMEN RED FORK UNIT,#9,PARADIGM PETROLEUM CORPORATION,PA,TM,PLUGGED,36.591824,-98.46918,ALFALFA,3.00,24N,12W,,,NW,NE,IM,660.0,W,1980.0,S
3500321224,https://public.occ.ok.gov/OGCDWellRecords/Search.aspx?searchcommand=%7B%5BOG%20Well%20Records%5D%3A%5BAPI%20Number%5D%3D%223500321224%2A%22%7D,"N.C.R.F.U. (HORN ""A""1-35)",#6,SUPERIOR PRODUCTION LLC,AC,GAS,GAS,36.597588,-98.45482,ALFALFA,35.00,25N,12W,E2,E2,W2,SE,IM,1220.0,W,1320.0,S
3500321225,https://public.occ.ok.gov/OGCDWellRecords/Search.aspx?searchcommand=%7B%5BOG%20Well%20Records%5D%3A%5BAPI%20Number%5D%3D%223500321225%2A%22%7D,BELTZ,#1-17,REGENCY EXPLORATION INC,PA,DRY,PLUGGED,36.7326768,-98.4120091,ALFALFA,17.00,26N,11W,,S2,SW,NW,IM,660.0,W,330.0,S
3500321226,https://public.occ.ok.gov/OGCDWellRecords/Search.aspx?searchcommand=%7B%5BOG%20Well%20Records%5D%3A%5BAPI%20Number%5D%3D%223500321226%2A%22%7D,KILLION,#1-31,OTC/OCC NOT ASSIGNED,PA,DRY,PLUGGED,36.8641174,-98.3174005,ALFALFA,31.00,28N,10W,,,SE,NW,IM,1980.0,W,660.0,S
3500321227,https://public.occ.ok.gov/OGCDWellRecords/Search.aspx?searchcommand=%7B%5BOG%20Well%20Records%5D%3A%5BAPI%20Number%5D%3D%223500321227%2A%22%7D,DIEL GEORGE,#2-36,BVD INC,AC,GAS,GAS,36.863164,-98.43342,ALFALFA,36.00,28N,12W,,SE,SE,NE,IM,2310.0,W,330.0,S
3500321228,https://public.occ.ok.gov/OGCDWellRecords/Search.aspx?searchcommand=%7B%5BOG%20Well%20Records%5D%3A%5BAPI%20Number%5D%3D%223500321228%2A%22%7D,THOMPSON,#1,D & D PIPE & EQUIPMENT INC,PA,OIL,PLUGGED,36.5048959,-98.3164746,ALFALFA,6.00,23N,10W,,,NW,NW,IM,660.0,W,1980.0,S
3500321229,https://public.occ.ok.gov/OGCDWellRecords/Search.aspx?searchcommand=%7B%5BOG%20Well%20Records%5D%3A%5BAPI%20Number%5D%3D%223500321229%2A%22%7D,COOK,#1,D & D PIPE & EQUIPMENT INC,PA,OIL,PLUGGED,36.5130541,-98.3063727,ALFALFA,31.00,24N,10W,,NE,NW,SE,IM,990.0,W,2310.0,S
3500321230,https://public.occ.ok.gov/OGCDWellRecords/Search.aspx?searchcommand=%7B%5BOG%20Well%20Records%5D%3A%5BAPI%20Number%5D%3D%223500321230%2A%22%7D,"CHURCH ""A""",#1-31,CHESAPEAKE OPERATING LLC,PA,GAS,PLUGGED,36.684596,-98.21148,ALFALFA,31.00,26N,09W,,,,SW,IM,,,,
3500321231,https://public.occ.ok.gov/OGCDWellRecords/Search.aspx?searchcommand=%7B%5BOG%20Well%20Records%5D%3A%5BAPI%20Number%5D%3D%223500321231%2A%22%7D,CASTLE C,#1-7,M3V ENERGY LLC,AC,GAS,GAS,36.661936,-98.212491,ALFALFA,7.00,25N,09W,N2,N2,S2,NW,IM,1320.0,W,1620.0,N
3500321232,https://public.occ.ok.gov/OGCDWellRecords/Search.aspx?searchcommand=%7B%5BOG%20Well%20Records%5D%3A%5BAPI%20Number%5D%3D%223500321232%2A%22%7D,N.CARMEN REDFORK U(KASSICK#1),#7,SUPERIOR PRODUCTION LLC,AC,OIL,OIL,36.592008,-98.460135,ALFALFA,2.00,24N,12W,,C,NW,NW,IM,660.0,W,1980.0,S
3500321235,https://public.occ.ok.gov/OGCDWellRecords/Search.aspx?searchcommand=%7B%5BOG%20Well%20Records%5D%3A%5BAPI%20Number%5D%3D%223500321235%2A%22%7D,"HODGDEN ""B""",#1-29,BCE-MACH LLC,AC,GAS,GAS,36.705294,-98.188735,ALFALFA,29.00,26N,09W,N2,N2,SW,NE,IM,1980.0,E,1620.0,N
3500321236,https://public.occ.ok.gov/OGCDWellRecords/Search.aspx?searchcommand=%7B%5BOG%20Well%20Records%5D%3A%5BAPI%20Number%5D%3D%223500321236%2A%22%7D,KASSICK,#2,OTC/OCC NOT ASSIGNED,PA,DRY,PLUGGED,36.5918441,-98.4557094,ALFALFA,2.00,24N,12W,,,NE,NW,IM,1980.0,W,1980.0,S
3500321237,https://public.occ.ok.gov/OGCDWellRecords/Search.aspx?searchcommand=%7B%5BOG%20Well%20Records%5D%3A%5BAPI%20Number%5D%3D%223500321237%2A%22%7D,GINDER,#1-10,BURKHART PETROLEUM CORPORATION,PA,DRY,PLUGGED,36.8323754,-98.2543025,ALFALFA,10.00,27N,10W,,N2,NE,SE,IM,1980.0,W,2030.0,S
3500321238,https://public.occ.ok.gov/OGCDWellRecords/Search.aspx?searchcommand=%7B%5BOG%20Well%20Records%5D%3A%5BAPI%20Number%5D%3D%223500321238%2A%22%7D,KIRKPATRICK FARMS,#1-8,EDINGER ENGINEERING INC,AC,GAS,GAS,36.917491,-98.196255,ALFALFA,8.00,28N,09W,C,SE,NW,SW,IM,990.0,W,1650.0,S
3500321239,https://public.occ.ok.gov/OGCDWellRecords/Search.aspx?searchcommand=%7B%5BOG%20Well%20Records%5D%3A%5BAPI%20Number%5D%3D%223500321239%2A%22%7D,JACK,#32-1,OTC/OCC NOT ASSIGNED,PA,DRY,PLUGGED,36.9479824,-98.2942885,ALFALFA,32.00,29N,10W,,,NE,SE,IM,1980.0,W,1980.0,S
3500321240,https://public.occ.ok.gov/OGCDWellRecords/Search.aspx?searchcommand=%7B%5BOG%20Well%20Records%5D%3A%5BAPI%20Number%5D%3D%223500321240%2A%22%7D,GREEN #2,#2,COG PETROLEUM CORPORATION,PA,GAS,PLUGGED,36.6121219,-98.418768,ALFALFA,30.00,25N,11W,,,,SE,IM,1320.0,W,1320.0,S
3500321241,https://public.occ.ok.gov/OGCDWellRecords/Search.aspx?searchcommand=%7B%5BOG%20Well%20Records%5D%3A%5BAPI%20Number%5D%3D%223500321241%2A%22%7D,GEIS,#1-12,APACHE CORPORATION,PA,NT,PLUGGED,36.7444328,-98.4390527,ALFALFA,12.00,26N,12W,,,NW,SE,IM,540.0,W,1980.0,S
3500321242,https://public.occ.ok.gov/OGCDWellRecords/Search.aspx?searchcommand=%7B%5BOG%20Well%20Records%5D%3A%5BAPI%20Number%5D%3D%223500321242%2A%22%7D,NORTH CARMEN RED FORK UNIT (GERALDINE1-3),#8,SUPERIOR PRODUCTION LLC,AC,2RIn,UIC,36.592341,-98.463515,ALFALFA,3.00,24N,12W,,E2,NE,NE,IM,2310.0,W,1980.0,S
3500321243,https://public.occ.ok.gov/OGCDWellRecords/Search.aspx?searchcommand=%7B%5BOG%20Well%20Records%5D%3A%5BAPI%20Number%5D%3D%223500321243%2A%22%7D,MELROSE A,#1-8,DIVERSIFIED PRODUCTION LLC,AC,GAS,GAS,36.574667,-98.40294,ALFALFA,8.00,24N,11W,NW,NW,SE,NW,IM,1470.0,W,1470.0,N
3500321244,https://public.occ.ok.gov/OGCDWellRecords/Search.aspx?searchcommand=%7B%5BOG%20Well%20Records%5D%3A%5BAPI%20Number%5D%3D%223500321244%2A%22%7D,KISLING R,#2,ANADARKO E & P ONSHORE LLC,PA,DRY,PLUGGED,36.873115,-98.4638572,ALFALFA,26.00,28N,12W,,,,SW,IM,660.0,W,1320.0,S
3500321245,https://public.occ.ok.gov/OGCDWellRecords/Search.aspx?searchcommand=%7B%5BOG%20Well%20Records%5D%3A%5BAPI%20Number%5D%3D%223500321245%2A%22%7D,"HUGHES ""F""",#1,MACLAND ENERGY CORP,PA,OIL,PLUGGED,36.5948481,-98.4717177,ALFALFA,34.00,25N,12W,,SW,SE,SE,IM,1650.0,W,330.0,S
3500321246,https://public.occ.ok.gov/OGCDWellRecords/Search.aspx?searchcommand=%7B%5BOG%20Well%20Records%5D%3A%5BAPI%20Number%5D%3D%223500321246%2A%22%7D,ROSS,#1,PRIDE ENERGY COMPANY,PA,OIL,PLUGGED,36.498551,-98.31647,ALFALFA,6.00,23N,10W,,N2,NW,SW,IM,660.0,W,1990.0,S
3500321247,https://public.occ.ok.gov/OGCDWellRecords/Search.aspx?searchcommand=%7B%5BOG%20Well%20Records%5D%3A%5BAPI%20Number%5D%3D%223500321247%2A%22%7D,WADKINS,#1,TRANSFUEL RESOURCES COMPANY,PA,OIL,PLUGGED,36.5058045,-98.3254583,ALFALFA,1.00,23N,11W,,N2,NW,NE,IM,660.0,W,1990.0,S
3500321248,https://public.occ.ok.gov/OGCDWellRecords/Search.aspx?searchcommand=%7B%5BOG%20Well%20Records%5D%3A%5BAPI%20Number%5D%3D%223500321248%2A%22%7D,AKERS,#1,CHACO ENERGY COMPANY,AC,OIL,OIL,36.511971,-98.316574,ALFALFA,31.00,24N,10W,S2,N2,NW,SW,IM,660.0,W,1990.0,S
3500321249,https://public.occ.ok.gov/OGCDWellRecords/Search.aspx?searchcommand=%7B%5BOG%20Well%20Records%5D%3A%5BAPI%20Number%5D%3D%223500321249%2A%22%7D,TUCKER,#1-25,OTC/OCC NOT ASSIGNED,PA,DRY,PLUGGED,36.8821969,-98.2182542,ALFALFA,25.00,28N,10W,,,NE,NE,IM,1980.0,W,1980.0,S
3500321250,https://public.occ.ok.gov/OGCDWellRecords/Search.aspx?searchcommand=%7B%5BOG%20Well%20Records%5D%3A%5BAPI%20Number%5D%3D%223500321250%2A%22%7D,"BOARD ""A""",#1-7,PANENERGY SERVICES INC,PA,DRY,PLUGGED,36.5755614,-98.4220263,ALFALFA,7.00,24N,11W,W2,W2,E2,NW,IM,1520.0,W,1320.0,N
3500321251,https://public.occ.ok.gov/OGCDWellRecords/Search.aspx?searchcommand=%7B%5BOG%20Well%20Records%5D%3A%5BAPI%20Number%5D%3D%223500321251%2A%22%7D,PRUETT,#1,OTC/OCC NOT ASSIGNED,PA,DRY,PLUGGED,36.5601529,-98.4231472,ALFALFA,18.00,24N,11W,,NE,SW,NW,IM,990.0,W,990.0,S
3500321252,https://public.occ.ok.gov/OGCDWellRecords/Search.aspx?searchcommand=%7B%5BOG%20Well%20Records%5D%3A%5BAPI%20Number%5D%3D%223500321252%2A%22%7D,"N.C.R.F.U. (KASSIK ""A""1-35)",#5,SUPERIOR PRODUCTION LLC,AC,OIL,OIL,36.594868,-98.46044,ALFALFA,35.00,25N,12W,C,SE,SE,SW,IM,2310.0,W,330.0,S
3500321253,https://public.occ.ok.gov/OGCDWellRecords/Search.aspx?searchcommand=%7B%5BOG%20Well%20Records%5D%3A%5BAPI%20Number%5D%3D%223500321253%2A%22%7D,HOLDERBY,#1-14,STP CHEROKEE INC,PA,GAS,PLUGGED,36.9103082,-98.2419222,ALFALFA,14.00,28N,10W,,SW,NW,NE,IM,330.0,W,1650.0,S
3500321254,https://public.occ.ok.gov/OGCDWellRecords/Search.aspx?searchcommand=%7B%5BOG%20Well%20Records%5D%3A%5BAPI%20Number%5D%3D%223500321254%2A%22%7D,SYMNS UNIT,#1,DAVCO PRODUCTIONS INC,PAFF,GAS,PLUGGED,36.780714,-98.40075,ALFALFA,32.00,27N,11W,,C,N2,NE,IM,1320.0,W,1980.0,S
3500321255,https://public.occ.ok.gov/OGCDWellRecords/Search.aspx?searchcommand=%7B%5BOG%20Well%20Records%5D%3A%5BAPI%20Number%5D%3D%223500321255%2A%22%7D,SMITH RAY N,#1,ANADARKO E & P ONSHORE LLC,PA,OIL,PLUGGED,36.8495681,-98.2272742,ALFALFA,1.00,27N,10W,,,SE,NW,IM,2280.0,W,660.0,S
3500321256,https://public.occ.ok.gov/OGCDWellRecords/Search.aspx?searchcommand=%7B%5BOG%20Well%20Records%5D%3A%5BAPI%20Number%5D%3D%223500321256%2A%22%7D,WILSON FARMS,#2-1,C & D SUPPLY LLC,AC,OIL,OIL,36.853436,-98.348601,ALFALFA,2.00,27N,11W,,,CNW,NE,IM,660.0,W,1980.0,S
3500321258,https://public.occ.ok.gov/OGCDWellRecords/Search.aspx?searchcommand=%7B%5BOG%20Well%20Records%5D%3A%5BAPI%20Number%5D%3D%223500321258%2A%22%7D,SMITHSON #2,#2,COG PETROLEUM CORPORATION,PA,GAS,PLUGGED,36.567438,-98.3322061,ALFALFA,12.00,24N,11W,,N2,S2,SW,IM,1320.0,W,820.0,S
3500321259,https://public.occ.ok.gov/OGCDWellRecords/Search.aspx?searchcommand=%7B%5BOG%20Well%20Records%5D%3A%5BAPI%20Number%5D%3D%223500321259%2A%22%7D,SCHOOL LAND #2,#2,KIESTER OPERATING COMPANY,PA,OIL,PLUGGED,36.648398,-98.38272,ALFALFA,16.00,25N,11W,,,,CNE,IM,1320.0,W,1320.0,S
3500321260,https://public.occ.ok.gov/OGCDWellRecords/Search.aspx?searchcommand=%7B%5BOG%20Well%20Records%5D%3A%5BAPI%20Number%5D%3D%223500321260%2A%22%7D,LITTLEFIELD,#1-16,COBRA OIL & GAS CORPORATION,PA,DRY,PLUGGED,36.8160701,-98.3917476,ALFALFA,16.00,27N,11W,,S2,N2,SW,IM,1320.0,W,1650.0,S
3500321262,https://public.occ.ok.gov/OGCDWellRecords/Search.aspx?searchcommand=%7B%5BOG%20Well%20Records%5D%3A%5BAPI%20Number%5D%3D%223500321262%2A%22%7D,CORBET 'A',#1-3,ANADARKO PETROLEUM CORPORATION,PA,DRY,PLUGGED,36.7642844,-98.1574148,ALFALFA,3.00,26N,09W,,,,CNW,IM,1320.0,W,1320.0,N
3500321264,https://public.occ.ok.gov/OGCDWellRecords/Search.aspx?searchcommand=%7B%5BOG%20Well%20Records%5D%3A%5BAPI%20Number%5D%3D%223500321264%2A%22%7D,BURCHFIEL 15,#1,M3V ENERGY LLC,AC,OIL,OIL,36.821219,-98.147412,ALFALFA,15.00,27N,09W,C,NE,SE,NE,IM,2310.0,W,990.0,S
3500321265,https://public.occ.ok.gov/OGCDWellRecords/Search.aspx?searchcommand=%7B%5BOG%20Well%20Records%5D%3A%5BAPI%20Number%5D%3D%223500321265%2A%22%7D,"HOPKINS ""A""",#1-24,ANADARKO PETROLEUM CORPORATION,PA,DRY,PLUGGED,36.6284207,-98.4435403,ALFALFA,24.00,25N,12W,,,CNE,SW,IM,1980.0,W,1980.0,S
3500321266,https://public.occ.ok.gov/OGCDWellRecords/Search.aspx?searchcommand=%7B%5BOG%20Well%20Records%5D%3A%5BAPI%20Number%5D%3D%223500321266%2A%22%7D,VAWTER,#14-1,LEGACY RESERVES OPERATING LP,PA,TM,PLUGGED,36.817276,-98.14109,ALFALFA,14.00,27N,09W,,N2,NW,SW,IM,660.0,W,2055.0,S
3500321267,https://public.occ.ok.gov/OGCDWellRecords/Search.aspx?searchcommand=%7B%5BOG%20Well%20Records%5D%3A%5BAPI%20Number%5D%3D%223500321267%2A%22%7D,DOWERS,#2A,SUPERIOR PRODUCTION LLC,AC,OIL,OIL,36.511323,-98.179108,ALFALFA,32.00,24N,09W,,SW,NE,SE,IM,1650.0,W,1650.0,S
3500321268,https://public.occ.ok.gov/OGCDWellRecords/Search.aspx?searchcommand=%7B%5BOG%20Well%20Records%5D%3A%5BAPI%20Number%5D%3D%223500321268%2A%22%7D,WILSON FARMS,#2-2,RAMCO ENERGY CORPORATION,PA,GAS,PLUGGED,36.8532417,-98.3438632,ALFALFA,2.00,27N,11W,,,NE,NE,IM,2080.0,W,1980.0,S
3500321269,https://public.occ.ok.gov/OGCDWellRecords/Search.aspx?searchcommand=%7B%5BOG%20Well%20Records%5D%3A%5BAPI%20Number%5D%3D%223500321269%2A%22%7D,V & C CROMWELL,#1-25,VIERSEN & COCHRAN,PA,DRY,PLUGGED,36.8820481,-98.1236416,ALFALFA,25.00,28N,09W,,,CNW,NW,IM,660.0,W,1980.0,S
3500321270,https://public.occ.ok.gov/OGCDWellRecords/Search.aspx?searchcommand=%7B%5BOG%20Well%20Records%5D%3A%5BAPI%20Number%5D%3D%223500321270%2A%22%7D,RENEAU,#1-27,BHP PETROLEUM (AMERICAS) INC,PA,OIL,PLUGGED,36.787981,-98.3624501,ALFALFA,27.00,27N,11W,,,CNE,SE,IM,1980.0,W,1980.0,S
3500321271,https://public.occ.ok.gov/OGCDWellRecords/Search.aspx?searchcommand=%7B%5BOG%20Well%20Records%5D%3A%5BAPI%20Number%5D%3D%223500321271%2A%22%7D,STOABS,#1-3,DAR-LON OPERATING COMPANY,PA,DRY,PLUGGED,36.8531059,-98.1551749,ALFALFA,3.00,27N,09W,,,CNE,NW,IM,1980.0,W,1980.0,S
3500321273,https://public.occ.ok.gov/OGCDWellRecords/Search.aspx?searchcommand=%7B%5BOG%20Well%20Records%5D%3A%5BAPI%20Number%5D%3D%223500321273%2A%22%7D,CHEROKITA MISENER (J.A.BURCHFIEL),#2,WESTERN MOUNTAIN RESOURCES LLC,AC,GAS,GAS,36.820318,-98.139501,ALFALFA,14.00,27N,09W,,C,SE,NW,IM,1980.0,W,660.0,S
3500321274,https://public.occ.ok.gov/OGCDWellRecords/Search.aspx?searchcommand=%7B%5BOG%20Well%20Records%5D%3A%5BAPI%20Number%5D%3D%223500321274%2A%22%7D,HADWIGER,#1-18,THUNDER OIL & GAS LLC,PA,OIL,PLUGGED,36.8124552,-98.32303,ALFALFA,18.00,27N,10W,,SW,SW,SW,IM,517.0,W,165.0,S
3500321275,https://public.occ.ok.gov/OGCDWellRecords/Search.aspx?searchcommand=%7B%5BOG%20Well%20Records%5D%3A%5BAPI%20Number%5D%3D%223500321275%2A%22%7D,KIT,#1-7,LADD PETROLEUM CORPORATION,PA,DRY,PLUGGED,36.9148397,-98.4278152,ALFALFA,7.00,28N,11W,,,CS2,SW,IM,1320.0,W,660.0,S
3500321276,https://public.occ.ok.gov/OGCDWellRecords/Search.aspx?searchcommand=%7B%5BOG%20Well%20Records%5D%3A%5BAPI%20Number%5D%3D%223500321276%2A%22%7D,TERRELL,#2-18,DIVERSIFIED PRODUCTION LLC,AC,GAS,GAS,36.561251,-98.528983,ALFALFA,18.00,24N,12W,,,C,NW,IM,1320.0,W,1320.0,S
3500321277,https://public.occ.ok.gov/OGCDWellRecords/Search.aspx?searchcommand=%7B%5BOG%20Well%20Records%5D%3A%5BAPI%20Number%5D%3D%223500321277%2A%22%7D,R. GRUNEWALD,#1,SULLIVAN INC,PA,DRY,PLUGGED,36.8351144,-98.3173962,ALFALFA,7.00,27N,10W,,,CSE,NW,IM,1980.0,W,660.0,S
3500321278,https://public.occ.ok.gov/OGCDWellRecords/Search.aspx?searchcommand=%7B%5BOG%20Well%20Records%5D%3A%5BAPI%20Number%5D%3D%223500321278%2A%22%7D,WILSON FARMS,#2-3,OTC/OCC NOT ASSIGNED,PA,DRY,PLUGGED,,,ALFALFA,2.00,27N,11W,S2,N2,SE,NE,IM,1980.0,W,669.0,S
3500321279,https://public.occ.ok.gov/OGCDWellRecords/Search.aspx?searchcommand=%7B%5BOG%20Well%20Records%5D%3A%5BAPI%20Number%5D%3D%223500321279%2A%22%7D,MEDICINE LODGE,#1,BHP PETROLEUM (AMERICAS) INC,PA,DRY,PLUGGED,36.7435743,-98.3072483,ALFALFA,7.00,26N,10W,,SE,NE,SE,IM,2310.0,W,1650.0,S
3500321281,https://public.occ.ok.gov/OGCDWellRecords/Search.aspx?searchcommand=%7B%5BOG%20Well%20Records%5D%3A%5BAPI%20Number%5D%3D%223500321281%2A%22%7D,MEDICINE LODGE,#1-A,BHP PETROLEUM (AMERICAS) INC,PA,DRY,PLUGGED,36.7435743,-98.3072483,ALFALFA,7.00,26N,10W,,SE,NE,SE,IM,380.0,W,1654.0,S
3500321282,https://public.occ.ok.gov/OGCDWellRecords/Search.aspx?searchcommand=%7B%5BOG%20Well%20Records%5D%3A%5BAPI%20Number%5D%3D%223500321282%2A%22%7D,WILBURN,#1,BHP PETROLEUM (AMERICAS) INC,PA,DRY,PLUGGED,36.8163997,-98.1461532,ALFALFA,15.00,27N,09W,N2,S2,NE,SE,IM,1980.0,W,1830.0,S
3500321283,https://public.occ.ok.gov/OGCDWellRecords/Search.aspx?searchcommand=%7B%5BOG%20Well%20Records%5D%3A%5BAPI%20Number%5D%3D%223500321283%2A%22%7D,HADWIGER,#1-18,D & J OIL COMPANY OF OKLA INC,PA,GAS,PLUGGED,36.8124562,-98.3140125,ALFALFA,18.00,27N,10W,,CSW,SW,SE,IM,330.0,W,330.0,S
3500321284,https://public.occ.ok.gov/OGCDWellRecords/Search.aspx?searchcommand=%7B%5BOG%20Well%20Records%5D%3A%5BAPI%20Number%5D%3D%223500321284%2A%22%7D,J.A. BURCHFIEL,#14-3,WESTERN MOUNTAIN RESOURCES LLC,AC,OIL,OIL,36.823067,-98.140601,ALFALFA,14.00,27N,09W,C,SW,NE,NW,IM,1650.0,W ,1650.0,S 
3500321285,https://public.occ.ok.gov/OGCDWellRecords/Search.aspx?searchcommand=%7B%5BOG%20Well%20Records%5D%3A%5BAPI%20Number%5D%3D%223500321285%2A%22%7D,ORVEL FELLERS,#1,C & D SUPPLY LLC,AC,GAS,GAS,36.853242,-98.33993,ALFALFA,1.00,27N,11W,,,CNW,NW,IM,660.0,W,1980.0,S
3500321286,https://public.occ.ok.gov/OGCDWellRecords/Search.aspx?searchcommand=%7B%5BOG%20Well%20Records%5D%3A%5BAPI%20Number%5D%3D%223500321286%2A%22%7D,CHEROKITA MISENER (J.A.BURCHFIEL 14-4),#3,WESTERN MOUNTAIN RESOURCES LLC,AC,OIL,OIL,36.820398,-98.135941,ALFALFA,14.00,27N,09W,C,W2,SW,NE,IM,,,,
3500321287,https://public.occ.ok.gov/OGCDWellRecords/Search.aspx?searchcommand=%7B%5BOG%20Well%20Records%5D%3A%5BAPI%20Number%5D%3D%223500321287%2A%22%7D,VAWTER,#2,OTC/OCC NOT ASSIGNED,PA,DRY,PLUGGED,36.81773,-98.1371458,ALFALFA,14.00,27N,09W,C,N2,NE,SW,IM,1980.0,W,2310.0,S
3500321288,https://public.occ.ok.gov/OGCDWellRecords/Search.aspx?searchcommand=%7B%5BOG%20Well%20Records%5D%3A%5BAPI%20Number%5D%3D%223500321288%2A%22%7D,BEEBE,#1-24,CARL E GUNGOLL EXPLORATION LLC,PA,DRY,PLUGGED,36.8095408,-98.1247537,ALFALFA,24.00,27N,09W,,W2,NW,NW,IM,450.0,W,1980.0,S
3500321289,https://public.occ.ok.gov/OGCDWellRecords/Search.aspx?searchcommand=%7B%5BOG%20Well%20Records%5D%3A%5BAPI%20Number%5D%3D%223500321289%2A%22%7D,TERRELL,#4-18,DIVERSIFIED PRODUCTION LLC,AC,GAS,GAS,36.553667,-98.528906,ALFALFA,18.00,24N,12W,,,C,SW,IM,1320.0,W,1320.0,S
3500321290,https://public.occ.ok.gov/OGCDWellRecords/Search.aspx?searchcommand=%7B%5BOG%20Well%20Records%5D%3A%5BAPI%20Number%5D%3D%223500321290%2A%22%7D,SMITH,#1,DAVIS WILLIAM H,PA,DRY,PLUGGED,36.9804168,-98.1226673,ALFALFA,24.00,29N,09W,,,SE,NW,IM,1980.0,W,660.0,S
3500321291,https://public.occ.ok.gov/OGCDWellRecords/Search.aspx?searchcommand=%7B%5BOG%20Well%20Records%5D%3A%5BAPI%20Number%5D%3D%223500321291%2A%22%7D,BURLINGTON,#1,MACK ENERGY CO.,PA,DRY,PLUGGED,36.9020975,-98.4818872,ALFALFA,15.00,28N,12W,,,,CSW,IM,1320.0,W,1320.0,S
3500321292,https://public.occ.ok.gov/OGCDWellRecords/Search.aspx?searchcommand=%7B%5BOG%20Well%20Records%5D%3A%5BAPI%20Number%5D%3D%223500321292%2A%22%7D,G.A. WHITE,#2,COG PETROLEUM CORPORATION,PA,GAS,PLUGGED,36.6320611,-98.4255155,ALFALFA,19.00,25N,11W,,,SE,NW,IM,1980.0,W,660.0,S
3500321295,https://public.occ.ok.gov/OGCDWellRecords/Search.aspx?searchcommand=%7B%5BOG%20Well%20Records%5D%3A%5BAPI%20Number%5D%3D%223500321295%2A%22%7D,BURCHFIEL 15,#2,M3V ENERGY LLC,AC,OIL,OIL,36.819456,-98.147402,ALFALFA,15.00,27N,09W,C,SE,SE,NE,IM,2310.0,W,330.0,S
3500321297,https://public.occ.ok.gov/OGCDWellRecords/Search.aspx?searchcommand=%7B%5BOG%20Well%20Records%5D%3A%5BAPI%20Number%5D%3D%223500321297%2A%22%7D,TERRELL,#3-18,DIVERSIFIED PRODUCTION LLC,AC,GAS,GAS,36.553911,-98.520657,ALFALFA,18.00,24N,12W,,,C,SE,IM,1320.0,W,1320.0,S
3500321298,https://public.occ.ok.gov/OGCDWellRecords/Search.aspx?searchcommand=%7B%5BOG%20Well%20Records%5D%3A%5BAPI%20Number%5D%3D%223500321298%2A%22%7D,MYRICK,#1-12,DOMINION OK TX E & P INC,PA,DRY,PLUGGED,36.6536512,-98.1145982,ALFALFA,12.00,25N,09W,,,CSW,SE,IM,660.0,W,660.0,S
3500321299,https://public.occ.ok.gov/OGCDWellRecords/Search.aspx?searchcommand=%7B%5BOG%20Well%20Records%5D%3A%5BAPI%20Number%5D%3D%223500321299%2A%22%7D,MEANS D,#1-19,NORTH LAKE RESOURCES LLC,AC,GAS,GAS,36.626715,-98.311535,ALFALFA,19.00,25N,10W,,,,,IM,1325.0,E,1370.0,S
3500321300,https://public.occ.ok.gov/OGCDWellRecords/Search.aspx?searchcommand=%7B%5BOG%20Well%20Records%5D%3A%5BAPI%20Number%5D%3D%223500321300%2A%22%7D,GGG LAND & CATTLE CO.,#1,BHP PETROLEUM (AMERICAS) INC,PA,DRY,PLUGGED,36.7888699,-98.4131477,ALFALFA,29.00,27N,11W,,NW,NW,SW,IM,330.0,W,2310.0,S
3500321302,https://public.occ.ok.gov/OGCDWellRecords/Search.aspx?searchcommand=%7B%5BOG%20Well%20Records%5D%3A%5BAPI%20Number%5D%3D%223500321302%2A%22%7D,WILBURN,#2,BHP PETROLEUM (AMERICAS) INC,PA,DRY,PLUGGED,36.8177592,-98.145026,ALFALFA,15.00,27N,09W,,NE,NE,SE,IM,2310.0,W,2310.0,S
3500321303,https://public.occ.ok.gov/OGCDWellRecords/Search.aspx?searchcommand=%7B%5BOG%20Well%20Records%5D%3A%5BAPI%20Number%5D%3D%223500321303%2A%22%7D,MURROW,#18-1,WOODS PETROLEUM CORPORATION,PA,DRY,PLUGGED,36.7263201,-98.4300339,ALFALFA,18.00,26N,11W,,,CSW,SW,IM,660.0,W,660.0,S
3500321304,https://public.occ.ok.gov/OGCDWellRecords/Search.aspx?searchcommand=%7B%5BOG%20Well%20Records%5D%3A%5BAPI%20Number%5D%3D%223500321304%2A%22%7D,GOSS JEFFRIES,#2,CHESAPEAKE OPERATING LLC,PA,GAS,PLUGGED,36.546456,-98.51184,ALFALFA,20.00,24N,12W,,,,NW,IM,1320.0,W,1320.0,S
3500321305,https://public.occ.ok.gov/OGCDWellRecords/Search.aspx?searchcommand=%7B%5BOG%20Well%20Records%5D%3A%5BAPI%20Number%5D%3D%223500321305%2A%22%7D,DAY LAKES,#1-28,SMITH OIL OPERATIONS,PA,GAS,PLUGGED,36.8744314,-98.1669998,ALFALFA,28.00,28N,09W,NE,SE,NW,SE,IM,1270.0,W,1715.0,S
3500321306,https://public.occ.ok.gov/OGCDWellRecords/Search.aspx?searchcommand=%7B%5BOG%20Well%20Records%5D%3A%5BAPI%20Number%5D%3D%223500321306%2A%22%7D,CHEROKITA MISENER UNIT (J.A. BURCHFIEL 5),#4,WESTERN MOUNTAIN RESOURCES LLC,AC,OIL,OIL,36.820343,-98.131426,ALFALFA,14.00,27N,09W,C,W2,SE,NE,IM,1650.0,W,660.0,S
3500321307,https://public.occ.ok.gov/OGCDWellRecords/Search.aspx?searchcommand=%7B%5BOG%20Well%20Records%5D%3A%5BAPI%20Number%5D%3D%223500321307%2A%22%7D,GOSS JEFFRIES,#3,CHESAPEAKE OPERATING LLC,PA,OIL,PLUGGED,36.539205,-98.51184,ALFALFA,20.00,24N,12W,,,,CSW,IM,1320.0,W,1320.0,S
3500321308,https://public.occ.ok.gov/OGCDWellRecords/Search.aspx?searchcommand=%7B%5BOG%20Well%20Records%5D%3A%5BAPI%20Number%5D%3D%223500321308%2A%22%7D,BUCKLES,#32-1,ALEXANDER ENERGY CORPORATION,PA,GAS,PLUGGED,36.7769739,-98.5089014,ALFALFA,32.00,27N,12W,,,CS2,NE,IM,1320.0,W,660.0,S
3500321309,https://public.occ.ok.gov/OGCDWellRecords/Search.aspx?searchcommand=%7B%5BOG%20Well%20Records%5D%3A%5BAPI%20Number%5D%3D%223500321309%2A%22%7D,MACK,#1,COMPASS RESOURCES,PA,DRY,PLUGGED,36.5147817,-98.1806244,ALFALFA,32.00,24N,09W,,CSE,SW,NE,IM,990.0,W,330.0,S
3500321310,https://public.occ.ok.gov/OGCDWellRecords/Search.aspx?searchcommand=%7B%5BOG%20Well%20Records%5D%3A%5BAPI%20Number%5D%3D%223500321310%2A%22%7D,LEAMON,#1,SOONER OIL & GAS LLC,AC,GAS,GAS,36.670932,-98.51283,ALFALFA,5.00,25N,12W,W2,SW,NW,SE,IM,146.0,W,1650.0,S
3500321311,https://public.occ.ok.gov/OGCDWellRecords/Search.aspx?searchcommand=%7B%5BOG%20Well%20Records%5D%3A%5BAPI%20Number%5D%3D%223500321311%2A%22%7D,"MEANS ""E""",#1-24,AEXCO PETROLEUM INC,AC,OIL,OIL,36.629431,-98.436011,ALFALFA,24.00,25N,12W,C,NW,NE,SE,IM,990.0,E,2310.0,S
3500321312,https://public.occ.ok.gov/OGCDWellRecords/Search.aspx?searchcommand=%7B%5BOG%20Well%20Records%5D%3A%5BAPI%20Number%5D%3D%223500321312%2A%22%7D,KILLION,#1-32,ONEOK RESOURCES COMPANY,PA,DRY,PLUGGED,36.8641138,-98.290353,ALFALFA,32.00,28N,10W,,,SE,NE,IM,1980.0,W,660.0,S
3500321313,https://public.occ.ok.gov/OGCDWellRecords/Search.aspx?searchcommand=%7B%5BOG%20Well%20Records%5D%3A%5BAPI%20Number%5D%3D%223500321313%2A%22%7D,STATE OF OKLAHOMA,#1-36,CHANGO'S L.L.C.,SIFORDER,GAS,STATE_FUNDS_PLUGGING,36.856868,-98.33994,ALFALFA,36.00,28N,11W,,C,SW,SW,IM,,,,
3500321314,https://public.occ.ok.gov/OGCDWellRecords/Search.aspx?searchcommand=%7B%5BOG%20Well%20Records%5D%3A%5BAPI%20Number%5D%3D%223500321314%2A%22%7D,WHITE,#6,COG PETROLEUM CORPORATION,PA,DRY,PLUGGED,36.6320606,-98.4300132,ALFALFA,19.00,25N,11W,,,CSW,NW,IM,660.0,W,660.0,S
3500321315,https://public.occ.ok.gov/OGCDWellRecords/Search.aspx?searchcommand=%7B%5BOG%20Well%20Records%5D%3A%5BAPI%20Number%5D%3D%223500321315%2A%22%7D,GREEN #3,#3,COG PETROLEUM CORPORATION,PA,DRY,PLUGGED,36.6211846,-98.4300103,ALFALFA,30.00,25N,11W,,,CNW,NW,IM,660.0,W,660.0,S
3500321316,https://public.occ.ok.gov/OGCDWellRecords/Search.aspx?searchcommand=%7B%5BOG%20Well%20Records%5D%3A%5BAPI%20Number%5D%3D%223500321316%2A%22%7D,MILDRED VEATCH,#1,SULLIVAN & COMPANY,PA,DRY,PLUGGED,36.8938915,-98.5134212,ALFALFA,20.00,28N,12W,,CN2,S2,N2,IM,2640.0,W,1220.0,S
3500321318,https://public.occ.ok.gov/OGCDWellRecords/Search.aspx?searchcommand=%7B%5BOG%20Well%20Records%5D%3A%5BAPI%20Number%5D%3D%223500321318%2A%22%7D,VAWTER,#3,REMORA OPERATING LLC,AC,OIL,OIL,36.817642,-98.129059,ALFALFA,14.00,27N,09W,,NE,NE,SE,IM,,,,
3500321320,https://public.occ.ok.gov/OGCDWellRecords/Search.aspx?searchcommand=%7B%5BOG%20Well%20Records%5D%3A%5BAPI%20Number%5D%3D%223500321320%2A%22%7D,UNIT,#25-1,PETROCORP INCORPORATED,PA,OIL,PLUGGED,36.7905085,-98.1179899,ALFALFA,25.00,27N,09W,,CSE,SE,NW,IM,2310.0,W,330.0,S
3500321321,https://public.occ.ok.gov/OGCDWellRecords/Search.aspx?searchcommand=%7B%5BOG%20Well%20Records%5D%3A%5BAPI%20Number%5D%3D%223500321321%2A%22%7D,CURTIS,#1-21,COMBINED RESOURCES CORPORATION,PA,GAS,PLUGGED,36.719998,-98.3861,ALFALFA,21.00,26N,11W,,NW,SW,NE,,,,,
3500321322,https://public.occ.ok.gov/OGCDWellRecords/Search.aspx?searchcommand=%7B%5BOG%20Well%20Records%5D%3A%5BAPI%20Number%5D%3D%223500321322%2A%22%7D,WOOD,#1,BHP PETROLEUM (AMERICAS) INC,PA,OIL,PLUGGED,36.8213834,-98.1608066,ALFALFA,15.00,27N,09W,,CNW,SW,NW,IM,330.0,W,990.0,S
3500321323,https://public.occ.ok.gov/OGCDWellRecords/Search.aspx?searchcommand=%7B%5BOG%20Well%20Records%5D%3A%5BAPI%20Number%5D%3D%223500321323%2A%22%7D,SCHOOL HOUSE,#1-8,D & J OIL COMPANY OF OKLA INC,PA,DRY,PLUGGED,36.6654937,-98.5145189,ALFALFA,8.00,25N,12W,,NE,NE,NW,IM,2310.0,W,2310.0,S
3500321325,https://public.occ.ok.gov/OGCDWellRecords/Search.aspx?searchcommand=%7B%5BOG%20Well%20Records%5D%3A%5BAPI%20Number%5D%3D%223500321325%2A%22%7D,"PELTER ""A""",#1-24,ANADARKO PETROLEUM CORPORATION,PA,DRY,PLUGGED,36.6356721,-98.4345448,ALFALFA,24.00,25N,12W,,,CNE,NE,IM,660.0,E,660.0,N
3500321326,https://public.occ.ok.gov/OGCDWellRecords/Search.aspx?searchcommand=%7B%5BOG%20Well%20Records%5D%3A%5BAPI%20Number%5D%3D%223500321326%2A%22%7D,WESSELS,#1,BHP PETROLEUM (AMERICAS) INC,PA,OIL,PLUGGED,36.8195978,-98.1630508,ALFALFA,16.00,27N,09W,,SE,SE,NE,IM,2310.0,W,500.0,S
3500321327,https://public.occ.ok.gov/OGCDWellRecords/Search.aspx?searchcommand=%7B%5BOG%20Well%20Records%5D%3A%5BAPI%20Number%5D%3D%223500321327%2A%22%7D,HARTWIT,#1,COVINGTON OIL COMPANY INC,PA,DRY,PLUGGED,36.6727694,-98.5032464,ALFALFA,4.00,25N,12W,,NW,NW,SW,IM,330.0,W,2310.0,S
3500321328,https://public.occ.ok.gov/OGCDWellRecords/Search.aspx?searchcommand=%7B%5BOG%20Well%20Records%5D%3A%5BAPI%20Number%5D%3D%223500321328%2A%22%7D,LESLIE,#A-1,PRIDE ENERGY COMPANY,AC,2DNC,UIC,36.674104,-98.51565,ALFALFA,5.00,25N,12W,S2,S2,SE,NW,IM,1980.0,W,240.0,S
3500321329,https://public.occ.ok.gov/OGCDWellRecords/Search.aspx?searchcommand=%7B%5BOG%20Well%20Records%5D%3A%5BAPI%20Number%5D%3D%223500321329%2A%22%7D,STATE OF OKLAHOMA,#2-36,RAMCO ENERGY CORPORATION,PA,GAS,PLUGGED,36.8551,-98.3369,ALFALFA,36.00,28N,11W,,,CNE,SW,IM,1980.0,W,1980.0,S
3500321330,https://public.occ.ok.gov/OGCDWellRecords/Search.aspx?searchcommand=%7B%5BOG%20Well%20Records%5D%3A%5BAPI%20Number%5D%3D%223500321330%2A%22%7D,STATE OF OKLAHOMA,#3-36,RAMCO ENERGY CORPORATION,PA,OIL,PLUGGED,36.8604929,-98.3399366,ALFALFA,36.00,28N,11W,,,CNW,SW,IM,660.0,W,1980.0,S
3500321332,https://public.occ.ok.gov/OGCDWellRecords/Search.aspx?searchcommand=%7B%5BOG%20Well%20Records%5D%3A%5BAPI%20Number%5D%3D%223500321332%2A%22%7D,LEAMON,#3,PRIDE ENERGY COMPANY,AC,OIL,OIL,36.672291,-98.51508,ALFALFA,5.00,25N,12W,S2,N2,NE,SW,IM,1980.0,W,2000.0,S
3500321334,https://public.occ.ok.gov/OGCDWellRecords/Search.aspx?searchcommand=%7B%5BOG%20Well%20Records%5D%3A%5BAPI%20Number%5D%3D%223500321334%2A%22%7D,WHITE #7,##7,AEXCO PETROLEUM INC,AC,OIL,OIL,36.635686,-98.43001,ALFALFA,19.00,25N,11W,,C,NW,NW,IM,660.0,W,1980.0,S
3500321335,https://public.occ.ok.gov/OGCDWellRecords/Search.aspx?searchcommand=%7B%5BOG%20Well%20Records%5D%3A%5BAPI%20Number%5D%3D%223500321335%2A%22%7D,POWELL,#1,AVALANCHE OIL & GAS LLC,AC,OIL,OIL,36.826871,-98.111292,ALFALFA,12.00,27N,09W,C,SE,SE,SW,IM,2310.0,W,330.0,S
3500321336,https://public.occ.ok.gov/OGCDWellRecords/Search.aspx?searchcommand=%7B%5BOG%20Well%20Records%5D%3A%5BAPI%20Number%5D%3D%223500321336%2A%22%7D,LOIS POWELL,#1,BHP PETROLEUM (AMERICAS) INC,PA,DRY,PLUGGED,36.8140728,-98.1236297,ALFALFA,13.00,27N,09W,,N2,SW,SW,IM,660.0,W,990.0,S
3500321337,https://public.occ.ok.gov/OGCDWellRecords/Search.aspx?searchcommand=%7B%5BOG%20Well%20Records%5D%3A%5BAPI%20Number%5D%3D%223500321337%2A%22%7D,DAVIS,#1,CHALLENGE OPERATING INC,PA,DRY,PLUGGED,36.9878304,-98.2536495,ALFALFA,14.00,29N,10W,,,CSW,SW,IM,660.0,W,660.0,S
3500321338,https://public.occ.ok.gov/OGCDWellRecords/Search.aspx?searchcommand=%7B%5BOG%20Well%20Records%5D%3A%5BAPI%20Number%5D%3D%223500321338%2A%22%7D,USF & G HAZEL,#1-7,PETROCORP INCORPORATED,PA,DRY,PLUGGED,36.7408226,-98.4165233,ALFALFA,7.00,26N,11W,,,SE,SE,IM,1980.0,W,660.0,S
3500321339,https://public.occ.ok.gov/OGCDWellRecords/Search.aspx?searchcommand=%7B%5BOG%20Well%20Records%5D%3A%5BAPI%20Number%5D%3D%223500321339%2A%22%7D,USF&G BEISEL,#1-2,SWEETWATER EXPLORATION LLC,PA,GAS,PLUGGED,36.841425,-98.25094,ALFALFA,2.00,27N,10W,,SW,SW,SW,IM,330.0,W,330.0,S
3500321340,https://public.occ.ok.gov/OGCDWellRecords/Search.aspx?searchcommand=%7B%5BOG%20Well%20Records%5D%3A%5BAPI%20Number%5D%3D%223500321340%2A%22%7D,BESSIE,#1,ALEXANDER ENERGY CORPORATION,PA,DRY,PLUGGED,36.7788117,-98.499889,ALFALFA,33.00,27N,12W,,,,NW,IM,1320.0,W,1320.0,S
3500321341,https://public.occ.ok.gov/OGCDWellRecords/Search.aspx?searchcommand=%7B%5BOG%20Well%20Records%5D%3A%5BAPI%20Number%5D%3D%223500321341%2A%22%7D,FELLERS,#1-36,C & D SUPPLY,PA,OIL,PLUGGED,36.859587,-98.33204,ALFALFA,36.00,28N,11W,,SW,NW,SE,IM,330.0,W,1650.0,S
3500321342,https://public.occ.ok.gov/OGCDWellRecords/Search.aspx?searchcommand=%7B%5BOG%20Well%20Records%5D%3A%5BAPI%20Number%5D%3D%223500321342%2A%22%7D,FELLERS,#1A-36,L & L SMITH ENERGY CORPORATION,STFD,TM,STATE_FUNDS_PLUGGING,36.857775,-98.32979,ALFALFA,36.00,28N,11W,W2,NE,SW,SE,IM,760.0,W,990.0,S
3500321343,https://public.occ.ok.gov/OGCDWellRecords/Search.aspx?searchcommand=%7B%5BOG%20Well%20Records%5D%3A%5BAPI%20Number%5D%3D%223500321343%2A%22%7D,BURCHFIEL,#1,DECK OIL COMPANY,PA,DRY,PLUGGED,36.8231964,-98.1585522,ALFALFA,15.00,27N,09W,,SE,NW,NW,IM,990.0,W,1650.0,S
3500321344,https://public.occ.ok.gov/OGCDWellRecords/Search.aspx?searchcommand=%7B%5BOG%20Well%20Records%5D%3A%5BAPI%20Number%5D%3D%223500321344%2A%22%7D,MCCRADY,#2,KIESTER OPERATING COMPANY,AC,WSW,WATER_SUPPLY,36.639312,-98.42664,ALFALFA,18.00,25N,11W,C,W2,SE,SW,IM,1650.0,W,660.0,S
3500321345,https://public.occ.ok.gov/OGCDWellRecords/Search.aspx?searchcommand=%7B%5BOG%20Well%20Records%5D%3A%5BAPI%20Number%5D%3D%223500321345%2A%22%7D,UNIT 26,#1,INVESTORS RESOURCES CORP,PA,DRY,PLUGGED,36.7923531,-98.1270007,ALFALFA,26.00,27N,09W,,NE,SE,NE,IM,2310.0,W,760.0,S
3500321346,https://public.occ.ok.gov/OGCDWellRecords/Search.aspx?searchcommand=%7B%5BOG%20Well%20Records%5D%3A%5BAPI%20Number%5D%3D%223500321346%2A%22%7D,PELTER 'A',#2-24,AEXCO PETROLEUM INC,AC,OIL,OIL,36.634792,-98.433757,ALFALFA,24.00,25N,12W,C,SE,NE,NE,IM,330.0,E,990.0,N
3500321348,https://public.occ.ok.gov/OGCDWellRecords/Search.aspx?searchcommand=%7B%5BOG%20Well%20Records%5D%3A%5BAPI%20Number%5D%3D%223500321348%2A%22%7D,USF&G LOOP,#1-8,PETROCORP INCORPORATED,PA,OIL,PLUGGED,36.7403808,-98.4108859,ALFALFA,8.00,26N,11W,N2,SE,SW,SW,IM,990.0,W,525.0,S
3500321349,https://public.occ.ok.gov/OGCDWellRecords/Search.aspx?searchcommand=%7B%5BOG%20Well%20Records%5D%3A%5BAPI%20Number%5D%3D%223500321349%2A%22%7D,MCCRADY,#5,AEXCO PETROLEUM INC,AC,OIL,OIL,36.639311,-98.42889,ALFALFA,18.00,25N,11W,E2,E2,SW,SW,IM,1225.0,W,660.0,S
3500321350,https://public.occ.ok.gov/OGCDWellRecords/Search.aspx?searchcommand=%7B%5BOG%20Well%20Records%5D%3A%5BAPI%20Number%5D%3D%223500321350%2A%22%7D,FELLERS,#1-31,PETROCORP INCORPORATED,PA,OIL,PLUGGED,36.8600387,-98.3190922,ALFALFA,31.00,28N,10W,NW,SW,NE,SW,IM,1500.0,W,1900.0,S
3500321351,https://public.occ.ok.gov/OGCDWellRecords/Search.aspx?searchcommand=%7B%5BOG%20Well%20Records%5D%3A%5BAPI%20Number%5D%3D%223500321351%2A%22%7D,MILLER,#1,DECK OIL COMPANY,PA,DRY,PLUGGED,36.7932872,-98.1574199,ALFALFA,27.00,27N,09W,,,,CNW,IM,1320.0,W,1320.0,S
3500321352,https://public.occ.ok.gov/OGCDWellRecords/Search.aspx?searchcommand=%7B%5BOG%20Well%20Records%5D%3A%5BAPI%20Number%5D%3D%223500321352%2A%22%7D,NELSON,#1,FOSSIL CREEK ENERGY CORPORATION,PA,DRY,PLUGGED,36.7860372,-98.5089022,ALFALFA,29.00,27N,12W,,,,CSE,IM,1320.0,W,1320.0,S
3500321353,https://public.occ.ok.gov/OGCDWellRecords/Search.aspx?searchcommand=%7B%5BOG%20Well%20Records%5D%3A%5BAPI%20Number%5D%3D%223500321353%2A%22%7D,BEACH,#A-1,SMITH OIL OPERATIONS,PA,DRY,PLUGGED,36.8712587,-98.174332,ALFALFA,28.00,28N,09W,,W2,SE,SW,IM,1650.0,W,660.0,S
3500321354,https://public.occ.ok.gov/OGCDWellRecords/Search.aspx?searchcommand=%7B%5BOG%20Well%20Records%5D%3A%5BAPI%20Number%5D%3D%223500321354%2A%22%7D,BUCKLES,#32-2,TESSERA ENERGY LLC,OR,GAS,ORPHAN,36.773348,-98.51791,ALFALFA,32.00,27N,12W,,,CN2,SW,IM,1320.0,W,2000.0,S
3500321355,https://public.occ.ok.gov/OGCDWellRecords/Search.aspx?searchcommand=%7B%5BOG%20Well%20Records%5D%3A%5BAPI%20Number%5D%3D%223500321355%2A%22%7D,MAX,#1-35,R E BLAIK INC,EX,NT,OTHER,36.5989471,-98.4581888,ALFALFA,35.00,25N,12W,N2,SW,NW,SE,IM,330.0,W,1980.0,S
3500321356,https://public.occ.ok.gov/OGCDWellRecords/Search.aspx?searchcommand=%7B%5BOG%20Well%20Records%5D%3A%5BAPI%20Number%5D%3D%223500321356%2A%22%7D,UNIT,#25-2,INVESTORS RESOURCES CORP,EX,,OTHER,36.7886956,-98.1202435,ALFALFA,25.00,27N,09W,C,NW,NE,SW,IM,1650.0,W,2310.0,S
3500321357,https://public.occ.ok.gov/OGCDWellRecords/Search.aspx?searchcommand=%7B%5BOG%20Well%20Records%5D%3A%5BAPI%20Number%5D%3D%223500321357%2A%22%7D,VERNON,#1,MACK ENERGY CO.,PA,DRY,PLUGGED,36.9724352,-98.4173684,ALFALFA,20.00,29N,11W,,CSW,SW,SW,IM,330.0,W,330.0,S
3500321358,https://public.occ.ok.gov/OGCDWellRecords/Search.aspx?searchcommand=%7B%5BOG%20Well%20Records%5D%3A%5BAPI%20Number%5D%3D%223500321358%2A%22%7D,BRICKMAN,#1,MACK ENERGY CO.,PA,DRY,PLUGGED,36.8087217,-98.1681219,ALFALFA,21.00,27N,09W,W2,SE,NW,NE,IM,691.0,W,1650.0,S
3500321359,https://public.occ.ok.gov/OGCDWellRecords/Search.aspx?searchcommand=%7B%5BOG%20Well%20Records%5D%3A%5BAPI%20Number%5D%3D%223500321359%2A%22%7D,SCHAEFER,#1-19,OKLAND OIL COMPANY,PA,DRY,PLUGGED,36.8915965,-98.5359591,ALFALFA,19.00,28N,12W,S2,S2,S2,NW,IM,1320.0,W,50.0,S
3500321360,https://public.occ.ok.gov/OGCDWellRecords/Search.aspx?searchcommand=%7B%5BOG%20Well%20Records%5D%3A%5BAPI%20Number%5D%3D%223500321360%2A%22%7D,USF&G,#1-32,PETROCORP INCORPORATED,PA,GAS,PLUGGED,36.8604885,-98.290353,ALFALFA,32.00,28N,10W,,,CNE,SE,IM,1980.0,W,1980.0,S
3500321361,https://public.occ.ok.gov/OGCDWellRecords/Search.aspx?searchcommand=%7B%5BOG%20Well%20Records%5D%3A%5BAPI%20Number%5D%3D%223500321361%2A%22%7D,RETA,#1,MACK ENERGY CO.,PA,DRY,PLUGGED,36.959764,-98.375587,ALFALFA,27.00,29N,11W,,N2,SE,SW,IM,1980.0,W,1980.0,S
3500321362,https://public.occ.ok.gov/OGCDWellRecords/Search.aspx?searchcommand=%7B%5BOG%20Well%20Records%5D%3A%5BAPI%20Number%5D%3D%223500321362%2A%22%7D,MCCRADY,#6,AEXCO PETROLEUM INC,AC,OIL,OIL,36.642484,-98.42664,ALFALFA,18.00,25N,11W,N2,SW,NE,SW,IM,1650.0,W,1750.0,S
3500321363,https://public.occ.ok.gov/OGCDWellRecords/Search.aspx?searchcommand=%7B%5BOG%20Well%20Records%5D%3A%5BAPI%20Number%5D%3D%223500321363%2A%22%7D,#1 BIG RED,#1,MACK ENERGY CO.,PA,DRY,PLUGGED,36.9470309,-98.4534937,ALFALFA,36.00,29N,12W,,SW,NW,SW,IM,330.0,W,1650.0,S
3500321364,https://public.occ.ok.gov/OGCDWellRecords/Search.aspx?searchcommand=%7B%5BOG%20Well%20Records%5D%3A%5BAPI%20Number%5D%3D%223500321364%2A%22%7D,BURCHFIEL,#15-3,MARJO OPERATING MID-CONTINENT LLC,PA,TM,PLUGGED,36.820106,-98.150807,ALFALFA,15.00,27N,09W,NE,SE,SW,NE,IM,1305.0,W,500.0,S
3500321365,https://public.occ.ok.gov/OGCDWellRecords/Search.aspx?searchcommand=%7B%5BOG%20Well%20Records%5D%3A%5BAPI%20Number%5D%3D%223500321365%2A%22%7D,USF&G,#1-25,PETROCORP INCORPORATED,PA,OIL,PLUGGED,36.7905087,-98.115173,ALFALFA,25.00,27N,09W,E2,SW,SW,NE,IM,590.0,W,325.0,S
3500321366,https://public.occ.ok.gov/OGCDWellRecords/Search.aspx?searchcommand=%7B%5BOG%20Well%20Records%5D%3A%5BAPI%20Number%5D%3D%223500321366%2A%22%7D,USF&G MILLER,#1-24,PARK AVENUE EXPLORATION CORP,PA,DRY,PLUGGED,36.9806142,-98.3439756,ALFALFA,24.00,29N,11W,,,SW,NW,IM,660.0,W,660.0,S
3500321367,https://public.occ.ok.gov/OGCDWellRecords/Search.aspx?searchcommand=%7B%5BOG%20Well%20Records%5D%3A%5BAPI%20Number%5D%3D%223500321367%2A%22%7D,FLORENCE,#1-10,SWEETWATER EXPLORATION LLC,NE,DRY,OTHER,36.838578,-98.255201,ALFALFA,10.00,27N,10W,,,NE,NE,IM,1980.0,W,1980.0,S
3500321369,https://public.occ.ok.gov/OGCDWellRecords/Search.aspx?searchcommand=%7B%5BOG%20Well%20Records%5D%3A%5BAPI%20Number%5D%3D%223500321369%2A%22%7D,WEED,#1,MACK ENERGY CO.,PA,DRY,PLUGGED,36.7996323,-98.1495337,ALFALFA,22.00,27N,09W,,NE,SW,SE,IM,990.0,W,990.0,S
3500321370,https://public.occ.ok.gov/OGCDWellRecords/Search.aspx?searchcommand=%7B%5BOG%20Well%20Records%5D%3A%5BAPI%20Number%5D%3D%223500321370%2A%22%7D,OTT,#1,COMPASS DRILLING INC,PA,NT,PLUGGED,36.8491418,-98.4114691,ALFALFA,5.00,27N,11W,NW,SE,SW,NW,IM,0.0, ,0.0, 
3500321371,https://public.occ.ok.gov/OGCDWellRecords/Search.aspx?searchcommand=%7B%5BOG%20Well%20Records%5D%3A%5BAPI%20Number%5D%3D%223500321371%2A%22%7D,EASTMAN,#1-33,SP ENERGY DEVELOPMENT COMPANY,PA,DRY,PLUGGED,36.6025292,-98.4897424,ALFALFA,33.00,25N,12W,N2,SW,SE,NE,IM,1650.0,W,495.0,S
3500321372,https://public.occ.ok.gov/OGCDWellRecords/Search.aspx?searchcommand=%7B%5BOG%20Well%20Records%5D%3A%5BAPI%20Number%5D%3D%223500321372%2A%22%7D,DIANNE,#1,DAVIS WILLIAM H,PA,DRY,PLUGGED,36.8132768,-98.4700364,ALFALFA,15.00,27N,12W,W2,E2,SE,SE,IM,2080.0,W,660.0,S
3500321373,https://public.occ.ok.gov/OGCDWellRecords/Search.aspx?searchcommand=%7B%5BOG%20Well%20Records%5D%3A%5BAPI%20Number%5D%3D%223500321373%2A%22%7D,MCCRADY,#3,COG PETROLEUM CORPORATION,PA,DRY,PLUGGED,36.6456562,-98.4249553,ALFALFA,18.00,25N,11W,W2,SE,SE,NW,IM,2235.0,W,330.0,S
3500321374,https://public.occ.ok.gov/OGCDWellRecords/Search.aspx?searchcommand=%7B%5BOG%20Well%20Records%5D%3A%5BAPI%20Number%5D%3D%223500321374%2A%22%7D,MEANS,#1-17,PIONEER PROD CORP,PA,DRY,PLUGGED,36.7308651,-98.3973722,ALFALFA,17.00,26N,11W,,NE,NE,SE,IM,2310.0,W,2310.0,S
3500321375,https://public.occ.ok.gov/OGCDWellRecords/Search.aspx?searchcommand=%7B%5BOG%20Well%20Records%5D%3A%5BAPI%20Number%5D%3D%223500321375%2A%22%7D,FELLERS,#1-31,AGATE PETROLEUM INC,PA,GAS,PLUGGED,36.8604924,-98.3128892,ALFALFA,31.00,28N,10W,,,CNW,SE,IM,660.0,W,1980.0,S
3500321376,https://public.occ.ok.gov/OGCDWellRecords/Search.aspx?searchcommand=%7B%5BOG%20Well%20Records%5D%3A%5BAPI%20Number%5D%3D%223500321376%2A%22%7D,SCHROCK,#1,OTC/OCC NOT ASSIGNED,PA,DRY,PLUGGED,36.9806092,-98.3755891,ALFALFA,22.00,29N,11W,,,SE,NW,IM,1980.0,W,660.0,S
3500321377,https://public.occ.ok.gov/OGCDWellRecords/Search.aspx?searchcommand=%7B%5BOG%20Well%20Records%5D%3A%5BAPI%20Number%5D%3D%223500321377%2A%22%7D,N CARMEN REDFORK U(PRUETT#2),#10,SUPERIOR PRODUCTION LLC,AC,OIL,OIL,36.593267,-98.472383,ALFALFA,3.00,24N,12W,C,NE,NE,NW,IM,2310.0,W,2310.0,S
3500321378,https://public.occ.ok.gov/OGCDWellRecords/Search.aspx?searchcommand=%7B%5BOG%20Well%20Records%5D%3A%5BAPI%20Number%5D%3D%223500321378%2A%22%7D,N.CARMEN REDFORK U(KASSIK#1),#2,PARADIGM PETROLEUM CORPORATION,PA,OIL,PLUGGED,36.594848,-98.48071,ALFALFA,34.00,25N,12W,C,SW,SE,SW,IM,1650.0,W,330.0,S
3500321379,https://public.occ.ok.gov/OGCDWellRecords/Search.aspx?searchcommand=%7B%5BOG%20Well%20Records%5D%3A%5BAPI%20Number%5D%3D%223500321379%2A%22%7D,SE EUREKA UNIT,#54,OTC/OCC NOT ASSIGNED,PA,DRY,PLUGGED,36.9048694,-98.2509499,ALFALFA,14.00,28N,10W,,NW,NW,SW,IM,165.0,W,2475.0,S
3500321380,https://public.occ.ok.gov/OGCDWellRecords/Search.aspx?searchcommand=%7B%5BOG%20Well%20Records%5D%3A%5BAPI%20Number%5D%3D%223500321380%2A%22%7D,DAVIS,#33-2,OTC/OCC NOT ASSIGNED,PA,DRY,PLUGGED,36.6011696,-98.4908664,ALFALFA,33.00,25N,12W,,,,CE2,IM,1320.0,E,2640.0,S
3500321381,https://public.occ.ok.gov/OGCDWellRecords/Search.aspx?searchcommand=%7B%5BOG%20Well%20Records%5D%3A%5BAPI%20Number%5D%3D%223500321381%2A%22%7D,SALT PLAINS,#1,LIBERTY EXPLORATION CO INC,PA,DRY,PLUGGED,36.8232221,-98.1777042,ALFALFA,16.00,27N,09W,,S2,NW,NW,IM,660.0,W,1650.0,S
3500321382,https://public.occ.ok.gov/OGCDWellRecords/Search.aspx?searchcommand=%7B%5BOG%20Well%20Records%5D%3A%5BAPI%20Number%5D%3D%223500321382%2A%22%7D,HEIN,#1,MULLEN WILLIAM F INC,PA,DRY,PLUGGED,36.8966366,-98.1686931,ALFALFA,21.00,28N,09W,,,NW,NE,IM,330.0,W,1980.0,S
3500321383,https://public.occ.ok.gov/OGCDWellRecords/Search.aspx?searchcommand=%7B%5BOG%20Well%20Records%5D%3A%5BAPI%20Number%5D%3D%223500321383%2A%22%7D,DIEL,#1-31,EL PASO PRODUCTION COMPANY,PA,DRY,PLUGGED,36.8686161,-98.4266772,ALFALFA,31.00,28N,11W,,NW,NE,NW,IM,1869.0,W,2310.0,S
3500321384,https://public.occ.ok.gov/OGCDWellRecords/Search.aspx?searchcommand=%7B%5BOG%20Well%20Records%5D%3A%5BAPI%20Number%5D%3D%223500321384%2A%22%7D,MCDANIEL JOHN,#2,COG PETROLEUM CORPORATION,PA,GAS,PLUGGED,36.6484044,-98.3646952,ALFALFA,15.00,25N,11W,,,,NE,IM,1320.0,W,1320.0,S
3500321385,https://public.occ.ok.gov/OGCDWellRecords/Search.aspx?searchcommand=%7B%5BOG%20Well%20Records%5D%3A%5BAPI%20Number%5D%3D%223500321385%2A%22%7D,KIRKPATRICK FARMS,#1-7,CHESAPEAKE OPERATING LLC,PA,GAS,PLUGGED,36.91662,-98.20136,ALFALFA,7.00,28N,09W,,,,SE,IM,1420.0,W,1320.0,S
3500321386,https://public.occ.ok.gov/OGCDWellRecords/Search.aspx?searchcommand=%7B%5BOG%20Well%20Records%5D%3A%5BAPI%20Number%5D%3D%223500321386%2A%22%7D,BLEVINS,#1-19,WENTE-BLAIK EXPLORATION CO,PA,DRY,PLUGGED,36.8885227,-98.2126406,ALFALFA,19.00,28N,09W,,SE,NW,SW,IM,825.0,W,1410.0,S
3500321388,https://public.occ.ok.gov/OGCDWellRecords/Search.aspx?searchcommand=%7B%5BOG%20Well%20Records%5D%3A%5BAPI%20Number%5D%3D%223500321388%2A%22%7D,"N.C.R.F.U. (KASSIK ""A""2-35)",#4,SUPERIOR PRODUCTION LLC,AC,OIL,OIL,36.594868,-98.46606,ALFALFA,35.00,25N,12W,C,S2,SW,SW,IM,660.0,W,330.0,S
3500321389,https://public.occ.ok.gov/OGCDWellRecords/Search.aspx?searchcommand=%7B%5BOG%20Well%20Records%5D%3A%5BAPI%20Number%5D%3D%223500321389%2A%22%7D,MOSER,#1-4,OKLAND OIL COMPANY,PA,DRY,PLUGGED,36.5927075,-98.4860185,ALFALFA,4.00,24N,12W,,NE,NW,NE,IM,1650.0,E,330.0,N
3500321390,https://public.occ.ok.gov/OGCDWellRecords/Search.aspx?searchcommand=%7B%5BOG%20Well%20Records%5D%3A%5BAPI%20Number%5D%3D%223500321390%2A%22%7D,SHARE,#1-29,UNIT PETROLEUM COMPANY,PA,OIL,PLUGGED,36.708091,-98.52015,ALFALFA,29.00,26N,12W,,,NW,NW,IM,660.0,W,1980.0,S
3500321391,https://public.occ.ok.gov/OGCDWellRecords/Search.aspx?searchcommand=%7B%5BOG%20Well%20Records%5D%3A%5BAPI%20Number%5D%3D%223500321391%2A%22%7D,MILLS,#24-1,OTC/OCC NOT ASSIGNED,PA,OIL,PLUGGED,36.5382394,-98.1110165,ALFALFA,24.00,24N,09W,,NW,SW,SE,IM,330.0,W,990.0,S
3500321392,https://public.occ.ok.gov/OGCDWellRecords/Search.aspx?searchcommand=%7B%5BOG%20Well%20Records%5D%3A%5BAPI%20Number%5D%3D%223500321392%2A%22%7D,N.CARMEN REDFORK U (PRUETT#3),#11,EP ENERGY E & P COMPANY LP,PA,WSW,PLUGGED,36.593225,-98.476848,ALFALFA,3.00,24N,12W,,NE,NW,NW,IM,990.0,W,2310.0,S
3500321393,https://public.occ.ok.gov/OGCDWellRecords/Search.aspx?searchcommand=%7B%5BOG%20Well%20Records%5D%3A%5BAPI%20Number%5D%3D%223500321393%2A%22%7D,BEULAH CLARK,#1,ALTMAN ENERGY INC,PA,GAS,PLUGGED,36.9030798,-98.273458,ALFALFA,16.00,28N,10W,,SW,NE,SE,IM,1650.0,W,1650.0,S
3500321394,https://public.occ.ok.gov/OGCDWellRecords/Search.aspx?searchcommand=%7B%5BOG%20Well%20Records%5D%3A%5BAPI%20Number%5D%3D%223500321394%2A%22%7D,FORNEY,#14-1,INTERNATIONAL BUSINESS CLUB INC,PA,DRY,PLUGGED,36.8151747,-98.355698,ALFALFA,14.00,27N,11W,,,,SW,IM,1320.0,W,1320.0,S
3500321395,https://public.occ.ok.gov/OGCDWellRecords/Search.aspx?searchcommand=%7B%5BOG%20Well%20Records%5D%3A%5BAPI%20Number%5D%3D%223500321395%2A%22%7D,WILSON,#1A-28,OTC/OCC NOT ASSIGNED,PA,OIL,PLUGGED,36.8704509,-98.3906298,ALFALFA,28.00,28N,11W,,SW,SE,SW,IM,1930.0,W,610.0,S
3500321396,https://public.occ.ok.gov/OGCDWellRecords/Search.aspx?searchcommand=%7B%5BOG%20Well%20Records%5D%3A%5BAPI%20Number%5D%3D%223500321396%2A%22%7D,GOLTRY,#1-26,BCE-MACH LLC,AC,GAS,GAS,36.531982,-98.126769,ALFALFA,26.00,24N,09W,,,C,NE,IM,1320.0,W,1320.0,S
3500321397,https://public.occ.ok.gov/OGCDWellRecords/Search.aspx?searchcommand=%7B%5BOG%20Well%20Records%5D%3A%5BAPI%20Number%5D%3D%223500321397%2A%22%7D,LOIS,#2-24,DUNE RESOURCES INC,PA,DRY,PLUGGED,36.8867779,-98.3275318,ALFALFA,24.00,28N,11W,,NW,SE,SE,IM,1420.0,W,990.0,S
3500321398,https://public.occ.ok.gov/OGCDWellRecords/Search.aspx?searchcommand=%7B%5BOG%20Well%20Records%5D%3A%5BAPI%20Number%5D%3D%223500321398%2A%22%7D,LOU-MAR,#18-1,MID-CON CENTRAL EXPL CO,PA,DRY,PLUGGED,36.7335714,-98.4255302,ALFALFA,18.00,26N,11W,,,SE,NW,IM,1980.0,W,660.0,S
3500321399,https://public.occ.ok.gov/OGCDWellRecords/Search.aspx?searchcommand=%7B%5BOG%20Well%20Records%5D%3A%5BAPI%20Number%5D%3D%223500321399%2A%22%7D,GINDER,#1A-10,BURKHART PETROLEUM CORPORATION,PA,DRY,PLUGGED,36.8323754,-98.2543025,ALFALFA,10.00,27N,10W,,N2,NE,SE,IM,1880.0,W,2230.0,S
3500321400,https://public.occ.ok.gov/OGCDWellRecords/Search.aspx?searchcommand=%7B%5BOG%20Well%20Records%5D%3A%5BAPI%20Number%5D%3D%223500321400%2A%22%7D,"HORN ""B""",#1-35,SUPERIOR PRODUCTION LLC,AC,GAS,GAS,36.595775,-98.45257,ALFALFA,35.00,25N,12W,,,SE,SE,IM,660.0,E,660.0,S
3500321401,https://public.occ.ok.gov/OGCDWellRecords/Search.aspx?searchcommand=%7B%5BOG%20Well%20Records%5D%3A%5BAPI%20Number%5D%3D%223500321401%2A%22%7D,HOLDERBY,#1-21,SANDRIDGE EXPLORATION & PRODUCTION LLC,PA,OIL,PLUGGED,36.893109,-98.28136,ALFALFA,21.00,28N,10W,,,SE,NW,IM,1980.0,W,660.0,S
3500321402,https://public.occ.ok.gov/OGCDWellRecords/Search.aspx?searchcommand=%7B%5BOG%20Well%20Records%5D%3A%5BAPI%20Number%5D%3D%223500321402%2A%22%7D,RICHARDSON,#1-33,ROSEWOOD RESOURCES INC,PA,DRY,PLUGGED,36.6864633,-98.3894742,ALFALFA,33.00,26N,11W,,,CNE,SW,IM,1980.0,W,1980.0,S
3500321403,https://public.occ.ok.gov/OGCDWellRecords/Search.aspx?searchcommand=%7B%5BOG%20Well%20Records%5D%3A%5BAPI%20Number%5D%3D%223500321403%2A%22%7D,"NCRF UNIT (HUGES ""A""1-34)",#3,PRIMEXX OPERATING CORPORATION,PA,TM,PLUGGED,36.594848,-98.4750897,ALFALFA,34.00,25N,12W,,,SW,SE,IM,1980.0,E,330.0,S
3500321404,https://public.occ.ok.gov/OGCDWellRecords/Search.aspx?searchcommand=%7B%5BOG%20Well%20Records%5D%3A%5BAPI%20Number%5D%3D%223500321404%2A%22%7D,NORTH CARMEN RED FORK UNIT (ZOA #2-34),#1,SUPERIOR PRODUCTION LLC,AC,2RIn,UIC,36.59666,-98.48296,ALFALFA,34.00,25N,12W,,NE,SW,SW,IM,990.0,W,825.0,S
3500321405,https://public.occ.ok.gov/OGCDWellRecords/Search.aspx?searchcommand=%7B%5BOG%20Well%20Records%5D%3A%5BAPI%20Number%5D%3D%223500321405%2A%22%7D,"BAKER ""B""",#1-1,ANADARKO PETROLEUM CORPORATION,PA,GAS,PLUGGED,36.5846107,-98.4377453,ALFALFA,1.00,24N,12W,,,NE,SW,IM,1980.0,W,1980.0,S
3500321406,https://public.occ.ok.gov/OGCDWellRecords/Search.aspx?searchcommand=%7B%5BOG%20Well%20Records%5D%3A%5BAPI%20Number%5D%3D%223500321406%2A%22%7D,GINDER,#1-4,KAISER-FRANCIS OIL COMPANY,PA,DRY,PLUGGED,36.8423548,-98.2723278,ALFALFA,4.00,27N,10W,,,SE,SE,IM,1650.0,W,660.0,S
3500321407,https://public.occ.ok.gov/OGCDWellRecords/Search.aspx?searchcommand=%7B%5BOG%20Well%20Records%5D%3A%5BAPI%20Number%5D%3D%223500321407%2A%22%7D,CHEROKEE,#1,BECK PUMP & SUPPLY INC,PA,DRY,PLUGGED,36.7916064,-98.3624501,ALFALFA,27.00,27N,11W,,,SE,NE,IM,1980.0,W,660.0,S
3500321408,https://public.occ.ok.gov/OGCDWellRecords/Search.aspx?searchcommand=%7B%5BOG%20Well%20Records%5D%3A%5BAPI%20Number%5D%3D%223500321408%2A%22%7D,SCHANBACHER A,#1-25,ANADARKO PETROLEUM CORPORATION,PA,GAS,PLUGGED,36.6121062,-98.4457866,ALFALFA,25.00,25N,12W,,,,CSW,IM,1650.0,W,1320.0,S
3500321409,https://public.occ.ok.gov/OGCDWellRecords/Search.aspx?searchcommand=%7B%5BOG%20Well%20Records%5D%3A%5BAPI%20Number%5D%3D%223500321409%2A%22%7D,DAVIS,#1-33,MANNA CORPORATION,PA,OIL,PLUGGED,36.5984505,-98.4874944,ALFALFA,33.00,25N,12W,,SE,NE,SE,IM,2240.0,W,1400.0,S
3500321410,https://public.occ.ok.gov/OGCDWellRecords/Search.aspx?searchcommand=%7B%5BOG%20Well%20Records%5D%3A%5BAPI%20Number%5D%3D%223500321410%2A%22%7D,STATE,#A-2,CHESAPEAKE OPERATING LLC,PA,OIL,PLUGGED,36.531925,-98.5298,ALFALFA,30.00,24N,12W,,,,CNW,IM,1320.0,W,1320.0,S
3500321411,https://public.occ.ok.gov/OGCDWellRecords/Search.aspx?searchcommand=%7B%5BOG%20Well%20Records%5D%3A%5BAPI%20Number%5D%3D%223500321411%2A%22%7D,N.E. CHEROKEE UNIT,#86,MT ENERGY LLC,AC,OIL,OIL,36.809811,-98.322431,ALFALFA,19.00,27N,10W,E2,W2,NW,NW,IM,450.0,W,1980.0,S
3500321412,https://public.occ.ok.gov/OGCDWellRecords/Search.aspx?searchcommand=%7B%5BOG%20Well%20Records%5D%3A%5BAPI%20Number%5D%3D%223500321412%2A%22%7D,FRANK,#1-26,HUX OIL COMPANY LLC,AC,GAS,GAS,36.881838,-98.134616,ALFALFA,26.00,28N,09W,,C,NW,NE,IM,660.0,W,1980.0,S
3500321413,https://public.occ.ok.gov/OGCDWellRecords/Search.aspx?searchcommand=%7B%5BOG%20Well%20Records%5D%3A%5BAPI%20Number%5D%3D%223500321413%2A%22%7D,CORMACK,#1,K S OIL COMPANY INC,PA,DRY,PLUGGED,36.8821575,-98.1957409,ALFALFA,29.00,28N,09W,,,NW,NW,IM,500.0,W,2140.0,S
3500321415,https://public.occ.ok.gov/OGCDWellRecords/Search.aspx?searchcommand=%7B%5BOG%20Well%20Records%5D%3A%5BAPI%20Number%5D%3D%223500321415%2A%22%7D,KASSIK,#2-19,DIVERSIFIED PRODUCTION LLC,AC,OIL,OIL,36.546461,-98.529016,ALFALFA,19.00,24N,12W,,,C,NW,IM,1320.0,W,1320.0,S
3500321416,https://public.occ.ok.gov/OGCDWellRecords/Search.aspx?searchcommand=%7B%5BOG%20Well%20Records%5D%3A%5BAPI%20Number%5D%3D%223500321416%2A%22%7D,PRUETT,#1-18,M3V ENERGY LLC,AC,GAS,GAS,36.551996,-98.41978,ALFALFA,18.00,24N,11W,,C,SE,SW,IM,1980.0,W ,660.0,S 
3500321418,https://public.occ.ok.gov/OGCDWellRecords/Search.aspx?searchcommand=%7B%5BOG%20Well%20Records%5D%3A%5BAPI%20Number%5D%3D%223500321418%2A%22%7D,JEREMY,#1,PEDESTAL OIL COMPANY INC,PA,DRY,PLUGGED,36.8296768,-98.3117592,ALFALFA,7.00,27N,10W,,CE2,W2,SE,IM,1120.0,W,1320.0,S
3500321419,https://public.occ.ok.gov/OGCDWellRecords/Search.aspx?searchcommand=%7B%5BOG%20Well%20Records%5D%3A%5BAPI%20Number%5D%3D%223500321419%2A%22%7D,NICK,#1-8,BOGO ENERGY CORPORATION,PA,DRY,PLUGGED,36.916681,-98.3016415,ALFALFA,8.00,28N,10W,,,,CSW,IM,1320.0,W,1320.0,S
3500321420,https://public.occ.ok.gov/OGCDWellRecords/Search.aspx?searchcommand=%7B%5BOG%20Well%20Records%5D%3A%5BAPI%20Number%5D%3D%223500321420%2A%22%7D,INGRAM,#1-33,REGENCY EXPLORATION INC,PA,DRY,PLUGGED,36.6038886,-98.4919905,ALFALFA,33.00,25N,12W,,NE,SW,NE,IM,990.0,W,760.0,S
3500321421,https://public.occ.ok.gov/OGCDWellRecords/Search.aspx?searchcommand=%7B%5BOG%20Well%20Records%5D%3A%5BAPI%20Number%5D%3D%223500321421%2A%22%7D,SMITH,#1-19,REGENCY EXPLORATION INC,PA,DRY,PLUGGED,36.7136649,-98.310625,ALFALFA,19.00,26N,10W,,,,CSE,IM,1320.0,W,1270.0,S
3500321422,https://public.occ.ok.gov/OGCDWellRecords/Search.aspx?searchcommand=%7B%5BOG%20Well%20Records%5D%3A%5BAPI%20Number%5D%3D%223500321422%2A%22%7D,DOUGHTY,#1-17,PAYNE W C FAMILY TRUST,PA,DRY,PLUGGED,36.7290514,-98.4120091,ALFALFA,17.00,26N,11W,,CS2,NW,SW,IM,660.0,W,1650.0,S
3500321423,https://public.occ.ok.gov/OGCDWellRecords/Search.aspx?searchcommand=%7B%5BOG%20Well%20Records%5D%3A%5BAPI%20Number%5D%3D%223500321423%2A%22%7D,SMITH,#2-22,OCTAGON RESOURCES LLC,PA,DRY,PLUGGED,36.71638,-98.3613223,ALFALFA,22.00,26N,11W,,NE,NE,SE,IM,2310.0,W,2140.0,S
3500321424,https://public.occ.ok.gov/OGCDWellRecords/Search.aspx?searchcommand=%7B%5BOG%20Well%20Records%5D%3A%5BAPI%20Number%5D%3D%223500321424%2A%22%7D,FRECH,#1,TESSERA ENERGY LLC,OR,GAS,ORPHAN,36.541328,-98.415196,ALFALFA,19.00,24N,11W,,,CNW,SE,IM,660.0,W,1980.0,S
3500321425,https://public.occ.ok.gov/OGCDWellRecords/Search.aspx?searchcommand=%7B%5BOG%20Well%20Records%5D%3A%5BAPI%20Number%5D%3D%223500321425%2A%22%7D,LIEBRAND,#1-24,EL PASO PRODUCTION COMPANY,PA,DRY,PLUGGED,36.542011,-98.2188009,ALFALFA,24.00,24N,10W,,CNW,NW,SE,IM,330.0,W,2310.0,S
3500321427,https://public.occ.ok.gov/OGCDWellRecords/Search.aspx?searchcommand=%7B%5BOG%20Well%20Records%5D%3A%5BAPI%20Number%5D%3D%223500321427%2A%22%7D,FRECH A,#1-8,DIVERSIFIED PRODUCTION LLC,AC,GAS,GAS,36.570136,-98.39507,ALFALFA,8.00,24N,11W,S2,S2,N2,SE,IM,1320.0,W,1520.0,S
3500321428,https://public.occ.ok.gov/OGCDWellRecords/Search.aspx?searchcommand=%7B%5BOG%20Well%20Records%5D%3A%5BAPI%20Number%5D%3D%223500321428%2A%22%7D,ALFA,#3,SUPERIOR PRODUCTION LLC,AC,OIL,OIL,36.526266,-98.397106,ALFALFA,29.00,24N,11W,,,NW,SE,IM,660.0,W,1980.0,S
3500321430,https://public.occ.ok.gov/OGCDWellRecords/Search.aspx?searchcommand=%7B%5BOG%20Well%20Records%5D%3A%5BAPI%20Number%5D%3D%223500321430%2A%22%7D,ALFA,#2,A R W EXPLORATION CORP,PA,NT,PLUGGED,36.5148466,-98.3984385,ALFALFA,32.00,24N,11W,,CSW,SW,NE,IM,330.0,W,330.0,S
3500321431,https://public.occ.ok.gov/OGCDWellRecords/Search.aspx?searchcommand=%7B%5BOG%20Well%20Records%5D%3A%5BAPI%20Number%5D%3D%223500321431%2A%22%7D,T. CLARK,#1,SULLIVAN & COMPANY,PA,DRY,PLUGGED,36.9148402,-98.240795,ALFALFA,11.00,28N,10W,,,CSW,SE,IM,660.0,W,660.0,S
3500321432,https://public.occ.ok.gov/OGCDWellRecords/Search.aspx?searchcommand=%7B%5BOG%20Well%20Records%5D%3A%5BAPI%20Number%5D%3D%223500321432%2A%22%7D,"STOABS ""A""",#1-34,DEM OPERATIONS INC,AC,GAS,GAS,36.773179,-98.157662,ALFALFA,34.00,27N,09W,,,NE,SW,IM,1980.0,W,1980.0,S
3500321433,https://public.occ.ok.gov/OGCDWellRecords/Search.aspx?searchcommand=%7B%5BOG%20Well%20Records%5D%3A%5BAPI%20Number%5D%3D%223500321433%2A%22%7D,GREEN A,#2-31,DIVERSIFIED PRODUCTION LLC,AC,GAS,GAS,36.598526,-98.42776,ALFALFA,31.00,25N,11W,,,,SW,IM,0.0, ,0.0, 
3500321434,https://public.occ.ok.gov/OGCDWellRecords/Search.aspx?searchcommand=%7B%5BOG%20Well%20Records%5D%3A%5BAPI%20Number%5D%3D%223500321434%2A%22%7D,CAMPBELL,#1,DUNCAN OIL PROPERTIES INC,PA,GAS,PLUGGED,36.8785333,-98.4706017,ALFALFA,27.00,28N,12W,,,SE,NE,IM,1980.0,W,660.0,S
3500321435,https://public.occ.ok.gov/OGCDWellRecords/Search.aspx?searchcommand=%7B%5BOG%20Well%20Records%5D%3A%5BAPI%20Number%5D%3D%223500321435%2A%22%7D,MEANS B,#1-1,ANADARKO PETROLEUM CORPORATION,PA,OIL,PLUGGED,36.5877834,-98.4332501,ALFALFA,1.00,24N,12W,,,SW,NE,IM,1980.0,E,2198.0,N
3500321436,https://public.occ.ok.gov/OGCDWellRecords/Search.aspx?searchcommand=%7B%5BOG%20Well%20Records%5D%3A%5BAPI%20Number%5D%3D%223500321436%2A%22%7D,BAPTIST,#1-2,WIL-MC OIL CORPORATION THE,PA,OIL,PLUGGED,36.5927507,-98.452338,ALFALFA,2.00,24N,12W,,NW,NW,NE,IM,330.0,W,2310.0,S
3500321437,https://public.occ.ok.gov/OGCDWellRecords/Search.aspx?searchcommand=%7B%5BOG%20Well%20Records%5D%3A%5BAPI%20Number%5D%3D%223500321437%2A%22%7D,LIEBRAND,#1A-24,EL PASO PRODUCTION COMPANY,PA,DRY,PLUGGED,36.542011,-98.2188009,ALFALFA,24.00,24N,10W,,CNW,NW,SE,IM,360.0,W,2310.0,S
3500321438,https://public.occ.ok.gov/OGCDWellRecords/Search.aspx?searchcommand=%7B%5BOG%20Well%20Records%5D%3A%5BAPI%20Number%5D%3D%223500321438%2A%22%7D,KACI,#1,STONE RIVER ENERGY LLC,PA,DRY,PLUGGED,36.5736966,-98.4646826,ALFALFA,10.00,24N,12W,,,SE,NE,IM,1980.0,W,660.0,S
3500321439,https://public.occ.ok.gov/OGCDWellRecords/Search.aspx?searchcommand=%7B%5BOG%20Well%20Records%5D%3A%5BAPI%20Number%5D%3D%223500321439%2A%22%7D,FORNEY,#1-36,CARL E GUNGOLL EXPLORATION LLC,PA,DRY,PLUGGED,36.7769137,-98.1134817,ALFALFA,36.00,27N,09W,,E2,SW,NE,IM,0.0, ,0.0, 
3500321441,https://public.occ.ok.gov/OGCDWellRecords/Search.aspx?searchcommand=%7B%5BOG%20Well%20Records%5D%3A%5BAPI%20Number%5D%3D%223500321441%2A%22%7D,SMITH,#2-19,DIVERSIFIED PRODUCTION LLC,PA,OIL,PLUGGED,36.546839,-98.520648,ALFALFA,19.00,24N,12W,,,C,NE,IM,1320.0,W,1320.0,S
3500321442,https://public.occ.ok.gov/OGCDWellRecords/Search.aspx?searchcommand=%7B%5BOG%20Well%20Records%5D%3A%5BAPI%20Number%5D%3D%223500321442%2A%22%7D,SHUPBACH,#1-19,LADD PETROLEUM CORPORATION,PA,DRY,PLUGGED,36.8947686,-98.5359591,ALFALFA,19.00,28N,12W,,,,NW,IM,1320.0,W,1320.0,S
3500321443,https://public.occ.ok.gov/OGCDWellRecords/Search.aspx?searchcommand=%7B%5BOG%20Well%20Records%5D%3A%5BAPI%20Number%5D%3D%223500321443%2A%22%7D,CASTLE-TUCKER,#1-23,"RAW CRUDE OIL & GAS, L.L.C.",OR,GAS,ORPHAN,36.809475,-98.130279,ALFALFA,23.00,27N,09W,,C,NE,NE,IM,1980.0,W,1980.0,S
3500321444,https://public.occ.ok.gov/OGCDWellRecords/Search.aspx?searchcommand=%7B%5BOG%20Well%20Records%5D%3A%5BAPI%20Number%5D%3D%223500321444%2A%22%7D,COUCH,#1-18,"PETRO-MANAGEMENT ASSOC., INC.",PA,DRY,PLUGGED,36.5628399,-98.2042084,ALFALFA,18.00,24N,09W,,,CNE,NW,IM,1980.0,W,1980.0,S
3500321445,https://public.occ.ok.gov/OGCDWellRecords/Search.aspx?searchcommand=%7B%5BOG%20Well%20Records%5D%3A%5BAPI%20Number%5D%3D%223500321445%2A%22%7D,FORNEY,#2,CARL E GUNGOLL EXPLORATION INC,PA,DRY,PLUGGED,36.7760075,-98.1101021,ALFALFA,36.00,27N,09W,,CS2,SE,NE,IM,1980.0,W,330.0,S
3500321446,https://public.occ.ok.gov/OGCDWellRecords/Search.aspx?searchcommand=%7B%5BOG%20Well%20Records%5D%3A%5BAPI%20Number%5D%3D%223500321446%2A%22%7D,STEIN,#1,CHEVRON USA INC,PA,DRY,PLUGGED,36.7363236,-98.3095,ALFALFA,18.00,26N,10W,,SW,NE,NE,IM,1450.0,W,1740.0,S
3500321448,https://public.occ.ok.gov/OGCDWellRecords/Search.aspx?searchcommand=%7B%5BOG%20Well%20Records%5D%3A%5BAPI%20Number%5D%3D%223500321448%2A%22%7D,SMITH,#3-19,DIVERSIFIED PRODUCTION LLC,AC,OIL,OIL,36.539236,-98.528494,ALFALFA,19.00,24N,12W,W2,W2,E2,SW,IM,1495.0,W,1320.0,S
3500321449,https://public.occ.ok.gov/OGCDWellRecords/Search.aspx?searchcommand=%7B%5BOG%20Well%20Records%5D%3A%5BAPI%20Number%5D%3D%223500321449%2A%22%7D,BUTZ,#1,CHESAPEAKE OPERATING LLC,PA,GAS,PLUGGED,36.977698,-98.11476,ALFALFA,24.00,29N,09W,C,NW,NE,SE,IM,1650.0,W,2310.0,S
3500321450,https://public.occ.ok.gov/OGCDWellRecords/Search.aspx?searchcommand=%7B%5BOG%20Well%20Records%5D%3A%5BAPI%20Number%5D%3D%223500321450%2A%22%7D,TAYLOR,#1,CHEVRON USA INC,PA,DRY,PLUGGED,36.7254357,-98.3928583,ALFALFA,16.00,26N,11W,,SE,SW,SW,IM,990.0,W,330.0,S
3500321451,https://public.occ.ok.gov/OGCDWellRecords/Search.aspx?searchcommand=%7B%5BOG%20Well%20Records%5D%3A%5BAPI%20Number%5D%3D%223500321451%2A%22%7D,JUDY,#1-36,CARL E GUNGOLL EXPLORATION INC,PA,DRY,PLUGGED,36.7787263,-98.1157348,ALFALFA,36.00,27N,09W,,CW2,W2,NE,IM,330.0,W,1320.0,S
3500321453,https://public.occ.ok.gov/OGCDWellRecords/Search.aspx?searchcommand=%7B%5BOG%20Well%20Records%5D%3A%5BAPI%20Number%5D%3D%223500321453%2A%22%7D,AMOS,#1-23,CARL E GUNGOLL EXPLORATION INC,PA,DRY,PLUGGED,36.5447445,-98.2423808,ALFALFA,23.00,24N,10W,,,CS2,NW,IM,1320.0,W,660.0,S
3500321454,https://public.occ.ok.gov/OGCDWellRecords/Search.aspx?searchcommand=%7B%5BOG%20Well%20Records%5D%3A%5BAPI%20Number%5D%3D%223500321454%2A%22%7D,THORNBURGH A,#1-26,ANADARKO PETROLEUM CORPORATION,PA,GAS,PLUGGED,36.619586,-98.249142,ALFALFA,26.00,25N,10W,,SE,NW,NW,IM,1150.0,W,1490.0,S
3500321455,https://public.occ.ok.gov/OGCDWellRecords/Search.aspx?searchcommand=%7B%5BOG%20Well%20Records%5D%3A%5BAPI%20Number%5D%3D%223500321455%2A%22%7D,"MEANS ""C""",#1-24,AEXCO PETROLEUM INC,AC,TM,TERMINATED,36.626706,-98.437172,ALFALFA,24.00,25N,12W,,,C,SE,IM,1320.0,E ,1320.0,S 
3500321456,https://public.occ.ok.gov/OGCDWellRecords/Search.aspx?searchcommand=%7B%5BOG%20Well%20Records%5D%3A%5BAPI%20Number%5D%3D%223500321456%2A%22%7D,MEANS,#2,COG PETROLEUM CORPORATION,PA,GAS,PLUGGED,36.6366141,-98.395088,ALFALFA,21.00,25N,11W,,NW,NW,NW,IM,330.0,W,2310.0,S
3500321458,https://public.occ.ok.gov/OGCDWellRecords/Search.aspx?searchcommand=%7B%5BOG%20Well%20Records%5D%3A%5BAPI%20Number%5D%3D%223500321458%2A%22%7D,MORFORD,#1,SAMEDAN OIL CORPORATION,PA,DRY,PLUGGED,36.9842391,-98.3146144,ALFALFA,19.00,29N,10W,,,CN2,NE,IM,1320.0,W,1980.0,S
3500321459,https://public.occ.ok.gov/OGCDWellRecords/Search.aspx?searchcommand=%7B%5BOG%20Well%20Records%5D%3A%5BAPI%20Number%5D%3D%223500321459%2A%22%7D,LORI LEE,#1,DAR-LON OPERATING COMPANY,PA,OIL,PLUGGED,36.8467621,-98.1450264,ALFALFA,3.00,27N,09W,,NE,NE,SE,IM,2310.0,W,2310.0,S
3500321460,https://public.occ.ok.gov/OGCDWellRecords/Search.aspx?searchcommand=%7B%5BOG%20Well%20Records%5D%3A%5BAPI%20Number%5D%3D%223500321460%2A%22%7D,"HODGSON ""A""",#1-11,DEM OPERATIONS INC,AC,GAS,GAS,36.829677,-98.34668,ALFALFA,11.00,27N,11W,,,,CSE,IM,,,,
3500321461,https://public.occ.ok.gov/OGCDWellRecords/Search.aspx?searchcommand=%7B%5BOG%20Well%20Records%5D%3A%5BAPI%20Number%5D%3D%223500321461%2A%22%7D,"MCCRADY ""B""",#1-1,ANADARKO PETROLEUM CORPORATION,PA,DRY,PLUGGED,36.6701121,-98.4457967,ALFALFA,1.00,25N,12W,,,,CSW,IM,1320.0,W,1320.0,S
3500321462,https://public.occ.ok.gov/OGCDWellRecords/Search.aspx?searchcommand=%7B%5BOG%20Well%20Records%5D%3A%5BAPI%20Number%5D%3D%223500321462%2A%22%7D,"WEBER ""A""",#1-26,ANADARKO PETROLEUM CORPORATION,PA,DRY,PLUGGED,36.6120892,-98.4548176,ALFALFA,26.00,25N,12W,,,,CSE,IM,1320.0,E,1320.0,S
3500321463,https://public.occ.ok.gov/OGCDWellRecords/Search.aspx?searchcommand=%7B%5BOG%20Well%20Records%5D%3A%5BAPI%20Number%5D%3D%223500321463%2A%22%7D,BLACKLEDGE C,#1-27,M3V ENERGY LLC,AC,GAS,GAS,36.619192,-98.257891,ALFALFA,27.00,25N,10W,E2,E2,W2,NE,IM,1420.0,E,1320.0,N
3500321464,https://public.occ.ok.gov/OGCDWellRecords/Search.aspx?searchcommand=%7B%5BOG%20Well%20Records%5D%3A%5BAPI%20Number%5D%3D%223500321464%2A%22%7D,STRATE,#1,WIL-MC OIL CORPORATION THE,PA,OIL,PLUGGED,36.5845935,-98.4512142,ALFALFA,2.00,24N,12W,,,CNW,SE,IM,660.0,W,1980.0,S
3500321465,https://public.occ.ok.gov/OGCDWellRecords/Search.aspx?searchcommand=%7B%5BOG%20Well%20Records%5D%3A%5BAPI%20Number%5D%3D%223500321465%2A%22%7D,CHEROKITA MISENER UNIT (PATSY JO  1),#1,WESTERN MOUNTAIN RESOURCES LLC,AC,DRY,DRY,36.820354,-98.144035,ALFALFA,14.00,27N,09W,,C,SW,NW,IM,660.0,W,660.0,S
3500321466,https://public.occ.ok.gov/OGCDWellRecords/Search.aspx?searchcommand=%7B%5BOG%20Well%20Records%5D%3A%5BAPI%20Number%5D%3D%223500321466%2A%22%7D,WEIGAND,#2,COG PETROLEUM CORPORATION,PA,OIL,PLUGGED,36.6565614,-98.3635712,ALFALFA,10.00,25N,11W,,SW,NE,SE,IM,1150.0,E,1678.0,S
3500321467,https://public.occ.ok.gov/OGCDWellRecords/Search.aspx?searchcommand=%7B%5BOG%20Well%20Records%5D%3A%5BAPI%20Number%5D%3D%223500321467%2A%22%7D,WHITE,#1-26,CARL E GUNGOLL EXPLORATION INC,PA,DRY,PLUGGED,36.9588611,-98.3631677,ALFALFA,26.00,29N,11W,,W2,SW,SW,IM,330.0,W,660.0,S
3500321468,https://public.occ.ok.gov/OGCDWellRecords/Search.aspx?searchcommand=%7B%5BOG%20Well%20Records%5D%3A%5BAPI%20Number%5D%3D%223500321468%2A%22%7D,"EQUITABLE ""A""",#1-33,ANADARKO PETROLEUM CORPORATION,PA,DRY,PLUGGED,36.6039867,-98.2756927,ALFALFA,33.00,25N,10W,,NE,SW,NE,IM,1670.0,E,1470.0,N
3500321469,https://public.occ.ok.gov/OGCDWellRecords/Search.aspx?searchcommand=%7B%5BOG%20Well%20Records%5D%3A%5BAPI%20Number%5D%3D%223500321469%2A%22%7D,KASPAREK,#1-26,LADD PETROLEUM CORPORATION,PA,DRY,PLUGGED,36.8785527,-98.4661132,ALFALFA,26.00,28N,12W,,,CSW,NW,IM,660.0,W,660.0,S
3500321471,https://public.occ.ok.gov/OGCDWellRecords/Search.aspx?searchcommand=%7B%5BOG%20Well%20Records%5D%3A%5BAPI%20Number%5D%3D%223500321471%2A%22%7D,LOIS,#1-25,PETROCORP INCORPORATED,PA,DRY,PLUGGED,36.7941342,-98.1146097,ALFALFA,25.00,27N,09W,W2,SE,NW,NE,IM,740.0,W,1650.0,S
3500321472,https://public.occ.ok.gov/OGCDWellRecords/Search.aspx?searchcommand=%7B%5BOG%20Well%20Records%5D%3A%5BAPI%20Number%5D%3D%223500321472%2A%22%7D,BERNARD,#1,NFCDA ENERGY LLC,AC,GAS,GAS,36.814638,-98.303352,ALFALFA,17.00,27N,10W,NE,NE,SW,SW,IM,1155.0,W,1155.0,S
3500321473,https://public.occ.ok.gov/OGCDWellRecords/Search.aspx?searchcommand=%7B%5BOG%20Well%20Records%5D%3A%5BAPI%20Number%5D%3D%223500321473%2A%22%7D,RANDOLPH,#31-1,ALEXANDER ENERGY CORPORATION,PA,GAS,PLUGGED,36.7715071,-98.5274896,ALFALFA,31.00,27N,12W,E2,E2,W2,SE,IM,1140.0,W,1320.0,S
3500321474,https://public.occ.ok.gov/OGCDWellRecords/Search.aspx?searchcommand=%7B%5BOG%20Well%20Records%5D%3A%5BAPI%20Number%5D%3D%223500321474%2A%22%7D,GUFFY,#1,DECK OIL COMPANY,PA,DRY,PLUGGED,36.7996318,-98.1562955,ALFALFA,22.00,27N,09W,,NW,SE,SW,IM,1650.0,W,990.0,S
3500321475,https://public.occ.ok.gov/OGCDWellRecords/Search.aspx?searchcommand=%7B%5BOG%20Well%20Records%5D%3A%5BAPI%20Number%5D%3D%223500321475%2A%22%7D,HEIN,#1,DAVIS WILLIAM H,PA,DRY,PLUGGED,36.8676766,-98.4661102,ALFALFA,35.00,28N,12W,,,CNW,NW,IM,660.0,W,1980.0,S
3500321476,https://public.occ.ok.gov/OGCDWellRecords/Search.aspx?searchcommand=%7B%5BOG%20Well%20Records%5D%3A%5BAPI%20Number%5D%3D%223500321476%2A%22%7D,HUNTER,#1-8,PETROCORP INCORPORATED,PA,OIL,PLUGGED,36.8351101,-98.3016262,ALFALFA,8.00,27N,10W,,,CS2,NW,IM,0.0, ,0.0, 
3500321477,https://public.occ.ok.gov/OGCDWellRecords/Search.aspx?searchcommand=%7B%5BOG%20Well%20Records%5D%3A%5BAPI%20Number%5D%3D%223500321477%2A%22%7D,KASSIK 30,#1,HODGDEN OPERATING CO INC,PA,OIL,PLUGGED,36.6124443,-98.5274791,ALFALFA,30.00,25N,12W,SE,SE,NW,SE,IM,1400.0,W,1240.0,S
3500321478,https://public.occ.ok.gov/OGCDWellRecords/Search.aspx?searchcommand=%7B%5BOG%20Well%20Records%5D%3A%5BAPI%20Number%5D%3D%223500321478%2A%22%7D,HADWIGER,#1-18,C & D SUPPLY,PA,TM,PLUGGED,36.8160811,-98.3185213,ALFALFA,18.00,27N,10W,,SW,NE,SW,IM,0.0, ,0.0, 
3500321479,https://public.occ.ok.gov/OGCDWellRecords/Search.aspx?searchcommand=%7B%5BOG%20Well%20Records%5D%3A%5BAPI%20Number%5D%3D%223500321479%2A%22%7D,FAILES,#1,DAVIS WILLIAM H,PA,OIL,PLUGGED,36.8197061,-98.3579524,ALFALFA,14.00,27N,11W,,S2,SW,NW,IM,0.0, ,0.0, 
3500321480,https://public.occ.ok.gov/OGCDWellRecords/Search.aspx?searchcommand=%7B%5BOG%20Well%20Records%5D%3A%5BAPI%20Number%5D%3D%223500321480%2A%22%7D,STOUT,#1,DECK OIL COMPANY,PA,DRY,PLUGGED,36.7986974,-98.1281278,ALFALFA,23.00,27N,09W,,,CSE,SE,IM,1980.0,W,660.0,S
3500321481,https://public.occ.ok.gov/OGCDWellRecords/Search.aspx?searchcommand=%7B%5BOG%20Well%20Records%5D%3A%5BAPI%20Number%5D%3D%223500321481%2A%22%7D,USF&G JANE,#1-25,PETROCORP INCORPORATED,PA,OIL,PLUGGED,36.7886961,-98.1146097,ALFALFA,25.00,27N,09W,,N2,NW,SE,IM,660.0,W,2200.0,S
3500321483,https://public.occ.ok.gov/OGCDWellRecords/Search.aspx?searchcommand=%7B%5BOG%20Well%20Records%5D%3A%5BAPI%20Number%5D%3D%223500321483%2A%22%7D,USF&G MILAM,#1-24,PARK AVENUE EXPLORATION CORP,PA,DRY,PLUGGED,36.9733642,-98.3394574,ALFALFA,24.00,29N,11W,,,CSE,SW,IM,1980.0,W,660.0,S
3500321484,https://public.occ.ok.gov/OGCDWellRecords/Search.aspx?searchcommand=%7B%5BOG%20Well%20Records%5D%3A%5BAPI%20Number%5D%3D%223500321484%2A%22%7D,CIRCLE,#1,MACK ENERGY CO.,PA,DRY,PLUGGED,36.9356711,-98.4334248,ALFALFA,1.00,28N,12W,,CSE,SE,NE,IM,2310.0,W,330.0,S
3500321485,https://public.occ.ok.gov/OGCDWellRecords/Search.aspx?searchcommand=%7B%5BOG%20Well%20Records%5D%3A%5BAPI%20Number%5D%3D%223500321485%2A%22%7D,WESSELS,#1-16,INDIAN OIL COMPANY,PA,DRY,PLUGGED,36.8232231,-98.1653052,ALFALFA,16.00,27N,09W,,SW,NE,NE,IM,1650.0,W,1650.0,S
3500321486,https://public.occ.ok.gov/OGCDWellRecords/Search.aspx?searchcommand=%7B%5BOG%20Well%20Records%5D%3A%5BAPI%20Number%5D%3D%223500321486%2A%22%7D,MORFORD,#1,DAVIS WILLIAM H,PA,DRY,PLUGGED,36.9652065,-98.3140488,ALFALFA,30.00,29N,10W,W2,SW,SE,NE,IM,1440.0,W,330.0,S
3500321487,https://public.occ.ok.gov/OGCDWellRecords/Search.aspx?searchcommand=%7B%5BOG%20Well%20Records%5D%3A%5BAPI%20Number%5D%3D%223500321487%2A%22%7D,"MEANS ""F""",#1-7,ANADARKO PETROLEUM CORPORATION,PA,OIL,PLUGGED,36.5701239,-98.411914,ALFALFA,7.00,24N,11W,,W2,NE,SE,IM,1880.0,W,1980.0,S
3500321488,https://public.occ.ok.gov/OGCDWellRecords/Search.aspx?searchcommand=%7B%5BOG%20Well%20Records%5D%3A%5BAPI%20Number%5D%3D%223500321488%2A%22%7D,HERRINGTON,#3-21,CHERMAC ENERGY CORPORATION,PA,DRY,PLUGGED,36.7154666,-98.3849756,ALFALFA,21.00,26N,11W,,,NW,SE,IM,660.0,W,1980.0,S
3500321489,https://public.occ.ok.gov/OGCDWellRecords/Search.aspx?searchcommand=%7B%5BOG%20Well%20Records%5D%3A%5BAPI%20Number%5D%3D%223500321489%2A%22%7D,MOODY,#1,DAVIS OPERATING COMPANY,AC,GAS,GAS,36.820615,-98.3264,ALFALFA,13.00,27N,11W,,,SE,NE,IM,1980.0,W,660.0,S
3500321490,https://public.occ.ok.gov/OGCDWellRecords/Search.aspx?searchcommand=%7B%5BOG%20Well%20Records%5D%3A%5BAPI%20Number%5D%3D%223500321490%2A%22%7D,FRENCH,#1,DAVIS WILLIAM H,PA,DRY,PLUGGED,36.8676774,-98.4570877,ALFALFA,35.00,28N,12W,,,NW,NE,IM,660.0,W,1980.0,S
3500321491,https://public.occ.ok.gov/OGCDWellRecords/Search.aspx?searchcommand=%7B%5BOG%20Well%20Records%5D%3A%5BAPI%20Number%5D%3D%223500321491%2A%22%7D,USF&G PATTY,#1-25,PETROCORP INCORPORATED,PA,OIL,PLUGGED,36.7932277,-98.1162998,ALFALFA,25.00,27N,09W,W2,W2,W2,NE,IM,140.0,W,1320.0,S
3500321492,https://public.occ.ok.gov/OGCDWellRecords/Search.aspx?searchcommand=%7B%5BOG%20Well%20Records%5D%3A%5BAPI%20Number%5D%3D%223500321492%2A%22%7D,JAMES G. BAKER,#1-1,QUINN ENERGY CORP,PA,DRY,PLUGGED,36.8414104,-98.2329123,ALFALFA,1.00,27N,10W,,SW,SW,SW,IM,330.0,W,330.0,S
3500321493,https://public.occ.ok.gov/OGCDWellRecords/Search.aspx?searchcommand=%7B%5BOG%20Well%20Records%5D%3A%5BAPI%20Number%5D%3D%223500321493%2A%22%7D,ARMBRUSTER,#1-31,DOUGLASS DIETZ & DALEY INC,PA,OIL,PLUGGED,36.864084,-98.43119,ALFALFA,31.00,28N,11W,,W2,SW,NW,IM,330.0,W,640.0,S
3500321494,https://public.occ.ok.gov/OGCDWellRecords/Search.aspx?searchcommand=%7B%5BOG%20Well%20Records%5D%3A%5BAPI%20Number%5D%3D%223500321494%2A%22%7D,PAUL DOSS,#1-7,QUINN ENERGY CORP,PA,DRY,PLUGGED,36.8359546,-98.2143206,ALFALFA,7.00,27N,09W,E2,NW,SW,NW,IM,646.0,W,990.0,S
3500321495,https://public.occ.ok.gov/OGCDWellRecords/Search.aspx?searchcommand=%7B%5BOG%20Well%20Records%5D%3A%5BAPI%20Number%5D%3D%223500321495%2A%22%7D,USF&G JAIMEE,#1-25,PETROCORP INCORPORATED,PA,OIL,PLUGGED,36.7896026,-98.1101026,ALFALFA,25.00,27N,09W,,,CE2,E2,IM,1980.0,W,2640.0,S
3500321496,https://public.occ.ok.gov/OGCDWellRecords/Search.aspx?searchcommand=%7B%5BOG%20Well%20Records%5D%3A%5BAPI%20Number%5D%3D%223500321496%2A%22%7D,LSB MCCRADY (MCCRADY),#4,AEXCO PETROLEUM INC,AC,TM,TERMINATED,36.645656,-98.42664,ALFALFA,18.00,25N,11W,C,SW,SE,NW,IM,1650.0,W,330.0,S
3500321497,https://public.occ.ok.gov/OGCDWellRecords/Search.aspx?searchcommand=%7B%5BOG%20Well%20Records%5D%3A%5BAPI%20Number%5D%3D%223500321497%2A%22%7D,CINDY,#1-25,PETROCORP INCORPORATED,PA,OIL,PLUGGED,36.7877894,-98.1191167,ALFALFA,25.00,27N,09W,,,NE,SW,IM,1980.0,W,1980.0,S
3500321498,https://public.occ.ok.gov/OGCDWellRecords/Search.aspx?searchcommand=%7B%5BOG%20Well%20Records%5D%3A%5BAPI%20Number%5D%3D%223500321498%2A%22%7D,SCHAEFER,#1,BEASLEY OIL COMPANY,PA,GAS,PLUGGED,36.896581,-98.5382156,ALFALFA,19.00,28N,12W,,,NW,NW,IM,660.0,W,1980.0,S
3500321499,https://public.occ.ok.gov/OGCDWellRecords/Search.aspx?searchcommand=%7B%5BOG%20Well%20Records%5D%3A%5BAPI%20Number%5D%3D%223500321499%2A%22%7D,USF&G WOOD,#2-15,PARK AVENUE EXPLORATION CORP,PA,DRY,PLUGGED,36.819571,-98.1585522,ALFALFA,15.00,27N,09W,,SE,SW,NW,IM,990.0,W,330.0,S
3500321500,https://public.occ.ok.gov/OGCDWellRecords/Search.aspx?searchcommand=%7B%5BOG%20Well%20Records%5D%3A%5BAPI%20Number%5D%3D%223500321500%2A%22%7D,JACKIE,#1,MACK ENERGY CO.,PA,OIL,PLUGGED,36.850519,-98.36583,ALFALFA,3.00,27N,11W,,NE,SW,NE,IM,990.0,W,990.0,S
3500321501,https://public.occ.ok.gov/OGCDWellRecords/Search.aspx?searchcommand=%7B%5BOG%20Well%20Records%5D%3A%5BAPI%20Number%5D%3D%223500321501%2A%22%7D,USF&G HOPE,#1-25,PARK AVENUE EXPLORATION CORP,PA,GAS,PLUGGED,36.7923217,-98.1089759,ALFALFA,25.00,27N,09W,,NE,SE,NE,IM,2310.0,W,990.0,S
3500321502,https://public.occ.ok.gov/OGCDWellRecords/Search.aspx?searchcommand=%7B%5BOG%20Well%20Records%5D%3A%5BAPI%20Number%5D%3D%223500321502%2A%22%7D,JUDITH ANN,#1-36,CARL E GUNGOLL EXPLORATION INC,PA,TA ,PLUGGED,36.7787264,-98.1123552,ALFALFA,36.00,27N,09W,,,,CNE,IM,1320.0,W,1320.0,S
3500321503,https://public.occ.ok.gov/OGCDWellRecords/Search.aspx?searchcommand=%7B%5BOG%20Well%20Records%5D%3A%5BAPI%20Number%5D%3D%223500321503%2A%22%7D,"SYPLE ""A""",#1-7,ANADARKO PETROLEUM CORPORATION,PA,DRY,PLUGGED,36.6542662,-98.4266446,ALFALFA,7.00,25N,11W,,NW,SE,SW,IM,0.0, ,0.0, 
3500321504,https://public.occ.ok.gov/OGCDWellRecords/Search.aspx?searchcommand=%7B%5BOG%20Well%20Records%5D%3A%5BAPI%20Number%5D%3D%223500321504%2A%22%7D,DAVID,#1,MACK ENERGY CO.,PA,DRY,PLUGGED,36.7978187,-98.1596764,ALFALFA,22.00,27N,09W,,S2,SW,SW,IM,660.0,W,330.0,S
3500321505,https://public.occ.ok.gov/OGCDWellRecords/Search.aspx?searchcommand=%7B%5BOG%20Well%20Records%5D%3A%5BAPI%20Number%5D%3D%223500321505%2A%22%7D,USF&G NATALIE,#1-25,PARK AVENUE EXPLORATION CORP,PA,DRY,PLUGGED,36.7850707,-98.1146097,ALFALFA,25.00,27N,09W,,N2,SW,SE,IM,660.0,W,990.0,S
3500321506,https://public.occ.ok.gov/OGCDWellRecords/Search.aspx?searchcommand=%7B%5BOG%20Well%20Records%5D%3A%5BAPI%20Number%5D%3D%223500321506%2A%22%7D,MCCRADY,#7,COG PETROLEUM CORPORATION,PA,DRY,PLUGGED,36.6497347,-98.4260799,ALFALFA,18.00,25N,11W,NE,SW,NE,NW,IM,1955.0,W,1650.0,S
3500321508,https://public.occ.ok.gov/OGCDWellRecords/Search.aspx?searchcommand=%7B%5BOG%20Well%20Records%5D%3A%5BAPI%20Number%5D%3D%223500321508%2A%22%7D,GINDER,#1,BHP PETROLEUM (AMERICAS) INC,PA,DRY,PLUGGED,36.8242347,-98.362451,ALFALFA,15.00,27N,11W,,,NE,NE,IM,1980.0,W,1980.0,S
3500321509,https://public.occ.ok.gov/OGCDWellRecords/Search.aspx?searchcommand=%7B%5BOG%20Well%20Records%5D%3A%5BAPI%20Number%5D%3D%223500321509%2A%22%7D,PROVOST,#1-4,DOUGLASS DIETZ & DALEY INC,PA,DRY,PLUGGED,36.6791147,-98.496496,ALFALFA,4.00,25N,12W,,E2,NE,NW,IM,2400.0,W,1970.0,S
3500321510,https://public.occ.ok.gov/OGCDWellRecords/Search.aspx?searchcommand=%7B%5BOG%20Well%20Records%5D%3A%5BAPI%20Number%5D%3D%223500321510%2A%22%7D,POWELL,#2-13,ONEOK RESOURCES COMPANY,PA,OIL,PLUGGED,36.8213233,-98.1247569,ALFALFA,13.00,27N,09W,,NW,SW,NW,IM,330.0,W,990.0,S
3500321511,https://public.occ.ok.gov/OGCDWellRecords/Search.aspx?searchcommand=%7B%5BOG%20Well%20Records%5D%3A%5BAPI%20Number%5D%3D%223500321511%2A%22%7D,CROWDER,#1,BHP PETROLEUM (AMERICAS) INC,PA,DRY,PLUGGED,36.822427,-98.3354189,ALFALFA,13.00,27N,11W,,,E2,NW,IM,1980.0,W,1320.0,S
3500321512,https://public.occ.ok.gov/OGCDWellRecords/Search.aspx?searchcommand=%7B%5BOG%20Well%20Records%5D%3A%5BAPI%20Number%5D%3D%223500321512%2A%22%7D,ANGELA,#1-25,PETROCORP INCORPORATED,PA,OIL,PLUGGED,36.7873367,-98.1101026,ALFALFA,25.00,27N,09W,N2,S2,NE,SE,IM,1980.0,W,1900.0,S
3500321513,https://public.occ.ok.gov/OGCDWellRecords/Search.aspx?searchcommand=%7B%5BOG%20Well%20Records%5D%3A%5BAPI%20Number%5D%3D%223500321513%2A%22%7D,BAIRD,#1-18,C & D SUPPLY,PA,GAS,PLUGGED,36.8206124,-98.3219028,ALFALFA,18.00,27N,10W,,,SW,NW,IM,660.0,W,660.0,S
3500321514,https://public.occ.ok.gov/OGCDWellRecords/Search.aspx?searchcommand=%7B%5BOG%20Well%20Records%5D%3A%5BAPI%20Number%5D%3D%223500321514%2A%22%7D,NOSSAMAN FARMS,#1,MACK ENERGY CO.,PA,OIL,PLUGGED,36.8527843,-98.3669623,ALFALFA,3.00,27N,11W,N2,S2,NW,NE,IM,660.0,W,1815.0,S
3500321515,https://public.occ.ok.gov/OGCDWellRecords/Search.aspx?searchcommand=%7B%5BOG%20Well%20Records%5D%3A%5BAPI%20Number%5D%3D%223500321515%2A%22%7D,TOVER,#1,MACK ENERGY CO.,PA,DRY,PLUGGED,36.8141596,-98.1698139,ALFALFA,16.00,27N,09W,,CNW,SW,SE,IM,330.0,W,990.0,S
3500321517,https://public.occ.ok.gov/OGCDWellRecords/Search.aspx?searchcommand=%7B%5BOG%20Well%20Records%5D%3A%5BAPI%20Number%5D%3D%223500321517%2A%22%7D,ADAMS,#1-9,LADD PETROLEUM CORPORATION,PA,DRY,PLUGGED,36.8301189,-98.3866769,ALFALFA,9.00,27N,11W,SW,SW,NW,SE,IM,140.0,W,1500.0,S
3500321518,https://public.occ.ok.gov/OGCDWellRecords/Search.aspx?searchcommand=%7B%5BOG%20Well%20Records%5D%3A%5BAPI%20Number%5D%3D%223500321518%2A%22%7D,DOC,#1-36,CARL E GUNGOLL EXPLORATION INC,PA,DRY,PLUGGED,36.775554,-98.1162981,ALFALFA,36.00,27N,09W,SW,SW,SW,NE,IM,165.0,W,165.0,S
3500321519,https://public.occ.ok.gov/OGCDWellRecords/Search.aspx?searchcommand=%7B%5BOG%20Well%20Records%5D%3A%5BAPI%20Number%5D%3D%223500321519%2A%22%7D,JOHNSON,#1-24,SANTA RITA RESOURCES INC,PA,DRY,PLUGGED,36.7118527,-98.3399068,ALFALFA,24.00,26N,11W,,,SW,SW,IM,1160.0,W,660.0,S
3500321520,https://public.occ.ok.gov/OGCDWellRecords/Search.aspx?searchcommand=%7B%5BOG%20Well%20Records%5D%3A%5BAPI%20Number%5D%3D%223500321520%2A%22%7D,HOLLY,#1-25,PARK AVENUE EXPLORATION CORP,PA,DRY,PLUGGED,36.7891488,-98.1202435,ALFALFA,25.00,27N,09W,N2,NW,NE,SW,IM,1650.0,W,2500.0,S
3500321521,https://public.occ.ok.gov/OGCDWellRecords/Search.aspx?searchcommand=%7B%5BOG%20Well%20Records%5D%3A%5BAPI%20Number%5D%3D%223500321521%2A%22%7D,HUNTER,#2-8,PETROCORP INCORPORATED,PA,OIL,PLUGGED,36.8342035,-98.303881,ALFALFA,8.00,27N,10W,,S2,SW,NW,IM,660.0,W,140.0,S
3500321522,https://public.occ.ok.gov/OGCDWellRecords/Search.aspx?searchcommand=%7B%5BOG%20Well%20Records%5D%3A%5BAPI%20Number%5D%3D%223500321522%2A%22%7D,MORGAN,#1,DAVIS WILLIAM H,PA,DRY,PLUGGED,36.8459901,-98.3579584,ALFALFA,2.00,27N,11W,,,NW,SW,IM,660.0,W,1980.0,S
3500321523,https://public.occ.ok.gov/OGCDWellRecords/Search.aspx?searchcommand=%7B%5BOG%20Well%20Records%5D%3A%5BAPI%20Number%5D%3D%223500321523%2A%22%7D,JENLINK,#17-2,INVESTORS RESOURCES CORP,PA,DRY,PLUGGED,36.8214326,-98.1968562,ALFALFA,17.00,27N,09W,,CNW,SW,NW,IM,330.0,W,990.0,S
3500321524,https://public.occ.ok.gov/OGCDWellRecords/Search.aspx?searchcommand=%7B%5BOG%20Well%20Records%5D%3A%5BAPI%20Number%5D%3D%223500321524%2A%22%7D,OTT,#1,DAVIS WILLIAM H,PA,DRY,PLUGGED,36.8505022,-98.3996291,ALFALFA,5.00,27N,11W,,NW,SE,NE,IM,1650.0,W,990.0,S
3500321526,https://public.occ.ok.gov/OGCDWellRecords/Search.aspx?searchcommand=%7B%5BOG%20Well%20Records%5D%3A%5BAPI%20Number%5D%3D%223500321526%2A%22%7D,SUE,#1-7,UNIT PETROLEUM COMPANY,AC,OIL,OIL,36.834076,-98.308341,ALFALFA,7.00,27N,10W,,SE,SE,NE,IM,2310.0,W,330.0,S
3500321527,https://public.occ.ok.gov/OGCDWellRecords/Search.aspx?searchcommand=%7B%5BOG%20Well%20Records%5D%3A%5BAPI%20Number%5D%3D%223500321527%2A%22%7D,JAY,#8-1,BCE-MACH LLC,AC,GAS,GAS,36.828721,-98.199157,ALFALFA,8.00,27N,09W,C,NW,SW,SW,IM,330.0,W,990.0,S
3500321528,https://public.occ.ok.gov/OGCDWellRecords/Search.aspx?searchcommand=%7B%5BOG%20Well%20Records%5D%3A%5BAPI%20Number%5D%3D%223500321528%2A%22%7D,MCGRADY #9,##9,COG PETROLEUM CORPORATION,PA,DRY,PLUGGED,36.6492812,-98.4288915,ALFALFA,18.00,25N,11W,,SE,NW,NW,IM,1200.0,W,1650.0,S
3500321529,https://public.occ.ok.gov/OGCDWellRecords/Search.aspx?searchcommand=%7B%5BOG%20Well%20Records%5D%3A%5BAPI%20Number%5D%3D%223500321529%2A%22%7D,GRACE,#1-16,PARK AVENUE EXPLORATION CORP,PA,DRY,PLUGGED,36.8195976,-98.1698139,ALFALFA,16.00,27N,09W,,SW,SW,NE,IM,330.0,W,330.0,S
3500321530,https://public.occ.ok.gov/OGCDWellRecords/Search.aspx?searchcommand=%7B%5BOG%20Well%20Records%5D%3A%5BAPI%20Number%5D%3D%223500321530%2A%22%7D,LITTLEFIELD,#1-11,PARK AVENUE EXPLORATION CORP,PA,DRY,PLUGGED,36.8287697,-98.356828,ALFALFA,11.00,27N,11W,,CNE,SW,SW,IM,0.0, ,0.0, 
3500321531,https://public.occ.ok.gov/OGCDWellRecords/Search.aspx?searchcommand=%7B%5BOG%20Well%20Records%5D%3A%5BAPI%20Number%5D%3D%223500321531%2A%22%7D,K-F GINDER,#1A,KAISER-FRANCIS OIL COMPANY,PA,GAS,PLUGGED,36.8214983,-98.2678283,ALFALFA,15.00,27N,10W,,N2,SW,NW,IM,660.0,W,950.0,S
3500321532,https://public.occ.ok.gov/OGCDWellRecords/Search.aspx?searchcommand=%7B%5BOG%20Well%20Records%5D%3A%5BAPI%20Number%5D%3D%223500321532%2A%22%7D,LITTLEFIELD,#1-27,H2OK LLC,AC,GAS,GAS,36.788887,-98.37259,ALFALFA,27.00,27N,11W,S2,NW,NE,SW,IM,1650.0,W,2170.0,S
3500321533,https://public.occ.ok.gov/OGCDWellRecords/Search.aspx?searchcommand=%7B%5BOG%20Well%20Records%5D%3A%5BAPI%20Number%5D%3D%223500321533%2A%22%7D,SMITH,#1-8,PETROCORP INCORPORATED,PA,OIL,PLUGGED,36.8314847,-98.3016262,ALFALFA,8.00,27N,10W,,,N2,SW,IM,1320.0,W,1900.0,S
3500321534,https://public.occ.ok.gov/OGCDWellRecords/Search.aspx?searchcommand=%7B%5BOG%20Well%20Records%5D%3A%5BAPI%20Number%5D%3D%223500321534%2A%22%7D,WEBER,#1-2,TEX-STAR PRODUCTION,PA,DRY,PLUGGED,36.5918445,-98.4489666,ALFALFA,2.00,24N,12W,,,N2,NE,IM,1320.0,W,2091.0,S
3500321535,https://public.occ.ok.gov/OGCDWellRecords/Search.aspx?searchcommand=%7B%5BOG%20Well%20Records%5D%3A%5BAPI%20Number%5D%3D%223500321535%2A%22%7D,KENNETH,#1-7,UNIT PETROLEUM COMPANY,AC,OIL,OIL,36.836902,-98.311797,ALFALFA,7.00,27N,10W,,,,CNE,IM,1320.0,W,1320.0,S
3500321536,https://public.occ.ok.gov/OGCDWellRecords/Search.aspx?searchcommand=%7B%5BOG%20Well%20Records%5D%3A%5BAPI%20Number%5D%3D%223500321536%2A%22%7D,URI,#1,MACK ENERGY CO.,PA,DRY,PLUGGED,36.8532371,-98.3714727,ALFALFA,3.00,27N,11W,,,CNE,NW,IM,1980.0,W,1980.0,S
3500321537,https://public.occ.ok.gov/OGCDWellRecords/Search.aspx?searchcommand=%7B%5BOG%20Well%20Records%5D%3A%5BAPI%20Number%5D%3D%223500321537%2A%22%7D,REITZ,#1,C & D SUPPLY LLC,AC,2DNC,UIC,36.835198,-98.361492,ALFALFA,10.00,27N,11W,,C,SE,NE,IM,1980.0,W,660.0,S
3500321538,https://public.occ.ok.gov/OGCDWellRecords/Search.aspx?searchcommand=%7B%5BOG%20Well%20Records%5D%3A%5BAPI%20Number%5D%3D%223500321538%2A%22%7D,WHEELER,#1,DAVIS WILLIAM H,PA,DRY,PLUGGED,36.7915991,-98.2813402,ALFALFA,28.00,27N,10W,,,SE,NW,IM,1980.0,W,660.0,S
3500321540,https://public.occ.ok.gov/OGCDWellRecords/Search.aspx?searchcommand=%7B%5BOG%20Well%20Records%5D%3A%5BAPI%20Number%5D%3D%223500321540%2A%22%7D,LODGE,#1-29,INVESTORS RESOURCES CORP,PA,DRY,PLUGGED,36.7843557,-98.2903509,ALFALFA,29.00,27N,10W,,,SE,SE,IM,1980.0,W,660.0,S
3500321541,https://public.occ.ok.gov/OGCDWellRecords/Search.aspx?searchcommand=%7B%5BOG%20Well%20Records%5D%3A%5BAPI%20Number%5D%3D%223500321541%2A%22%7D,ANGELINE,#1,WARREN CORPORATION,PA,DRY,PLUGGED,36.8096718,-98.4542651,ALFALFA,23.00,27N,12W,W2,W2,NE,NE,IM,1438.0,W,1980.0,S
3500321542,https://public.occ.ok.gov/OGCDWellRecords/Search.aspx?searchcommand=%7B%5BOG%20Well%20Records%5D%3A%5BAPI%20Number%5D%3D%223500321542%2A%22%7D,PETE,#1-8,PETROCORP INCORPORATED,PA,OIL,PLUGGED,36.8287657,-98.3021899,ALFALFA,8.00,27N,10W,E2,NE,SW,SW,IM,1140.0,W,990.0,S
3500321543,https://public.occ.ok.gov/OGCDWellRecords/Search.aspx?searchcommand=%7B%5BOG%20Well%20Records%5D%3A%5BAPI%20Number%5D%3D%223500321543%2A%22%7D,URI,#1,MACK ENERGY CO.,PA,OIL,PLUGGED,36.8532371,-98.3714727,ALFALFA,3.00,27N,11W,,,NE,NW,IM,1880.0,W,1955.0,S
3500321544,https://public.occ.ok.gov/OGCDWellRecords/Search.aspx?searchcommand=%7B%5BOG%20Well%20Records%5D%3A%5BAPI%20Number%5D%3D%223500321544%2A%22%7D,KNOPF,#1,DAVIS WILLIAM H,PA,DRY,PLUGGED,36.8278438,-98.3973737,ALFALFA,8.00,27N,11W,,E2,SE,SE,IM,2310.0,W,660.0,S
3500321545,https://public.occ.ok.gov/OGCDWellRecords/Search.aspx?searchcommand=%7B%5BOG%20Well%20Records%5D%3A%5BAPI%20Number%5D%3D%223500321545%2A%22%7D,ORVEL,#1-7,PETROCORP INCORPORATED,PA,OIL,PLUGGED,36.8319428,-98.308377,ALFALFA,7.00,27N,10W,S2,N2,NE,SE,IM,1980.0,W,2080.0,S
3500321546,https://public.occ.ok.gov/OGCDWellRecords/Search.aspx?searchcommand=%7B%5BOG%20Well%20Records%5D%3A%5BAPI%20Number%5D%3D%223500321546%2A%22%7D,HERBERT,#1-8,PETROCORP INCORPORATED,PA,OIL,PLUGGED,36.8305787,-98.298244,ALFALFA,8.00,27N,10W,,CSE,NE,SW,IM,2310.0,W,1650.0,S
3500321547,https://public.occ.ok.gov/OGCDWellRecords/Search.aspx?searchcommand=%7B%5BOG%20Well%20Records%5D%3A%5BAPI%20Number%5D%3D%223500321547%2A%22%7D,NICK,#1,MACK ENERGY CO.,PA,OIL,PLUGGED,36.8505182,-98.3703451,ALFALFA,3.00,27N,11W,,NE,SE,NW,IM,2310.0,W,990.0,S
3500321549,https://public.occ.ok.gov/OGCDWellRecords/Search.aspx?searchcommand=%7B%5BOG%20Well%20Records%5D%3A%5BAPI%20Number%5D%3D%223500321549%2A%22%7D,MCCRADY #10,#10,COG PETROLEUM CORPORATION,STFD,GAS,STATE_FUNDS_PLUGGING,36.649104,-98.421092,ALFALFA,18.00,25N,11W,SW,SE,NW,NE,IM,0.0, ,0.0, 
3500321550,https://public.occ.ok.gov/OGCDWellRecords/Search.aspx?searchcommand=%7B%5BOG%20Well%20Records%5D%3A%5BAPI%20Number%5D%3D%223500321550%2A%22%7D,SCHOOL LAND,#1,DAVIS WILLIAM H,PA,DRY,PLUGGED,36.8133511,-98.3917476,ALFALFA,16.00,27N,11W,,,S2,SW,IM,1320.0,W,660.0,S
3500321551,https://public.occ.ok.gov/OGCDWellRecords/Search.aspx?searchcommand=%7B%5BOG%20Well%20Records%5D%3A%5BAPI%20Number%5D%3D%223500321551%2A%22%7D,LYLE HAGUE,#2-27,SWEETWATER EXPLORATION LLC,PA,GAS,PLUGGED,36.790699,-98.37259,ALFALFA,27.00,27N,11W,,CSW,SE,NW,IM,1650.0,W,330.0,S
3500321553,https://public.occ.ok.gov/OGCDWellRecords/Search.aspx?searchcommand=%7B%5BOG%20Well%20Records%5D%3A%5BAPI%20Number%5D%3D%223500321553%2A%22%7D,DOROTHY,#1,UNIT PETROLEUM COMPANY,AC,2RIn,UIC,36.825067,-98.299746,ALFALFA,17.00,27N,10W,W2,NE,NE,NW,IM,2200.0,W,2310.0,S
3500321554,https://public.occ.ok.gov/OGCDWellRecords/Search.aspx?searchcommand=%7B%5BOG%20Well%20Records%5D%3A%5BAPI%20Number%5D%3D%223500321554%2A%22%7D,HODGSON,#1H-11,NFCDA ENERGY LLC,AC,GAS,GAS,36.837833,-98.35457,ALFALFA,11.00,27N,11W,C,SW,NE,NW,IM,1650.0,W,1650.0,S
3500321555,https://public.occ.ok.gov/OGCDWellRecords/Search.aspx?searchcommand=%7B%5BOG%20Well%20Records%5D%3A%5BAPI%20Number%5D%3D%223500321555%2A%22%7D,JUANITA,#1-8,PETROCORP INCORPORATED,PA,OIL,PLUGGED,36.8378287,-98.3050084,ALFALFA,8.00,27N,10W,,CSW,NW,NW,IM,0.0, ,0.0, 
3500321556,https://public.occ.ok.gov/OGCDWellRecords/Search.aspx?searchcommand=%7B%5BOG%20Well%20Records%5D%3A%5BAPI%20Number%5D%3D%223500321556%2A%22%7D,JESS/DWCU # 2-1,#1,MACK ENERGY CO.,PA,OIL,PLUGGED,36.8564094,-98.3726027,ALFALFA,34.00,28N,11W,N2,SW,SE,SW,IM,1650.0,W,495.0,S
3500321557,https://public.occ.ok.gov/OGCDWellRecords/Search.aspx?searchcommand=%7B%5BOG%20Well%20Records%5D%3A%5BAPI%20Number%5D%3D%223500321557%2A%22%7D,GENE,#1,DAVIS WILLIAM H,PA,DRY,PLUGGED,36.793418,-98.3765347,ALFALFA,27.00,27N,11W,E2,W2,W2,NW,IM,510.0,W,1320.0,S
3500321558,https://public.occ.ok.gov/OGCDWellRecords/Search.aspx?searchcommand=%7B%5BOG%20Well%20Records%5D%3A%5BAPI%20Number%5D%3D%223500321558%2A%22%7D,JOHN,#1-7,UNIT PETROLEUM COMPANY,AC,OIL,OIL,36.839585,-98.315052,ALFALFA,7.00,27N,10W,,CNW,NW,NE,IM,330.0,W,2310.0,S
3500321559,https://public.occ.ok.gov/OGCDWellRecords/Search.aspx?searchcommand=%7B%5BOG%20Well%20Records%5D%3A%5BAPI%20Number%5D%3D%223500321559%2A%22%7D,HADWIGER,#1-19,RIVIERA OPERATING LLC,PA,GAS,PLUGGED,36.806112,-98.3095,ALFALFA,19.00,27N,10W,,CW2,SE,NE,IM,1650.0,W,660.0,S
3500321560,https://public.occ.ok.gov/OGCDWellRecords/Search.aspx?searchcommand=%7B%5BOG%20Well%20Records%5D%3A%5BAPI%20Number%5D%3D%223500321560%2A%22%7D,WOOD 10B-4,#1,ONEOK RESOURCES COMPANY,PA,DRY,PLUGGED,36.8345262,-98.1540454,ALFALFA,10.00,27N,09W,N2,SE,SE,NW,IM,2310.0,W,495.0,S
3500321561,https://public.occ.ok.gov/OGCDWellRecords/Search.aspx?searchcommand=%7B%5BOG%20Well%20Records%5D%3A%5BAPI%20Number%5D%3D%223500321561%2A%22%7D,MIKE,#1-8,UNIT PETROLEUM COMPANY,AC,2RIn,UIC,36.827793,-98.296036,ALFALFA,8.00,27N,10W,,C,SW,SE,IM,660.0,W,660.0,S
3500321562,https://public.occ.ok.gov/OGCDWellRecords/Search.aspx?searchcommand=%7B%5BOG%20Well%20Records%5D%3A%5BAPI%20Number%5D%3D%223500321562%2A%22%7D,KAREN,#1-7,UNIT PETROLEUM COMPANY,AC,OIL,OIL,36.836841,-98.308312,ALFALFA,7.00,27N,10W,C,E2,E2,NE,IM,,,,
3500321563,https://public.occ.ok.gov/OGCDWellRecords/Search.aspx?searchcommand=%7B%5BOG%20Well%20Records%5D%3A%5BAPI%20Number%5D%3D%223500321563%2A%22%7D,WEIMER,#1,MACK ENERGY CO.,PA,OIL,PLUGGED,36.854143,-98.3754194,ALFALFA,3.00,27N,11W,W2,NE,NW,NW,IM,1140.0,W,2310.0,S
3500321564,https://public.occ.ok.gov/OGCDWellRecords/Search.aspx?searchcommand=%7B%5BOG%20Well%20Records%5D%3A%5BAPI%20Number%5D%3D%223500321564%2A%22%7D,MORGAN,#1,LEGACY - M & K CORPORATION,PA,DRY,PLUGGED,36.8423656,-98.3489375,ALFALFA,2.00,27N,11W,,,CSW,SE,IM,660.0,W,660.0,S
3500321565,https://public.occ.ok.gov/OGCDWellRecords/Search.aspx?searchcommand=%7B%5BOG%20Well%20Records%5D%3A%5BAPI%20Number%5D%3D%223500321565%2A%22%7D,ROBERTS,#1-13,DARNELL BOBBY J,PA,DRY,PLUGGED,36.9102934,-98.4334244,ALFALFA,13.00,28N,12W,,CSE,NE,NE,IM,1650.0,W,1650.0,S
3500321566,https://public.occ.ok.gov/OGCDWellRecords/Search.aspx?searchcommand=%7B%5BOG%20Well%20Records%5D%3A%5BAPI%20Number%5D%3D%223500321566%2A%22%7D,LISA,#1-6,PETROCORP INCORPORATED,PA,GAS,PLUGGED,36.8414592,-98.3140155,ALFALFA,6.00,27N,10W,,SW,SW,SE,IM,330.0,W,330.0,S
3500321567,https://public.occ.ok.gov/OGCDWellRecords/Search.aspx?searchcommand=%7B%5BOG%20Well%20Records%5D%3A%5BAPI%20Number%5D%3D%223500321567%2A%22%7D,CYNTHIA,#1-8,PETROCORP INCORPORATED,PA,OIL,PLUGGED,36.8314853,-98.2948618,ALFALFA,8.00,27N,10W,,,NW,SE,IM,825.0,W,1980.0,S
3500321568,https://public.occ.ok.gov/OGCDWellRecords/Search.aspx?searchcommand=%7B%5BOG%20Well%20Records%5D%3A%5BAPI%20Number%5D%3D%223500321568%2A%22%7D,TALLEY,#1,MACK ENERGY CO.,PA,DRY,PLUGGED,36.8564089,-98.3765501,ALFALFA,34.00,28N,11W,NE,SW,SW,SW,IM,495.0,W,495.0,S
3500321569,https://public.occ.ok.gov/OGCDWellRecords/Search.aspx?searchcommand=%7B%5BOG%20Well%20Records%5D%3A%5BAPI%20Number%5D%3D%223500321569%2A%22%7D,GULF-LITTLEFIELD,#16-1,I F O EXPLORER INC,PA,DRY,PLUGGED,36.820602,-98.3894933,ALFALFA,16.00,27N,11W,,,SE,NW,IM,1980.0,W,660.0,S
3500321570,https://public.occ.ok.gov/OGCDWellRecords/Search.aspx?searchcommand=%7B%5BOG%20Well%20Records%5D%3A%5BAPI%20Number%5D%3D%223500321570%2A%22%7D,COURTNEY,#1-7,UNIT PETROLEUM COMPANY,AC,OIL,OIL,36.834057,-98.312773,ALFALFA,7.00,27N,10W,,CSE,SW,NE,IM,990.0,W,330.0,S
3500321571,https://public.occ.ok.gov/OGCDWellRecords/Search.aspx?searchcommand=%7B%5BOG%20Well%20Records%5D%3A%5BAPI%20Number%5D%3D%223500321571%2A%22%7D,K. FELLERS,#1,CMS NOMECO OIL & GAS CO,PA,DRY,PLUGGED,36.8478049,-98.3320403,ALFALFA,1.00,27N,11W,,W2,W2,E2,IM,0.0, ,0.0, 
3500321572,https://public.occ.ok.gov/OGCDWellRecords/Search.aspx?searchcommand=%7B%5BOG%20Well%20Records%5D%3A%5BAPI%20Number%5D%3D%223500321572%2A%22%7D,KNOPF,#1,AMERICAN ENERGY RECOVERY INC,PA,OIL,PLUGGED,36.8459704,-98.403012,ALFALFA,5.00,27N,11W,,,CNW,SE,IM,660.0,W,1980.0,S
3500321573,https://public.occ.ok.gov/OGCDWellRecords/Search.aspx?searchcommand=%7B%5BOG%20Well%20Records%5D%3A%5BAPI%20Number%5D%3D%223500321573%2A%22%7D,GRUNEWALD,#1-7,PETROCORP INCORPORATED,PA,OIL,PLUGGED,36.8369271,-98.3168325,ALFALFA,7.00,27N,10W,W2,E2,E2,NW,IM,2125.0,W,1320.0,S
3500321574,https://public.occ.ok.gov/OGCDWellRecords/Search.aspx?searchcommand=%7B%5BOG%20Well%20Records%5D%3A%5BAPI%20Number%5D%3D%223500321574%2A%22%7D,LOURINE/DWCU # 6-7,#1,MACK ENERGY CO.,PA,DRY,PLUGGED,36.8491591,-98.3641432,ALFALFA,3.00,27N,11W,NW,SW,SE,NE,IM,1539.0,W,502.0,S
3500321575,https://public.occ.ok.gov/OGCDWellRecords/Search.aspx?searchcommand=%7B%5BOG%20Well%20Records%5D%3A%5BAPI%20Number%5D%3D%223500321575%2A%22%7D,GIPSON,#1,"ZEIDERS BROS. OIL & GAS COMPANY, L.L.C.",AC,GAS,GAS,36.838741,-98.33993,ALFALFA,12.00,27N,11W,,C,NW,NW,IM,,,,
3500321576,https://public.occ.ok.gov/OGCDWellRecords/Search.aspx?searchcommand=%7B%5BOG%20Well%20Records%5D%3A%5BAPI%20Number%5D%3D%223500321576%2A%22%7D,K FELLERS,#1-A,DAVIS OPERATING COMPANY,AC,GAS,GAS,36.843274,-98.32753,ALFALFA,1.00,27N,11W,NW,NW,SE,SE,IM,1500.0,W,1260.0,S
3500321577,https://public.occ.ok.gov/OGCDWellRecords/Search.aspx?searchcommand=%7B%5BOG%20Well%20Records%5D%3A%5BAPI%20Number%5D%3D%223500321577%2A%22%7D,KAUL,#1,MACK ENERGY CO.,PA,OIL,PLUGGED,36.850971,-98.3742917,ALFALFA,3.00,27N,11W,NE,NE,SW,NW,IM,1311.0,W,1310.0,S
3500321578,https://public.occ.ok.gov/OGCDWellRecords/Search.aspx?searchcommand=%7B%5BOG%20Well%20Records%5D%3A%5BAPI%20Number%5D%3D%223500321578%2A%22%7D,PREWETT,#1,MOLZ OIL COMPANY INC,PA,DRY,PLUGGED,36.8282845,-98.4204718,ALFALFA,7.00,27N,11W,SW,NE,SW,SE,IM,785.0,W,930.0,S
3500321579,https://public.occ.ok.gov/OGCDWellRecords/Search.aspx?searchcommand=%7B%5BOG%20Well%20Records%5D%3A%5BAPI%20Number%5D%3D%223500321579%2A%22%7D,BOB,#1-27,SWN PRODUCTION LLC,PA,DRY,PLUGGED,36.877708,-98.3748611,ALFALFA,27.00,28N,11W,,CSE,SW,NW,IM,990.0,W,330.0,S
3500321580,https://public.occ.ok.gov/OGCDWellRecords/Search.aspx?searchcommand=%7B%5BOG%20Well%20Records%5D%3A%5BAPI%20Number%5D%3D%223500321580%2A%22%7D,RUTH,#1,DAVIS WILLIAM H,PA,DRY,PLUGGED,36.8459702,-98.4063948,ALFALFA,5.00,27N,11W,,E2,NE,SW,IM,330.0,W,1980.0,S
3500321581,https://public.occ.ok.gov/OGCDWellRecords/Search.aspx?searchcommand=%7B%5BOG%20Well%20Records%5D%3A%5BAPI%20Number%5D%3D%223500321581%2A%22%7D,BATHURST,#1-4,C & D SUPPLY LLC,AC,GAS,GAS,36.8538,-98.379285,ALFALFA,4.00,27N,11W,S2,NE,NE,NE,IM,2310.0,W,2040.0,S
3500321582,https://public.occ.ok.gov/OGCDWellRecords/Search.aspx?searchcommand=%7B%5BOG%20Well%20Records%5D%3A%5BAPI%20Number%5D%3D%223500321582%2A%22%7D,MARY BEARD,#7-1,INVESTORS RESOURCES CORP,PA,DRY,PLUGGED,36.8250579,-98.1974198,ALFALFA,17.00,27N,09W,W2,NW,NW,NW,IM,150.0,W,2310.0,S
3500321583,https://public.occ.ok.gov/OGCDWellRecords/Search.aspx?searchcommand=%7B%5BOG%20Well%20Records%5D%3A%5BAPI%20Number%5D%3D%223500321583%2A%22%7D,MERON GIPSON,#1,DAVIS OPERATING COMPANY,PA,OIL,PLUGGED,36.8323973,-98.3252744,ALFALFA,12.00,27N,11W,NE,SE,SE,NE,IM,0.0, ,0.0, 
3500321584,https://public.occ.ok.gov/OGCDWellRecords/Search.aspx?searchcommand=%7B%5BOG%20Well%20Records%5D%3A%5BAPI%20Number%5D%3D%223500321584%2A%22%7D,COMER,#3,COG PETROLEUM CORPORATION,PA,NT,PLUGGED,36.6501998,-98.4119914,ALFALFA,17.00,25N,11W,,,CNW,NW,IM,0.0, ,0.0, 
3500321585,https://public.occ.ok.gov/OGCDWellRecords/Search.aspx?searchcommand=%7B%5BOG%20Well%20Records%5D%3A%5BAPI%20Number%5D%3D%223500321585%2A%22%7D,FEIFFER,#1-15,WHEELER ENERGY COMPANY,PA,DRY,PLUGGED,36.5520085,-98.2491136,ALFALFA,15.00,24N,10W,,,SE,SE,IM,1980.0,W,660.0,S
3500321586,https://public.occ.ok.gov/OGCDWellRecords/Search.aspx?searchcommand=%7B%5BOG%20Well%20Records%5D%3A%5BAPI%20Number%5D%3D%223500321586%2A%22%7D,ROLENE,#1-16,PETROCORP INCORPORATED,PA,DRY,PLUGGED,36.8250347,-98.1788314,ALFALFA,16.00,27N,09W,,NW,NW,NW,IM,330.0,W,2310.0,S
3500321587,https://public.occ.ok.gov/OGCDWellRecords/Search.aspx?searchcommand=%7B%5BOG%20Well%20Records%5D%3A%5BAPI%20Number%5D%3D%223500321587%2A%22%7D,POWELL,#7,I F O EXPLORER INC,PA,DRY,PLUGGED,36.8158864,-98.113485,ALFALFA,13.00,27N,09W,,SE,NW,SE,IM,990.0,W,1650.0,S
3500321588,https://public.occ.ok.gov/OGCDWellRecords/Search.aspx?searchcommand=%7B%5BOG%20Well%20Records%5D%3A%5BAPI%20Number%5D%3D%223500321588%2A%22%7D,COMER #4,#4,COG PETROLEUM CORPORATION,STFD,GAS,STATE_FUNDS_PLUGGING,36.648388,-98.3985,ALFALFA,17.00,25N,11W,,,CE2,NE,IM,1980.0,W,1320.0,S
3500321589,https://public.occ.ok.gov/OGCDWellRecords/Search.aspx?searchcommand=%7B%5BOG%20Well%20Records%5D%3A%5BAPI%20Number%5D%3D%223500321589%2A%22%7D,MCCRADY #11,#11,COG PETROLEUM CORPORATION,PA,DRY,PLUGGED,36.6474691,-98.4221436,ALFALFA,18.00,25N,11W,,NW,SW,NE,IM,170.0,W,1000.0,S
3500321590,https://public.occ.ok.gov/OGCDWellRecords/Search.aspx?searchcommand=%7B%5BOG%20Well%20Records%5D%3A%5BAPI%20Number%5D%3D%223500321590%2A%22%7D,P.J.,#1,AVRA OIL CO,PA,DRY,PLUGGED,36.8358857,-98.1540454,ALFALFA,10.00,27N,09W,,NE,SE,NW,IM,2310.0,W,1050.0,S
3500321592,https://public.occ.ok.gov/OGCDWellRecords/Search.aspx?searchcommand=%7B%5BOG%20Well%20Records%5D%3A%5BAPI%20Number%5D%3D%223500321592%2A%22%7D,BURL,#1-7,DAVIS OPERATING COMPANY,AC,OIL,OIL,36.831507,-98.322875,ALFALFA,7.00,27N,10W,,,NW,SW,IM,270.0,W,2040.0,S
3500321593,https://public.occ.ok.gov/OGCDWellRecords/Search.aspx?searchcommand=%7B%5BOG%20Well%20Records%5D%3A%5BAPI%20Number%5D%3D%223500321593%2A%22%7D,ARISTIDES,#1,DECK OIL COMPANY,PA,DRY,PLUGGED,36.8341879,-98.4030107,ALFALFA,8.00,27N,11W,,CS2,SW,NE,IM,660.0,W,330.0,S
3500321594,https://public.occ.ok.gov/OGCDWellRecords/Search.aspx?searchcommand=%7B%5BOG%20Well%20Records%5D%3A%5BAPI%20Number%5D%3D%223500321594%2A%22%7D,JOANN,#1-6,UNIT PETROLEUM COMPANY,AC,OIL,OIL,36.848757,-98.322657,ALFALFA,6.00,27N,10W,,CSW,SW,NW,IM,330.0,W,330.0,S
3500321595,https://public.occ.ok.gov/OGCDWellRecords/Search.aspx?searchcommand=%7B%5BOG%20Well%20Records%5D%3A%5BAPI%20Number%5D%3D%223500321595%2A%22%7D,IRENE,#1-33,WHEELER ENERGY COMPANY,PA,DRY,PLUGGED,36.8568558,-98.3894997,ALFALFA,33.00,28N,11W,,,SE,SW,IM,1980.0,W,660.0,S
3500321596,https://public.occ.ok.gov/OGCDWellRecords/Search.aspx?searchcommand=%7B%5BOG%20Well%20Records%5D%3A%5BAPI%20Number%5D%3D%223500321596%2A%22%7D,MORGAN,#1,SWN PRODUCTION LLC,PA,DRY,PLUGGED,36.8777087,-98.3680929,ALFALFA,27.00,28N,11W,,SW,SW,NE,IM,330.0,W,330.0,S
3500321597,https://public.occ.ok.gov/OGCDWellRecords/Search.aspx?searchcommand=%7B%5BOG%20Well%20Records%5D%3A%5BAPI%20Number%5D%3D%223500321597%2A%22%7D,MARVIN,#1-12,CHESAPEAKE OPERATING LLC,PA,GAS,PLUGGED,36.838239,-98.43624,ALFALFA,12.00,27N,12W,,SW,NE,NE,IM,1360.0,W,1790.0,S
3500321598,https://public.occ.ok.gov/OGCDWellRecords/Search.aspx?searchcommand=%7B%5BOG%20Well%20Records%5D%3A%5BAPI%20Number%5D%3D%223500321598%2A%22%7D,HENDRICKS,#1-9,MOLZ OIL COMPANY INC,PA,OIL,PLUGGED,36.8355569,-98.3861132,ALFALFA,9.00,27N,11W,SE,NW,SW,NE,IM,380.0,W,840.0,S
3500321599,https://public.occ.ok.gov/OGCDWellRecords/Search.aspx?searchcommand=%7B%5BOG%20Well%20Records%5D%3A%5BAPI%20Number%5D%3D%223500321599%2A%22%7D,FELLERS,#2,NFCDA ENERGY LLC,AC,OIL,OIL,36.842469,-98.335178,ALFALFA,1.00,27N,11W,,C,SE,SW,IM,1980.0,W,660.0,S
3500321600,https://public.occ.ok.gov/OGCDWellRecords/Search.aspx?searchcommand=%7B%5BOG%20Well%20Records%5D%3A%5BAPI%20Number%5D%3D%223500321600%2A%22%7D,GLADYS,#25-1,CANVAS ENERGY LLC,AC,OIL,OIL,36.786124,-98.44582,ALFALFA,25.00,27N,12W,,,,CSW,IM,1320.0,W,1320.0,S
3500321601,https://public.occ.ok.gov/OGCDWellRecords/Search.aspx?searchcommand=%7B%5BOG%20Well%20Records%5D%3A%5BAPI%20Number%5D%3D%223500321601%2A%22%7D,IRENE,#2,CMS NOMECO OIL & GAS CO,PA,OIL,PLUGGED,36.8613868,-98.3951388,ALFALFA,33.00,28N,11W,,NW,NW,SW,IM,330.0,W,2310.0,S
3500321602,https://public.occ.ok.gov/OGCDWellRecords/Search.aspx?searchcommand=%7B%5BOG%20Well%20Records%5D%3A%5BAPI%20Number%5D%3D%223500321602%2A%22%7D,KNOPF,#2,DECK OIL COMPANY,PA,DRY,PLUGGED,36.8455174,-98.3979377,ALFALFA,5.00,27N,11W,NW,SE,NE,SE,IM,2046.0,W,1739.0,S
3500321603,https://public.occ.ok.gov/OGCDWellRecords/Search.aspx?searchcommand=%7B%5BOG%20Well%20Records%5D%3A%5BAPI%20Number%5D%3D%223500321603%2A%22%7D,GLYNN,#1,C & D SUPPLY LLC,AC,OIL,OIL,36.83511,-98.37598,ALFALFA,10.00,27N,11W,,,SW,NW,IM,,,,
3500321604,https://public.occ.ok.gov/OGCDWellRecords/Search.aspx?searchcommand=%7B%5BOG%20Well%20Records%5D%3A%5BAPI%20Number%5D%3D%223500321604%2A%22%7D,EARL,#1,DAVIS WILLIAM H,PA,DRY,PLUGGED,36.8731761,-98.3771172,ALFALFA,27.00,28N,11W,,W2,W2,SW,IM,330.0,W,1320.0,S
3500321605,https://public.occ.ok.gov/OGCDWellRecords/Search.aspx?searchcommand=%7B%5BOG%20Well%20Records%5D%3A%5BAPI%20Number%5D%3D%223500321605%2A%22%7D,WALKING BOX,#36-1,HOLDEN ENERGY CORPORATION,PA,DRY,PLUGGED,36.7732885,-98.1101021,ALFALFA,36.00,27N,09W,,,CNE,SE,IM,1980.0,W,1980.0,S
3500321608,https://public.occ.ok.gov/OGCDWellRecords/Search.aspx?searchcommand=%7B%5BOG%20Well%20Records%5D%3A%5BAPI%20Number%5D%3D%223500321608%2A%22%7D,AVARD,#30-1,SEVEN HORSES LLC,AC,GAS,GAS,36.699453,-98.52692,ALFALFA,30.00,26N,12W,S2,S2,N2,SE,IM,1320.0,W ,1600.0,S 
3500321609,https://public.occ.ok.gov/OGCDWellRecords/Search.aspx?searchcommand=%7B%5BOG%20Well%20Records%5D%3A%5BAPI%20Number%5D%3D%223500321609%2A%22%7D,SUE,#2-7,UNIT PETROLEUM COMPANY,AC,OIL,OIL,36.833986,-98.308337,ALFALFA,7.00,27N,10W,S2,SE,SE,NE,IM,2310.0,W,280.0,S
3500321610,https://public.occ.ok.gov/OGCDWellRecords/Search.aspx?searchcommand=%7B%5BOG%20Well%20Records%5D%3A%5BAPI%20Number%5D%3D%223500321610%2A%22%7D,WESSELS,#1,PETROCORP INCORPORATED,PA,P&A,PLUGGED,36.8282074,-98.1748887,ALFALFA,9.00,27N,09W,SW,NW,SE,SW,IM,1600.0,W,710.0,S
3500321611,https://public.occ.ok.gov/OGCDWellRecords/Search.aspx?searchcommand=%7B%5BOG%20Well%20Records%5D%3A%5BAPI%20Number%5D%3D%223500321611%2A%22%7D,KNOPF TRUST,#1,DAVIS WILLIAM H,PA,DRY,PLUGGED,36.8346504,-98.3889317,ALFALFA,9.00,27N,11W,NW,SE,SE,NW,IM,2260.0,W,380.0,S
3500321612,https://public.occ.ok.gov/OGCDWellRecords/Search.aspx?searchcommand=%7B%5BOG%20Well%20Records%5D%3A%5BAPI%20Number%5D%3D%223500321612%2A%22%7D,RUTH,#1-4,PETROCORP INCORPORATED,PA,DRY,PLUGGED,36.8414485,-98.3816042,ALFALFA,4.00,27N,11W,,SW,SE,SE,IM,2310.0,W,330.0,S
3500321613,https://public.occ.ok.gov/OGCDWellRecords/Search.aspx?searchcommand=%7B%5BOG%20Well%20Records%5D%3A%5BAPI%20Number%5D%3D%223500321613%2A%22%7D,GINDER,#1A-4,STP CHEROKEE INC,PA,NT,PLUGGED,36.8423548,-98.2734554,ALFALFA,4.00,27N,10W,,W2,SE,SE,IM,0.0, ,0.0, 
3500321614,https://public.occ.ok.gov/OGCDWellRecords/Search.aspx?searchcommand=%7B%5BOG%20Well%20Records%5D%3A%5BAPI%20Number%5D%3D%223500321614%2A%22%7D,VICKI,#1-10,PETROCORP INCORPORATED,PA,DRY,PLUGGED,36.8396249,-98.2689587,ALFALFA,10.00,27N,10W,,CNW,NW,NW,IM,330.0,W,2310.0,S
3500321615,https://public.occ.ok.gov/OGCDWellRecords/Search.aspx?searchcommand=%7B%5BOG%20Well%20Records%5D%3A%5BAPI%20Number%5D%3D%223500321615%2A%22%7D,CAROLYN,#1-9,PETROCORP INCORPORATED,PA,DRY,PLUGGED,36.8396357,-98.2712,ALFALFA,9.00,27N,10W,,CNE,NE,NE,IM,2310.0,W,2310.0,S
3500321616,https://public.occ.ok.gov/OGCDWellRecords/Search.aspx?searchcommand=%7B%5BOG%20Well%20Records%5D%3A%5BAPI%20Number%5D%3D%223500321616%2A%22%7D,DARRELL,#1-9,PETROCORP INCORPORATED,PA,OIL,PLUGGED,36.8304733,-98.174325,ALFALFA,9.00,27N,09W,,SW,NE,SW,IM,1650.0,W,1650.0,S
3500321617,https://public.occ.ok.gov/OGCDWellRecords/Search.aspx?searchcommand=%7B%5BOG%20Well%20Records%5D%3A%5BAPI%20Number%5D%3D%223500321617%2A%22%7D,RUBY,#36-1,CANVAS ENERGY LLC,PA,GAS,PLUGGED,36.778873,-98.44581,ALFALFA,36.00,27N,12W,,,,CNW,IM,1320.0,W,1320.0,S
3500321618,https://public.occ.ok.gov/OGCDWellRecords/Search.aspx?searchcommand=%7B%5BOG%20Well%20Records%5D%3A%5BAPI%20Number%5D%3D%223500321618%2A%22%7D,CAMPBELL,#27-1,HOLDEN ENERGY CORPORATION,PA,DRY,PLUGGED,36.8776267,-98.4751138,ALFALFA,27.00,28N,12W,,CS2,SW,NE,IM,660.0,W,330.0,S
3500321619,https://public.occ.ok.gov/OGCDWellRecords/Search.aspx?searchcommand=%7B%5BOG%20Well%20Records%5D%3A%5BAPI%20Number%5D%3D%223500321619%2A%22%7D,KNOPF,#1,CHIEFTAIN OIL CO INC,AC,GAS,GAS,36.837347,-98.43062,ALFALFA,7.00,27N,11W,SE,SW,NW,NW,IM,598.0,W,1590.0,S
3500321620,https://public.occ.ok.gov/OGCDWellRecords/Search.aspx?searchcommand=%7B%5BOG%20Well%20Records%5D%3A%5BAPI%20Number%5D%3D%223500321620%2A%22%7D,STATE,#16-1,HOLDEN ENERGY CORPORATION,EX,NT,OTHER,36.9020749,-98.4908842,ALFALFA,16.00,28N,12W,,,,CSE,IM,0.0, ,0.0, 
3500321621,https://public.occ.ok.gov/OGCDWellRecords/Search.aspx?searchcommand=%7B%5BOG%20Well%20Records%5D%3A%5BAPI%20Number%5D%3D%223500321621%2A%22%7D,FELLERS 1-31,#1-31,GLADIATOR OPERATING LLC,AC,GAS,GAS,36.856037,-98.319648,ALFALFA,31.00,28N,10W,NE,SE,SW,SW,IM,1206.0,W,360.0,S
3500321622,https://public.occ.ok.gov/OGCDWellRecords/Search.aspx?searchcommand=%7B%5BOG%20Well%20Records%5D%3A%5BAPI%20Number%5D%3D%223500321622%2A%22%7D,POWELL,#1,DECK OIL COMPANY,PA,OIL,PLUGGED,36.813167,-98.1185574,ALFALFA,13.00,27N,09W,W2,E2,SE,SW,IM,2030.0,W,660.0,S
3500321623,https://public.occ.ok.gov/OGCDWellRecords/Search.aspx?searchcommand=%7B%5BOG%20Well%20Records%5D%3A%5BAPI%20Number%5D%3D%223500321623%2A%22%7D,COX,#1-9,PETROCORP INCORPORATED,PA,OIL,PLUGGED,36.8313801,-98.168688,ALFALFA,9.00,27N,09W,,,CNW,SE,IM,660.0,W,1980.0,S
3500321624,https://public.occ.ok.gov/OGCDWellRecords/Search.aspx?searchcommand=%7B%5BOG%20Well%20Records%5D%3A%5BAPI%20Number%5D%3D%223500321624%2A%22%7D,CHEROKITA MISENER UNIT,#6W,WESTERN MOUNTAIN RESOURCES LLC,AC,OIL,OIL,36.822962,-98.131292,ALFALFA,14.00,27N,09W,C,SW,NE,NE,IM,1650.0,W,1650.0,S
3500321625,https://public.occ.ok.gov/OGCDWellRecords/Search.aspx?searchcommand=%7B%5BOG%20Well%20Records%5D%3A%5BAPI%20Number%5D%3D%223500321625%2A%22%7D,KEPHART,#2-29,AEXCO PETROLEUM INC,PA,GAS,PLUGGED,36.621326,-98.399016,ALFALFA,29.00,25N,11W,,,CNE,NE,IM,1980.0,W,1980.0,S
3500321626,https://public.occ.ok.gov/OGCDWellRecords/Search.aspx?searchcommand=%7B%5BOG%20Well%20Records%5D%3A%5BAPI%20Number%5D%3D%223500321626%2A%22%7D,CHARLES,#1-19,INDIAN OIL COMPANY,PA,DRY,PLUGGED,36.9747222,-98.3230859,ALFALFA,19.00,29N,10W,NW,NW,SE,SW,IM,1470.0,W,1266.0,S
3500321627,https://public.occ.ok.gov/OGCDWellRecords/Search.aspx?searchcommand=%7B%5BOG%20Well%20Records%5D%3A%5BAPI%20Number%5D%3D%223500321627%2A%22%7D,WOOD,#1,DECK OIL COMPANY,PA,DRY,PLUGGED,36.8313539,-98.1551728,ALFALFA,10.00,27N,09W,,,CNE,SW,IM,1980.0,W,1980.0,S
3500321628,https://public.occ.ok.gov/OGCDWellRecords/Search.aspx?searchcommand=%7B%5BOG%20Well%20Records%5D%3A%5BAPI%20Number%5D%3D%223500321628%2A%22%7D,HIGHFILL,#1,DAVIS WILLIAM H,PA,DRY,PLUGGED,36.8301304,-98.3404943,ALFALFA,12.00,27N,11W,SE,SW,NW,SW,IM,380.0,W,1540.0,S
3500321629,https://public.occ.ok.gov/OGCDWellRecords/Search.aspx?searchcommand=%7B%5BOG%20Well%20Records%5D%3A%5BAPI%20Number%5D%3D%223500321629%2A%22%7D,RUTH,#1-A-4,COG PETROLEUM CORPORATION,PA,DRY,PLUGGED,36.8414485,-98.3816042,ALFALFA,4.00,27N,11W,,SW,SE,SE,IM,1675.0,W,330.0,S
3500321630,https://public.occ.ok.gov/OGCDWellRecords/Search.aspx?searchcommand=%7B%5BOG%20Well%20Records%5D%3A%5BAPI%20Number%5D%3D%223500321630%2A%22%7D,AREBALO,#1,MARLIN OIL CORPORATION,PA,DRY,PLUGGED,36.9429533,-98.4450253,ALFALFA,36.00,29N,12W,SW,SW,SW,SE,IM,1550.0,W,330.0,S
3500321631,https://public.occ.ok.gov/OGCDWellRecords/Search.aspx?searchcommand=%7B%5BOG%20Well%20Records%5D%3A%5BAPI%20Number%5D%3D%223500321631%2A%22%7D,LABRUE,#1-9,PETROCORP INCORPORATED,PA,DRY,PLUGGED,36.8350047,-98.1771435,ALFALFA,9.00,27N,09W,W2,E2,SW,NW,IM,890.0,W,660.0,S
3500321633,https://public.occ.ok.gov/OGCDWellRecords/Search.aspx?searchcommand=%7B%5BOG%20Well%20Records%5D%3A%5BAPI%20Number%5D%3D%223500321633%2A%22%7D,REFUGE,#1-7,MARJO OPERATING COMPANY INC,PA,OIL,PLUGGED,36.828704,-98.21376,ALFALFA,7.00,27N,09W,,N2,SW,SW,IM,660.0,W,1190.0,S
3500321634,https://public.occ.ok.gov/OGCDWellRecords/Search.aspx?searchcommand=%7B%5BOG%20Well%20Records%5D%3A%5BAPI%20Number%5D%3D%223500321634%2A%22%7D,MORGAN,#2,"ZEIDERS BROS. OIL & GAS COMPANY, L.L.C.",AC,GAS,GAS,36.841913,-98.34443,ALFALFA,2.00,27N,11W,N2,S2,SE,SE,IM,1980.0,W,480.0,S
3500321636,https://public.occ.ok.gov/OGCDWellRecords/Search.aspx?searchcommand=%7B%5BOG%20Well%20Records%5D%3A%5BAPI%20Number%5D%3D%223500321636%2A%22%7D,CROWDER,#1-13,MACK ENERGY CO.,PA,DRY,PLUGGED,36.8169885,-98.3399276,ALFALFA,13.00,27N,11W,,,CNW,SW,IM,660.0,W,1980.0,S
3500321637,https://public.occ.ok.gov/OGCDWellRecords/Search.aspx?searchcommand=%7B%5BOG%20Well%20Records%5D%3A%5BAPI%20Number%5D%3D%223500321637%2A%22%7D,COX,#9D-3,PETROCORP INCORPORATED,PA,OIL,PLUGGED,36.8291143,-98.168688,ALFALFA,9.00,27N,09W,CN2,N2,SW,SE,IM,660.0,W,1155.0,S
3500321638,https://public.occ.ok.gov/OGCDWellRecords/Search.aspx?searchcommand=%7B%5BOG%20Well%20Records%5D%3A%5BAPI%20Number%5D%3D%223500321638%2A%22%7D,NEWLIN,#1,DAVIS WILLIAM H,PA,DRY,PLUGGED,36.8251238,-98.4108997,ALFALFA,17.00,27N,11W,,NE,NW,NW,IM,1000.0,W,330.0,N
3500321639,https://public.occ.ok.gov/OGCDWellRecords/Search.aspx?searchcommand=%7B%5BOG%20Well%20Records%5D%3A%5BAPI%20Number%5D%3D%223500321639%2A%22%7D,CHARLOTTE,#9A-1,WASHITA OIL & GAS LLC,PA,OIL,PLUGGED,36.8387294,-98.2723274,ALFALFA,9.00,27N,10W,,,CNE,NE,IM,1980.0,W,1980.0,S
3500321640,https://public.occ.ok.gov/OGCDWellRecords/Search.aspx?searchcommand=%7B%5BOG%20Well%20Records%5D%3A%5BAPI%20Number%5D%3D%223500321640%2A%22%7D,DO ANN,#21-1,HOLDEN ENERGY CORPORATION,PA,DRY,PLUGGED,36.8948241,-98.4886269,ALFALFA,21.00,28N,12W,,,CE2,NE,IM,1980.0,W,1320.0,S
3500321641,https://public.occ.ok.gov/OGCDWellRecords/Search.aspx?searchcommand=%7B%5BOG%20Well%20Records%5D%3A%5BAPI%20Number%5D%3D%223500321641%2A%22%7D,STATE LEASE,#1,DAVIS WILLIAM H,PA,DRY,PLUGGED,36.8215203,-98.3388004,ALFALFA,13.00,27N,11W,,CNE,SW,NW,IM,990.0,W,990.0,S
3500321642,https://public.occ.ok.gov/OGCDWellRecords/Search.aspx?searchcommand=%7B%5BOG%20Well%20Records%5D%3A%5BAPI%20Number%5D%3D%223500321642%2A%22%7D,KNOPF TRUST,#2-9,AMERICAN ENERGY RECOVERY INC,PA,OIL,PLUGGED,36.8387283,-98.394005,ALFALFA,9.00,27N,11W,,,CNW,NW,IM,660.0,W,1980.0,S
3500321643,https://public.occ.ok.gov/OGCDWellRecords/Search.aspx?searchcommand=%7B%5BOG%20Well%20Records%5D%3A%5BAPI%20Number%5D%3D%223500321643%2A%22%7D,HUNTER,#WSW 1,UNIT PETROLEUM COMPANY,AC,WSW,WATER_SUPPLY,36.824948,-98.305611,ALFALFA,17.00,27N,10W,SE,NW,NW,NW,IM,340.0,W,2205.0,S
3500321645,https://public.occ.ok.gov/OGCDWellRecords/Search.aspx?searchcommand=%7B%5BOG%20Well%20Records%5D%3A%5BAPI%20Number%5D%3D%223500321645%2A%22%7D,KING,#33-6,DLB OIL & GAS INC,PA,DRY,PLUGGED,36.8635549,-98.1737657,ALFALFA,33.00,28N,09W,NE,SW,SE,NW,IM,1810.0,W,575.0,S
3500321647,https://public.occ.ok.gov/OGCDWellRecords/Search.aspx?searchcommand=%7B%5BOG%20Well%20Records%5D%3A%5BAPI%20Number%5D%3D%223500321647%2A%22%7D,TULLIS,#2-26,SANDRIDGE EXPLORATION & PRODUCTION LLC,PA,TM,PLUGGED,36.871368,-98.35402,ALFALFA,26.00,28N,11W,E2,W2,SE,SW,IM,1930.0,W,660.0,S
3500321648,https://public.occ.ok.gov/OGCDWellRecords/Search.aspx?searchcommand=%7B%5BOG%20Well%20Records%5D%3A%5BAPI%20Number%5D%3D%223500321648%2A%22%7D,HUNTER W. MISENER UNIT,#3,DAVIS WILLIAM H,PA,DRY,PLUGGED,36.8292231,-98.3190873,ALFALFA,7.00,27N,10W,NW,NW,SE,SW,IM,1060.0,W,1250.0,S
3500321649,https://public.occ.ok.gov/OGCDWellRecords/Search.aspx?searchcommand=%7B%5BOG%20Well%20Records%5D%3A%5BAPI%20Number%5D%3D%223500321649%2A%22%7D,DAVIS,#2-25,SANDRIDGE EXPLORATION & PRODUCTION LLC,PA,TM,PLUGGED,36.882246,-98.33599,ALFALFA,25.00,28N,11W,E2,W2,NE,NW,IM,1830.0,W,1980.0,S
3500321650,https://public.occ.ok.gov/OGCDWellRecords/Search.aspx?searchcommand=%7B%5BOG%20Well%20Records%5D%3A%5BAPI%20Number%5D%3D%223500321650%2A%22%7D,SYD #1,#1,COG PETROLEUM CORPORATION,PA,OIL,PLUGGED,36.6542665,-98.4227076,ALFALFA,7.00,25N,11W,SW,NW,SW,SE,IM,50.0,W,821.0,S
3500321651,https://public.occ.ok.gov/OGCDWellRecords/Search.aspx?searchcommand=%7B%5BOG%20Well%20Records%5D%3A%5BAPI%20Number%5D%3D%223500321651%2A%22%7D,DEBBIE,#12-B,BMC PETROLEUM INC,AC,OIL,OIL,36.836914,-98.232713,ALFALFA,12.00,27N,10W,,,CW2,NW,IM,660.0,W,1320.0,S
3500321652,https://public.occ.ok.gov/OGCDWellRecords/Search.aspx?searchcommand=%7B%5BOG%20Well%20Records%5D%3A%5BAPI%20Number%5D%3D%223500321652%2A%22%7D,GRACE,#1-24,SANDRIDGE EXPLORATION & PRODUCTION LLC,PA,TM,PLUGGED,36.887231,-98.32471,ALFALFA,24.00,28N,11W,NE,NE,SE,SE,IM,0.0, ,0.0, 
3500321653,https://public.occ.ok.gov/OGCDWellRecords/Search.aspx?searchcommand=%7B%5BOG%20Well%20Records%5D%3A%5BAPI%20Number%5D%3D%223500321653%2A%22%7D,GOEKEN,#1,"RAW CRUDE OIL & GAS, L.L.C.",OR,GAS,ORPHAN,36.807891,-98.42779,ALFALFA,19.00,27N,11W,,,C,NW,IM,1320.0,W,1320.0,S
3500321654,https://public.occ.ok.gov/OGCDWellRecords/Search.aspx?searchcommand=%7B%5BOG%20Well%20Records%5D%3A%5BAPI%20Number%5D%3D%223500321654%2A%22%7D,FELLERS,#1-32,BOGO ENERGY CORPORATION,PA,DRY,PLUGGED,36.8568626,-98.2993757,ALFALFA,32.00,28N,10W,,,CSE,SW,IM,1980.0,W,660.0,S
3500321655,https://public.occ.ok.gov/OGCDWellRecords/Search.aspx?searchcommand=%7B%5BOG%20Well%20Records%5D%3A%5BAPI%20Number%5D%3D%223500321655%2A%22%7D,KNOPF,#1-8,SANTA RITA RESOURCES INC,PA,DRY,PLUGGED,36.8359997,-98.4125936,ALFALFA,8.00,27N,11W,E2,NW,SW,NW,IM,1000.0,W,990.0,S
3500321656,https://public.occ.ok.gov/OGCDWellRecords/Search.aspx?searchcommand=%7B%5BOG%20Well%20Records%5D%3A%5BAPI%20Number%5D%3D%223500321656%2A%22%7D,TCI TARRANT#1-24,#1,TODAY CONSULTING & INVESTMENT INC,PA,DRY,PLUGGED,36.6359771,-98.1235912,ALFALFA,24.00,25N,09W,S2,N2,NW,NW,IM,558.0,W,2295.0,S
3500321657,https://public.occ.ok.gov/OGCDWellRecords/Search.aspx?searchcommand=%7B%5BOG%20Well%20Records%5D%3A%5BAPI%20Number%5D%3D%223500321657%2A%22%7D,LAMBERT,#16-6,M3V ENERGY LLC,AC,OIL,OIL,36.560984,-98.49388,ALFALFA,16.00,24N,12W,,,C,NW,IM,1320.0,W,1320.0,S
3500321658,https://public.occ.ok.gov/OGCDWellRecords/Search.aspx?searchcommand=%7B%5BOG%20Well%20Records%5D%3A%5BAPI%20Number%5D%3D%223500321658%2A%22%7D,JOY,#1-12,STP CHEROKEE INC,PA,OIL,PLUGGED,36.9184496,-98.2317996,ALFALFA,12.00,28N,10W,,,CNW,SW,IM,660.0,W,1980.0,S
3500321659,https://public.occ.ok.gov/OGCDWellRecords/Search.aspx?searchcommand=%7B%5BOG%20Well%20Records%5D%3A%5BAPI%20Number%5D%3D%223500321659%2A%22%7D,GREEN,#1-14A,INVESTORS RESOURCES CORP,PA,DRY,PLUGGED,36.6469833,-98.4570686,ALFALFA,14.00,25N,12W,S2,N2,SW,NE,IM,660.0,W,821.0,S
3500321660,https://public.occ.ok.gov/OGCDWellRecords/Search.aspx?searchcommand=%7B%5BOG%20Well%20Records%5D%3A%5BAPI%20Number%5D%3D%223500321660%2A%22%7D,FELLERS,#1-20,SANDRIDGE EXPLORATION & PRODUCTION LLC,PA,OIL,PLUGGED,36.889413,-98.304942,ALFALFA,20.00,28N,10W,N2,S2,NW,SW,IM,660.0,W,1930.0,S
3500321661,https://public.occ.ok.gov/OGCDWellRecords/Search.aspx?searchcommand=%7B%5BOG%20Well%20Records%5D%3A%5BAPI%20Number%5D%3D%223500321661%2A%22%7D,ESTHER,#1-18,R E BLAIK INC,PA,DRY,PLUGGED,36.8133299,-98.4176527,ALFALFA,18.00,27N,11W,,CW2,SE,SE,IM,1650.0,W,660.0,S
3500321662,https://public.occ.ok.gov/OGCDWellRecords/Search.aspx?searchcommand=%7B%5BOG%20Well%20Records%5D%3A%5BAPI%20Number%5D%3D%223500321662%2A%22%7D,PAULA,#9C-2,PETROCORP INCORPORATED,PA,GAS,PLUGGED,36.8313793,-98.1777072,ALFALFA,9.00,27N,09W,,,CNW,SW,IM,660.0,W,1980.0,S
3500321663,https://public.occ.ok.gov/OGCDWellRecords/Search.aspx?searchcommand=%7B%5BOG%20Well%20Records%5D%3A%5BAPI%20Number%5D%3D%223500321663%2A%22%7D,FARNEY,#1,DAVIS WILLIAM H,PA,DRY,PLUGGED,36.8668251,-98.3928831,ALFALFA,33.00,28N,11W,,CSE,NW,NW,IM,990.0,W,1650.0,S
3500321664,https://public.occ.ok.gov/OGCDWellRecords/Search.aspx?searchcommand=%7B%5BOG%20Well%20Records%5D%3A%5BAPI%20Number%5D%3D%223500321664%2A%22%7D,RHONDA,#36B,PETROCORP INCORPORATED,PA,OIL,PLUGGED,36.7784694,-98.3354125,ALFALFA,36.00,27N,11W,N2,N2,SE,NW,IM,1980.0,W,1220.0,S
3500321665,https://public.occ.ok.gov/OGCDWellRecords/Search.aspx?searchcommand=%7B%5BOG%20Well%20Records%5D%3A%5BAPI%20Number%5D%3D%223500321665%2A%22%7D,VERNA,#1-12,BOGO ENERGY CORPORATION,PA,DRY,PLUGGED,36.8386923,-98.2227625,ALFALFA,12.00,27N,10W,,,CNW,NE,IM,660.0,W,1980.0,S
3500321666,https://public.occ.ok.gov/OGCDWellRecords/Search.aspx?searchcommand=%7B%5BOG%20Well%20Records%5D%3A%5BAPI%20Number%5D%3D%223500321666%2A%22%7D,FELLERS,#5-1,GLADIATOR OPERATING LLC,AC,OIL,OIL,36.849581,-98.304972,ALFALFA,5.00,27N,10W,,,CSW,NW,IM,660.0,W,660.0,S
3500321667,https://public.occ.ok.gov/OGCDWellRecords/Search.aspx?searchcommand=%7B%5BOG%20Well%20Records%5D%3A%5BAPI%20Number%5D%3D%223500321667%2A%22%7D,CLELA,#1,MT ENERGY LLC,AC,OIL,OIL,36.560948,-98.511273,ALFALFA,17.00,24N,12W,W2,W2,E2,NW,IM,1470.0,W,1320.0,S
3500321668,https://public.occ.ok.gov/OGCDWellRecords/Search.aspx?searchcommand=%7B%5BOG%20Well%20Records%5D%3A%5BAPI%20Number%5D%3D%223500321668%2A%22%7D,O.Z. SMITH,#2,TIDE WEST OIL COMPANY,PA,DRY,PLUGGED,36.8097263,-98.275144,ALFALFA,21.00,27N,10W,E2,E2,NW,NE,IM,1140.0,W,1980.0,S
3500321669,https://public.occ.ok.gov/OGCDWellRecords/Search.aspx?searchcommand=%7B%5BOG%20Well%20Records%5D%3A%5BAPI%20Number%5D%3D%223500321669%2A%22%7D,ALBY JEWEL,#1,SOONER OIL & GAS LLC,AC,GAS,GAS,36.871402,-98.293331,ALFALFA,29.00,28N,10W,W2,W2,SE,SE,IM,1440.0,W,660.0,S
3500321670,https://public.occ.ok.gov/OGCDWellRecords/Search.aspx?searchcommand=%7B%5BOG%20Well%20Records%5D%3A%5BAPI%20Number%5D%3D%223500321670%2A%22%7D,WESSELS,#1-16,QEP ENERGY COMPANY,PA,DRY,PLUGGED,36.8241292,-98.1698139,ALFALFA,16.00,27N,09W,,W2,NW,NE,IM,330.0,W,1980.0,S
3500321671,https://public.occ.ok.gov/OGCDWellRecords/Search.aspx?searchcommand=%7B%5BOG%20Well%20Records%5D%3A%5BAPI%20Number%5D%3D%223500321671%2A%22%7D,FELLERS,#3,"ZEIDERS BROS. OIL & GAS COMPANY, L.L.C.",AC,GAS,GAS,36.842366,-98.33993,ALFALFA,1.00,27N,11W,,C,SW,SW,IM,660.0,W,660.0,S
3500321672,https://public.occ.ok.gov/OGCDWellRecords/Search.aspx?searchcommand=%7B%5BOG%20Well%20Records%5D%3A%5BAPI%20Number%5D%3D%223500321672%2A%22%7D,PETE,#6-1,GLADIATOR OPERATING LLC,AC,OIL,OIL,36.849898,-98.308339,ALFALFA,6.00,27N,10W,,CE2,SE,NE,IM,2310.0,W,660.0,S
3500321673,https://public.occ.ok.gov/OGCDWellRecords/Search.aspx?searchcommand=%7B%5BOG%20Well%20Records%5D%3A%5BAPI%20Number%5D%3D%223500321673%2A%22%7D,NOSSAMAN FARMS,#1,"ZEIDERS BROS. OIL & GAS COMPANY, L.L.C.",AC,GAS,GAS,36.83874,-98.34443,ALFALFA,11.00,27N,11W,,C,NE,NE,IM,1980.0,W,1980.0,S
3500321674,https://public.occ.ok.gov/OGCDWellRecords/Search.aspx?searchcommand=%7B%5BOG%20Well%20Records%5D%3A%5BAPI%20Number%5D%3D%223500321674%2A%22%7D,STEWART,#1,MT ENERGY LLC,AC,GAS,GAS,36.570024,-98.509232,ALFALFA,8.00,24N,12W,W2,E2,NE,SW,IM,2080.0,W,1980.0,S
3500321675,https://public.occ.ok.gov/OGCDWellRecords/Search.aspx?searchcommand=%7B%5BOG%20Well%20Records%5D%3A%5BAPI%20Number%5D%3D%223500321675%2A%22%7D,JEAN,#25C-1,PETROCORP INCORPORATED,PA,DRY,PLUGGED,36.7866266,-98.3348513,ALFALFA,25.00,27N,11W,SW,SE,NE,SW,IM,2160.0,W,1620.0,S
3500321676,https://public.occ.ok.gov/OGCDWellRecords/Search.aspx?searchcommand=%7B%5BOG%20Well%20Records%5D%3A%5BAPI%20Number%5D%3D%223500321676%2A%22%7D,O.Z. SMITH,#3,FBF ENERGY LLC,AC,GAS,GAS,36.807859,-98.284843,ALFALFA,21.00,27N,10W,,,C,NW,IM,1320.0,W ,1320.0,S 
3500321677,https://public.occ.ok.gov/OGCDWellRecords/Search.aspx?searchcommand=%7B%5BOG%20Well%20Records%5D%3A%5BAPI%20Number%5D%3D%223500321677%2A%22%7D,SHIRLEY,#10D-4,PETROCORP INCORPORATED,PA,GAS,PLUGGED,36.8278437,-98.2543025,ALFALFA,10.00,27N,10W,,,CSE,SE,IM,1980.0,W,660.0,S
3500321678,https://public.occ.ok.gov/OGCDWellRecords/Search.aspx?searchcommand=%7B%5BOG%20Well%20Records%5D%3A%5BAPI%20Number%5D%3D%223500321678%2A%22%7D,LISA,#8A-4,PETROCORP INCORPORATED,PA,DRY,PLUGGED,36.8341226,-98.1833306,ALFALFA,8.00,27N,09W,,CSW,SE,NE,IM,1650.0,W,330.0,S
3500321679,https://public.occ.ok.gov/OGCDWellRecords/Search.aspx?searchcommand=%7B%5BOG%20Well%20Records%5D%3A%5BAPI%20Number%5D%3D%223500321679%2A%22%7D,ROUSH,#1-17,MT ENERGY LLC,AC,OIL,OIL,36.555529,-98.511719,ALFALFA,17.00,24N,12W,,,CN2,SW,IM,1320.0,W,1980.0,S
3500321680,https://public.occ.ok.gov/OGCDWellRecords/Search.aspx?searchcommand=%7B%5BOG%20Well%20Records%5D%3A%5BAPI%20Number%5D%3D%223500321680%2A%22%7D,BATTERTON,#1-24,DECK OIL COMPANY,PA,DRY,PLUGGED,36.809995,-98.1151744,ALFALFA,24.00,27N,09W,SE,NW,NW,NE,IM,568.0,W,2060.0,S
3500321681,https://public.occ.ok.gov/OGCDWellRecords/Search.aspx?searchcommand=%7B%5BOG%20Well%20Records%5D%3A%5BAPI%20Number%5D%3D%223500321681%2A%22%7D,COLLEEN,#1-18,R E BLAIK INC,PA,DRY,PLUGGED,36.8169551,-98.4210342,ALFALFA,18.00,27N,11W,,,CNW,SE,IM,660.0,W,1980.0,S
3500321682,https://public.occ.ok.gov/OGCDWellRecords/Search.aspx?searchcommand=%7B%5BOG%20Well%20Records%5D%3A%5BAPI%20Number%5D%3D%223500321682%2A%22%7D,PATSY,#1-10,MACK ENERGY CO.,PA,OIL,PLUGGED,36.8358852,-98.158555,ALFALFA,10.00,27N,09W,,CNE,SW,NW,IM,990.0,W,990.0,S
3500321683,https://public.occ.ok.gov/OGCDWellRecords/Search.aspx?searchcommand=%7B%5BOG%20Well%20Records%5D%3A%5BAPI%20Number%5D%3D%223500321683%2A%22%7D,DAN,#2-8,BOGO ENERGY CORPORATION,PA,OIL,PLUGGED,36.8309503,-98.184458,ALFALFA,8.00,27N,09W,N2,S2,N2,SE,IM,1320.0,W,1885.0,S
3500321684,https://public.occ.ok.gov/OGCDWellRecords/Search.aspx?searchcommand=%7B%5BOG%20Well%20Records%5D%3A%5BAPI%20Number%5D%3D%223500321684%2A%22%7D,ARISTIDES,#2-8,DECK OIL COMPANY,PA,DRY,PLUGGED,36.48769444444444,-98.16983333333334,ALFALFA,8.00,27N,11W,,CSE,NW,NE,IM,990.0,W,1650.0,S
3500321685,https://public.occ.ok.gov/OGCDWellRecords/Search.aspx?searchcommand=%7B%5BOG%20Well%20Records%5D%3A%5BAPI%20Number%5D%3D%223500321685%2A%22%7D,SHERRY,#10C-1,UNIT PETROLEUM COMPANY,AC,GAS,GAS,36.832289,-98.263188,ALFALFA,10.00,27N,10W,E2,NE,NE,SW,IM,0.0, ,0.0, 
3500321687,https://public.occ.ok.gov/OGCDWellRecords/Search.aspx?searchcommand=%7B%5BOG%20Well%20Records%5D%3A%5BAPI%20Number%5D%3D%223500321687%2A%22%7D,KASPAREK,#27-2,HOLDEN ENERGY CORPORATION,EX,NT,OTHER,36.8712826,-98.4706017,ALFALFA,27.00,28N,12W,,,CSE,SE,IM,0.0, ,0.0, 
3500321688,https://public.occ.ok.gov/OGCDWellRecords/Search.aspx?searchcommand=%7B%5BOG%20Well%20Records%5D%3A%5BAPI%20Number%5D%3D%223500321688%2A%22%7D,GUFFY,#1-5,STP CHEROKEE INC,PA,OIL,PLUGGED,36.8487057,-98.2959907,ALFALFA,5.00,27N,10W,,SW,SW,NE,IM,330.0,W,330.0,S
3500321689,https://public.occ.ok.gov/OGCDWellRecords/Search.aspx?searchcommand=%7B%5BOG%20Well%20Records%5D%3A%5BAPI%20Number%5D%3D%223500321689%2A%22%7D,TCI CAMPBELL,#1-13,TODAY CONSULTING & INVESTMENT INC,PA,DRY,PLUGGED,36.6436805,-98.1247188,ALFALFA,13.00,25N,09W,,CNW,NW,SW,IM,0.0, ,0.0, 
3500321690,https://public.occ.ok.gov/OGCDWellRecords/Search.aspx?searchcommand=%7B%5BOG%20Well%20Records%5D%3A%5BAPI%20Number%5D%3D%223500321690%2A%22%7D,COMER,#5,COG PETROLEUM CORPORATION,EX,NT,OTHER,36.6384175,-98.4074928,ALFALFA,17.00,25N,11W,,CS2,SE,SW,IM,0.0, ,0.0, 
3500321691,https://public.occ.ok.gov/OGCDWellRecords/Search.aspx?searchcommand=%7B%5BOG%20Well%20Records%5D%3A%5BAPI%20Number%5D%3D%223500321691%2A%22%7D,WHITE,#4,COG PETROLEUM CORPORATION,EX,NT,OTHER,36.6293424,-98.4210177,ALFALFA,19.00,25N,11W,,CN2,NW,SE,IM,0.0, ,0.0, 
3500321692,https://public.occ.ok.gov/OGCDWellRecords/Search.aspx?searchcommand=%7B%5BOG%20Well%20Records%5D%3A%5BAPI%20Number%5D%3D%223500321692%2A%22%7D,CRISSUP,#1-12,NORTHWEST OIL COMPANY,PA,DRY,PLUGGED,36.8314413,-98.2272721,ALFALFA,12.00,27N,10W,,,CNE,SW,IM,1980.0,W,1980.0,S
3500321693,https://public.occ.ok.gov/OGCDWellRecords/Search.aspx?searchcommand=%7B%5BOG%20Well%20Records%5D%3A%5BAPI%20Number%5D%3D%223500321693%2A%22%7D,FELLERS,#5-2,GLADIATOR OPERATING LLC,AC,DRY,DRY,36.845582,-98.297077,ALFALFA,5.00,27N,10W,,CW2,NW,SE,IM,330.0,W,1980.0,S
3500321694,https://public.occ.ok.gov/OGCDWellRecords/Search.aspx?searchcommand=%7B%5BOG%20Well%20Records%5D%3A%5BAPI%20Number%5D%3D%223500321694%2A%22%7D,JANET,#19C-4,C & D SUPPLY,PA,GAS,PLUGGED,36.88594444444444,-98.31774999999999,ALFALFA,19.00,28N,10W,,,SE,SW,IM,1750.0,W,660.0,S
3500321695,https://public.occ.ok.gov/OGCDWellRecords/Search.aspx?searchcommand=%7B%5BOG%20Well%20Records%5D%3A%5BAPI%20Number%5D%3D%223500321695%2A%22%7D,GUFFY,#2-5,GLADIATOR OPERATING LLC,AC,OIL,OIL,36.844986,-98.292469,ALFALFA,5.00,27N,10W,,CSW,NE,SE,IM,1650.0,W,1650.0,S
3500321696,https://public.occ.ok.gov/OGCDWellRecords/Search.aspx?searchcommand=%7B%5BOG%20Well%20Records%5D%3A%5BAPI%20Number%5D%3D%223500321696%2A%22%7D,PETE,#6-2,GLADIATOR OPERATING LLC,AC,OIL,OIL,36.853157,-98.308199,ALFALFA,6.00,27N,10W,,CNE,NE,NE,IM,0.0, ,0.0, 
3500321697,https://public.occ.ok.gov/OGCDWellRecords/Search.aspx?searchcommand=%7B%5BOG%20Well%20Records%5D%3A%5BAPI%20Number%5D%3D%223500321697%2A%22%7D,WHITE,#1-14,ENERGAS CORP,PA,OIL,PLUGGED,36.9098879,-98.3495068,ALFALFA,14.00,28N,11W,SE,SW,NW,NE,IM,641.0,W,1642.0,S
3500321699,https://public.occ.ok.gov/OGCDWellRecords/Search.aspx?searchcommand=%7B%5BOG%20Well%20Records%5D%3A%5BAPI%20Number%5D%3D%223500321699%2A%22%7D,STEIN,#1-17,BRG PETROLEUM INC,PA,DRY,PLUGGED,36.8241518,-98.195729,ALFALFA,17.00,27N,09W,,,CNW,NW,IM,660.0,W,1980.0,S
3500321700,https://public.occ.ok.gov/OGCDWellRecords/Search.aspx?searchcommand=%7B%5BOG%20Well%20Records%5D%3A%5BAPI%20Number%5D%3D%223500321700%2A%22%7D,GINDER,#2-4,STP CHEROKEE INC,PA,DRY,PLUGGED,36.84326,-98.2869868,ALFALFA,4.00,27N,10W,,CNW,SW,SW,IM,0.0, ,0.0, 
3500321701,https://public.occ.ok.gov/OGCDWellRecords/Search.aspx?searchcommand=%7B%5BOG%20Well%20Records%5D%3A%5BAPI%20Number%5D%3D%223500321701%2A%22%7D,ALLENBACH,#1,SOUTHWESTERN EXPLORATION CONSULTANTS INC,PA,DRY,PLUGGED,36.9003598,-98.3940199,ALFALFA,16.00,28N,11W,,,CSW,SW,IM,660.0,W,660.0,S
3500321702,https://public.occ.ok.gov/OGCDWellRecords/Search.aspx?searchcommand=%7B%5BOG%20Well%20Records%5D%3A%5BAPI%20Number%5D%3D%223500321702%2A%22%7D,JOHNSTON,#6-12,DLB OIL & GAS INC,PA,DRY,PLUGGED,36.498842,-98.5326045,ALFALFA,6.00,23N,12W,NE,NW,NW,SW,IM,440.0,W,2500.0,S
3500321703,https://public.occ.ok.gov/OGCDWellRecords/Search.aspx?searchcommand=%7B%5BOG%20Well%20Records%5D%3A%5BAPI%20Number%5D%3D%223500321703%2A%22%7D,SCHNEIDER,#3,"RAW CRUDE OIL & GAS, L.L.C.",OR,OIL,ORPHAN,36.496942,-98.181844,ALFALFA,5.00,23N,09W,C,SE,NW,SE,IM,990.0,W,1650.0,S
3500321704,https://public.occ.ok.gov/OGCDWellRecords/Search.aspx?searchcommand=%7B%5BOG%20Well%20Records%5D%3A%5BAPI%20Number%5D%3D%223500321704%2A%22%7D,SUSIE,#30B-1,PETROCORP INCORPORATED,PA,DRY,PLUGGED,36.8813377,-98.3185306,ALFALFA,30.00,28N,10W,,SW,NE,NW,IM,1320.0,W,1836.0,S
3500321705,https://public.occ.ok.gov/OGCDWellRecords/Search.aspx?searchcommand=%7B%5BOG%20Well%20Records%5D%3A%5BAPI%20Number%5D%3D%223500321705%2A%22%7D,SHERRI DAWN,#20B-1,PETROCORP INCORPORATED,PA,DRY,PLUGGED,36.9842346,-98.3016314,ALFALFA,20.00,29N,10W,E2,E2,NE,NW,IM,2460.0,W,1980.0,S
3500321706,https://public.occ.ok.gov/OGCDWellRecords/Search.aspx?searchcommand=%7B%5BOG%20Well%20Records%5D%3A%5BAPI%20Number%5D%3D%223500321706%2A%22%7D,FELLERS,#31-1,GLADIATOR OPERATING LLC,AC,OIL,OIL,36.857096,-98.309956,ALFALFA,31.00,28N,10W,,C,SE,SE,IM,1980.0,W ,660.0,S 
3500321707,https://public.occ.ok.gov/OGCDWellRecords/Search.aspx?searchcommand=%7B%5BOG%20Well%20Records%5D%3A%5BAPI%20Number%5D%3D%223500321707%2A%22%7D,DEE DEE,#18-4,PALEO INC,AC,GAS,GAS,36.907103,-98.424379,ALFALFA,18.00,28N,11W,NW,SE,SE,NW,IM,0.0, ,0.0, 
3500321708,https://public.occ.ok.gov/OGCDWellRecords/Search.aspx?searchcommand=%7B%5BOG%20Well%20Records%5D%3A%5BAPI%20Number%5D%3D%223500321708%2A%22%7D,MARY JACK,#1A,SIOSI OIL & GAS COMPANY,PA,DRY,PLUGGED,36.8863115,-98.285304,ALFALFA,21.00,28N,10W,SW,NE,SW,SW,IM,0.0, ,0.0, 
3500321709,https://public.occ.ok.gov/OGCDWellRecords/Search.aspx?searchcommand=%7B%5BOG%20Well%20Records%5D%3A%5BAPI%20Number%5D%3D%223500321709%2A%22%7D,CRISSUP,#1-12,BOGO ENERGY CORPORATION,PA,DRY,PLUGGED,36.8350661,-98.2317817,ALFALFA,12.00,27N,10W,,,CSW,NW,IM,660.0,W,660.0,S
3500321710,https://public.occ.ok.gov/OGCDWellRecords/Search.aspx?searchcommand=%7B%5BOG%20Well%20Records%5D%3A%5BAPI%20Number%5D%3D%223500321710%2A%22%7D,YORK,#9B-2,PETROCORP INCORPORATED,PA,DRY,PLUGGED,36.8387283,-98.2858562,ALFALFA,9.00,27N,10W,,,CNW,NW,IM,660.0,W,1980.0,S
3500321711,https://public.occ.ok.gov/OGCDWellRecords/Search.aspx?searchcommand=%7B%5BOG%20Well%20Records%5D%3A%5BAPI%20Number%5D%3D%223500321711%2A%22%7D,WILSON FARMS,#2-1,EOG RESOURCES INC,PA,DRY,PLUGGED,36.851881,-98.3596498,ALFALFA,2.00,27N,11W,SW,SW,NW,NW,IM,330.0,W,1440.0,S
3500321712,https://public.occ.ok.gov/OGCDWellRecords/Search.aspx?searchcommand=%7B%5BOG%20Well%20Records%5D%3A%5BAPI%20Number%5D%3D%223500321712%2A%22%7D,FOLZ,#1-1,BCE-MACH LLC,AC,OIL,OIL,36.847365,-98.232528,ALFALFA,1.00,27N,10W,NW,NE,NW,SW,IM,700.0,W ,2500.0,S 
3500321713,https://public.occ.ok.gov/OGCDWellRecords/Search.aspx?searchcommand=%7B%5BOG%20Well%20Records%5D%3A%5BAPI%20Number%5D%3D%223500321713%2A%22%7D,TUCKER,#19-13,DLB OIL & GAS INC,PA,DRY,PLUGGED,36.6261367,-98.2120288,ALFALFA,19.00,25N,09W,NE,NE,SW,SW,IM,1100.0,W,1130.0,S
3500321714,https://public.occ.ok.gov/OGCDWellRecords/Search.aspx?searchcommand=%7B%5BOG%20Well%20Records%5D%3A%5BAPI%20Number%5D%3D%223500321714%2A%22%7D,TANNER,#19-1,EOG RESOURCES INC,EX,NT,OTHER,36.8976197,-98.4170917,ALFALFA,19.00,28N,11W,E2,NW,NE,NE,IM,0.0, ,0.0, 
3500321715,https://public.occ.ok.gov/OGCDWellRecords/Search.aspx?searchcommand=%7B%5BOG%20Well%20Records%5D%3A%5BAPI%20Number%5D%3D%223500321715%2A%22%7D,GARVIE,#19-1,EOG RESOURCES INC,PA,DRY,PLUGGED,36.8962596,-98.4261177,ALFALFA,19.00,28N,11W,,,CNE,NW,IM,1926.0,W,1815.0,S
3500321716,https://public.occ.ok.gov/OGCDWellRecords/Search.aspx?searchcommand=%7B%5BOG%20Well%20Records%5D%3A%5BAPI%20Number%5D%3D%223500321716%2A%22%7D,SYNDA,#17-1,EOG RESOURCES INC,PA,P&A,PLUGGED,36.8994437,-98.4131733,ALFALFA,17.00,28N,11W,,CW2,NW,SW,IM,330.0,W,1980.0,S
3500321717,https://public.occ.ok.gov/OGCDWellRecords/Search.aspx?searchcommand=%7B%5BOG%20Well%20Records%5D%3A%5BAPI%20Number%5D%3D%223500321717%2A%22%7D,STUCKEY,#20-1,BUMBLEBEE ENERGY LLC,AC,GAS,GAS,36.897631,-98.41317,ALFALFA,20.00,28N,11W,C,NW,NW,NW,IM,0.0, ,0.0, 
3500321718,https://public.occ.ok.gov/OGCDWellRecords/Search.aspx?searchcommand=%7B%5BOG%20Well%20Records%5D%3A%5BAPI%20Number%5D%3D%223500321718%2A%22%7D,MORGAN,#27-2,SMITH CONLEY P OPERATING CO,PA,OIL,PLUGGED,36.8817873,-98.3664008,ALFALFA,27.00,28N,11W,NW,SE,NW,NE,IM,778.0,W,1900.0,S
3500321719,https://public.occ.ok.gov/OGCDWellRecords/Search.aspx?searchcommand=%7B%5BOG%20Well%20Records%5D%3A%5BAPI%20Number%5D%3D%223500321719%2A%22%7D,SCHUPBACH,#1-5,SMITH CONLEY P OPERATING CO,PA,DRY,PLUGGED,36.9365763,-98.4481004,ALFALFA,1.00,28N,12W,,,CSW,NW,IM,660.0,W,573.0,S
3500321720,https://public.occ.ok.gov/OGCDWellRecords/Search.aspx?searchcommand=%7B%5BOG%20Well%20Records%5D%3A%5BAPI%20Number%5D%3D%223500321720%2A%22%7D,SCHUBERT,#1,MOLZ OIL COMPANY INC,PA,GAS,PLUGGED,36.899885,-98.42951,ALFALFA,18.00,28N,11W,NW,SE,SW,SW,IM,875.0,W,530.0,S
3500321721,https://public.occ.ok.gov/OGCDWellRecords/Search.aspx?searchcommand=%7B%5BOG%20Well%20Records%5D%3A%5BAPI%20Number%5D%3D%223500321721%2A%22%7D,LAMBERT,#18-1,EOG RESOURCES INC,PA,GAS,PLUGGED,36.9016983,-98.4193492,ALFALFA,18.00,28N,11W,,CNE,SW,SE,IM,0.0, ,0.0, 
3500321722,https://public.occ.ok.gov/OGCDWellRecords/Search.aspx?searchcommand=%7B%5BOG%20Well%20Records%5D%3A%5BAPI%20Number%5D%3D%223500321722%2A%22%7D,FRANK,#18-1,EOG RESOURCES INC,EX,NT,OTHER,36.9066829,-98.4221704,ALFALFA,18.00,28N,11W,,CSW,SW,NE,IM,0.0, ,0.0, 
3500321723,https://public.occ.ok.gov/OGCDWellRecords/Search.aspx?searchcommand=%7B%5BOG%20Well%20Records%5D%3A%5BAPI%20Number%5D%3D%223500321723%2A%22%7D,FELLERS,#5-3,GLADIATOR OPERATING LLC,AC,OIL,OIL,36.846836,-98.300362,ALFALFA,5.00,27N,10W,,CN2,NE,SW,IM,1980.0,W,2310.0,S
3500321724,https://public.occ.ok.gov/OGCDWellRecords/Search.aspx?searchcommand=%7B%5BOG%20Well%20Records%5D%3A%5BAPI%20Number%5D%3D%223500321724%2A%22%7D,RHONDA (DEE DEE 18-5),#1-18,PALEO INC,AC,GAS,GAS,36.904417,-98.42499,ALFALFA,18.00,28N,11W,SW,NE,NE,SW,IM,2054.0,W ,2100.0,S 
3500321725,https://public.occ.ok.gov/OGCDWellRecords/Search.aspx?searchcommand=%7B%5BOG%20Well%20Records%5D%3A%5BAPI%20Number%5D%3D%223500321725%2A%22%7D,IMOGENE,#1-1,BOGO ENERGY CORPORATION,PA,DRY,PLUGGED,36.8531929,-98.2317847,ALFALFA,1.00,27N,10W,,,CNW,NW,IM,660.0,W,1980.0,S
3500321726,https://public.occ.ok.gov/OGCDWellRecords/Search.aspx?searchcommand=%7B%5BOG%20Well%20Records%5D%3A%5BAPI%20Number%5D%3D%223500321726%2A%22%7D,KIRKPATRICK,#1-2,HAMIL OIL & GAS LLC,AC,GAS,GAS,36.851469,-98.237125,ALFALFA,2.00,27N,10W,,,CE2,NE,IM,0.0, ,0.0, 
3500321727,https://public.occ.ok.gov/OGCDWellRecords/Search.aspx?searchcommand=%7B%5BOG%20Well%20Records%5D%3A%5BAPI%20Number%5D%3D%223500321727%2A%22%7D,SCHUBERT,#2,MOLZ OIL COMPANY INC,EX,NT,OTHER,36.8998848,-98.4295054,ALFALFA,18.00,28N,11W,NW,SE,SW,SW,IM,0.0, ,0.0, 
3500321728,https://public.occ.ok.gov/OGCDWellRecords/Search.aspx?searchcommand=%7B%5BOG%20Well%20Records%5D%3A%5BAPI%20Number%5D%3D%223500321728%2A%22%7D,GINDER,#1-5,GLADIATOR OPERATING LLC,AC,OIL,OIL,36.843177,-98.295505,ALFALFA,5.00,27N,10W,W2,NE,SW,SE,IM,825.0,W,990.0,S
3500321729,https://public.occ.ok.gov/OGCDWellRecords/Search.aspx?searchcommand=%7B%5BOG%20Well%20Records%5D%3A%5BAPI%20Number%5D%3D%223500321729%2A%22%7D,BATTERTON,#24-1,MORRISON INTERNATIONAL ENERGY INC,PA,DRY,PLUGGED,36.8063698,-98.110103,ALFALFA,24.00,27N,09W,S2,N2,SE,NE,IM,1980.0,W,884.0,S
3500321730,https://public.occ.ok.gov/OGCDWellRecords/Search.aspx?searchcommand=%7B%5BOG%20Well%20Records%5D%3A%5BAPI%20Number%5D%3D%223500321730%2A%22%7D,FELLERS,#32-1,SANDRIDGE EXPLORATION & PRODUCTION LLC,PA,OIL,PLUGGED,36.860487,-98.30389,ALFALFA,32.00,28N,10W,,C,NW,SW,IM,,,,
3500321731,https://public.occ.ok.gov/OGCDWellRecords/Search.aspx?searchcommand=%7B%5BOG%20Well%20Records%5D%3A%5BAPI%20Number%5D%3D%223500321731%2A%22%7D,SCHUPBACH,#1,MOLZ OIL COMPANY INC,PA,GAS,PLUGGED,36.907121,-98.4385,ALFALFA,13.00,28N,12W,NW,SE,SW,NE,IM,935.0,W,580.0,S
3500321732,https://public.occ.ok.gov/OGCDWellRecords/Search.aspx?searchcommand=%7B%5BOG%20Well%20Records%5D%3A%5BAPI%20Number%5D%3D%223500321732%2A%22%7D,STOABS,#9A-4,PETROCORP INCORPORATED,PA,DRY,PLUGGED,36.8350056,-98.1641784,ALFALFA,9.00,27N,09W,,,CSE,NE,IM,0.0, ,0.0, 
3500321733,https://public.occ.ok.gov/OGCDWellRecords/Search.aspx?searchcommand=%7B%5BOG%20Well%20Records%5D%3A%5BAPI%20Number%5D%3D%223500321733%2A%22%7D,COPPOCK,#36B-4,PETROCORP INCORPORATED,PA,DRY,PLUGGED,36.7757503,-98.3359758,ALFALFA,36.00,27N,11W,SE,SW,SE,NW,IM,1900.0,W,140.0,S
3500321734,https://public.occ.ok.gov/OGCDWellRecords/Search.aspx?searchcommand=%7B%5BOG%20Well%20Records%5D%3A%5BAPI%20Number%5D%3D%223500321734%2A%22%7D,BEHM,#2,INVESTORS RESOURCES CORP,PA,DRY,PLUGGED,36.5926531,-98.5264418,ALFALFA,6.00,24N,12W,,CNE,NE,NW,IM,2310.0,W,2310.0,S
3500321735,https://public.occ.ok.gov/OGCDWellRecords/Search.aspx?searchcommand=%7B%5BOG%20Well%20Records%5D%3A%5BAPI%20Number%5D%3D%223500321735%2A%22%7D,ZALOUDEK,#1-35,SENSOR OIL & GAS INC,PA,DRY,PLUGGED,36.7792105,-98.1377027,ALFALFA,35.00,27N,09W,SE,SW,NE,NW,IM,1800.0,W,1640.0,S
3500321736,https://public.occ.ok.gov/OGCDWellRecords/Search.aspx?searchcommand=%7B%5BOG%20Well%20Records%5D%3A%5BAPI%20Number%5D%3D%223500321736%2A%22%7D,TALLEY,#1-34,R E BLAIK INC,PA,DRY,PLUGGED,36.8636594,-98.377114,ALFALFA,34.00,28N,11W,N2,SW,SW,NW,IM,330.0,W,495.0,S
3500321737,https://public.occ.ok.gov/OGCDWellRecords/Search.aspx?searchcommand=%7B%5BOG%20Well%20Records%5D%3A%5BAPI%20Number%5D%3D%223500321737%2A%22%7D,GINDER,#2-5,GLADIATOR OPERATING LLC,AC,OIL,OIL,36.842291,-98.292189,ALFALFA,5.00,27N,10W,E2,W2,SE,SE,IM,1815.0,W,660.0,S
3500321738,https://public.occ.ok.gov/OGCDWellRecords/Search.aspx?searchcommand=%7B%5BOG%20Well%20Records%5D%3A%5BAPI%20Number%5D%3D%223500321738%2A%22%7D,FELLERS,#5-4,GLADIATOR OPERATING LLC,AC,OIL,OIL,36.844999,-98.294472,ALFALFA,5.00,27N,10W,,CSE,NW,SE,IM,0.0, ,0.0, 
3500321739,https://public.occ.ok.gov/OGCDWellRecords/Search.aspx?searchcommand=%7B%5BOG%20Well%20Records%5D%3A%5BAPI%20Number%5D%3D%223500321739%2A%22%7D,AMES,#1,MOLZ OIL COMPANY INC,PA,DRY,PLUGGED,36.8237747,-98.3821666,ALFALFA,16.00,27N,11W,NE,SW,NE,NE,IM,1535.0,W,1765.0,S
3500321740,https://public.occ.ok.gov/OGCDWellRecords/Search.aspx?searchcommand=%7B%5BOG%20Well%20Records%5D%3A%5BAPI%20Number%5D%3D%223500321740%2A%22%7D,"NOSSIMAN FARMS, INC.",#1,CHIEFTAIN OIL CO INC,AC,OIL,OIL,36.82514,-98.37654,ALFALFA,15.00,27N,11W,E2,NW,NW,NW,IM,560.0,W,2310.0,S
3500321741,https://public.occ.ok.gov/OGCDWellRecords/Search.aspx?searchcommand=%7B%5BOG%20Well%20Records%5D%3A%5BAPI%20Number%5D%3D%223500321741%2A%22%7D,TUCKER,#11B-4,PETROCORP INCORPORATED,PA,DRY,PLUGGED,36.9229968,-98.245874,ALFALFA,11.00,28N,10W,E2,NW,SE,NW,IM,1675.0,W,990.0,S
3500321742,https://public.occ.ok.gov/OGCDWellRecords/Search.aspx?searchcommand=%7B%5BOG%20Well%20Records%5D%3A%5BAPI%20Number%5D%3D%223500321742%2A%22%7D,KISLING,#1,MOLZ OIL COMPANY INC,PA,DRY,PLUGGED,36.9107456,-98.4475302,ALFALFA,13.00,28N,12W,NW,SE,NW,NW,IM,890.0,W,1920.0,S
3500321743,https://public.occ.ok.gov/OGCDWellRecords/Search.aspx?searchcommand=%7B%5BOG%20Well%20Records%5D%3A%5BAPI%20Number%5D%3D%223500321743%2A%22%7D,SCHURTER,#1-14,MOLZ OIL COMPANY INC,EX,NT,OTHER,36.911694508,-98.460408693,ALFALFA,14.00,28N,12W,SW,NE,NE,NW,IM,0.0, ,0.0, 
3500321744,https://public.occ.ok.gov/OGCDWellRecords/Search.aspx?searchcommand=%7B%5BOG%20Well%20Records%5D%3A%5BAPI%20Number%5D%3D%223500321744%2A%22%7D,PARIS,#I-35,BOGO ENERGY CORPORATION,PA,DRY,PLUGGED,36.8568343,-98.2407899,ALFALFA,35.00,28N,10W,,,CSW,SE,IM,660.0,W,660.0,S
3500321745,https://public.occ.ok.gov/OGCDWellRecords/Search.aspx?searchcommand=%7B%5BOG%20Well%20Records%5D%3A%5BAPI%20Number%5D%3D%223500321745%2A%22%7D,NCRFU,#14,SUPERIOR PRODUCTION LLC,AC,OIL,OIL,36.590512,-98.466456,ALFALFA,3.00,24N,12W,W2,W2,E2,ne,IM,1440.0,W,1320.0,S
3500321746,https://public.occ.ok.gov/OGCDWellRecords/Search.aspx?searchcommand=%7B%5BOG%20Well%20Records%5D%3A%5BAPI%20Number%5D%3D%223500321746%2A%22%7D,EVA,#7-13,DIVERSIFIED PRODUCTION LLC,PA,GAS,PLUGGED,36.481168,-98.5298,ALFALFA,7.00,23N,12W,,,C,SW,IM,0.0, ,0.0, 
3500321747,https://public.occ.ok.gov/OGCDWellRecords/Search.aspx?searchcommand=%7B%5BOG%20Well%20Records%5D%3A%5BAPI%20Number%5D%3D%223500321747%2A%22%7D,COFFMAN,#10-1,UNIT PETROLEUM COMPANY,AC,GAS,GAS,36.827843,-98.26332,ALFALFA,10.00,27N,10W,,,CSE,SW,IM,0.0, ,0.0, 
3500321748,https://public.occ.ok.gov/OGCDWellRecords/Search.aspx?searchcommand=%7B%5BOG%20Well%20Records%5D%3A%5BAPI%20Number%5D%3D%223500321748%2A%22%7D,KRAFT #1-13,#1,SAND CREEK OPERATING LLC,AC,2DCm,UIC,36.901215,-98.446798,ALFALFA,13.00,28N,12W,SW,NE,SW,SW,IM,790.0,W,830.0,S
3500321749,https://public.occ.ok.gov/OGCDWellRecords/Search.aspx?searchcommand=%7B%5BOG%20Well%20Records%5D%3A%5BAPI%20Number%5D%3D%223500321749%2A%22%7D,SETTLE,#2-31,AGATE PETROLEUM INC,PA,DRY,PLUGGED,36.8632116,-98.30725,ALFALFA,31.00,28N,10W,,CSE,SE,NE,IM,2310.0,W,330.0,S
3500321750,https://public.occ.ok.gov/OGCDWellRecords/Search.aspx?searchcommand=%7B%5BOG%20Well%20Records%5D%3A%5BAPI%20Number%5D%3D%223500321750%2A%22%7D,MEDICINE LODGE MISENER UNIT,#5-5,HOLDEN ENERGY CORPORATION,PA,DRY,PLUGGED,36.850518,-98.3005012,ALFALFA,5.00,27N,10W,,CNW,SE,NW,IM,1650.0,W,990.0,S
3500321751,https://public.occ.ok.gov/OGCDWellRecords/Search.aspx?searchcommand=%7B%5BOG%20Well%20Records%5D%3A%5BAPI%20Number%5D%3D%223500321751%2A%22%7D,KIRKPATRICK,#2-2,BOGO ENERGY CORPORATION,PA,NT,PLUGGED,36.8459582,-98.2385333,ALFALFA,2.00,27N,10W,,,CN2,SE,IM,0.0, ,0.0, 
3500321752,https://public.occ.ok.gov/OGCDWellRecords/Search.aspx?searchcommand=%7B%5BOG%20Well%20Records%5D%3A%5BAPI%20Number%5D%3D%223500321752%2A%22%7D,UMANSKY,#1-4,BCE-MACH LLC,AC,GAS,GAS,36.930392,-98.285732,ALFALFA,4.00,28N,10W,C,NE,SW,SW,IM,990.0,W,990.0,S
3500321753,https://public.occ.ok.gov/OGCDWellRecords/Search.aspx?searchcommand=%7B%5BOG%20Well%20Records%5D%3A%5BAPI%20Number%5D%3D%223500321753%2A%22%7D,RAUH,#1-R,MT ENERGY LLC,AC,GAS,GAS,36.764256,-98.53594,ALFALFA,6.00,26N,12W,,,,CNW,IM,1320.0,W,1320.0,S
3500321754,https://public.occ.ok.gov/OGCDWellRecords/Search.aspx?searchcommand=%7B%5BOG%20Well%20Records%5D%3A%5BAPI%20Number%5D%3D%223500321754%2A%22%7D,STOABS,#2-34,DEM OPERATIONS INC,AC,GAS,GAS,36.769535,-98.153208,ALFALFA,34.00,27N,09W,,,CSW,SE,IM,660.0,W,660.0,S
3500321755,https://public.occ.ok.gov/OGCDWellRecords/Search.aspx?searchcommand=%7B%5BOG%20Well%20Records%5D%3A%5BAPI%20Number%5D%3D%223500321755%2A%22%7D,FELLERS,#4,DAVIS OPERATING COMPANY,AC,GAS,GAS,36.849618,-98.33091,ALFALFA,1.00,27N,11W,,C,SW,NE,IM,660.0,W,660.0,S
3500321756,https://public.occ.ok.gov/OGCDWellRecords/Search.aspx?searchcommand=%7B%5BOG%20Well%20Records%5D%3A%5BAPI%20Number%5D%3D%223500321756%2A%22%7D,GINDER,#15-1,BELPORT OIL INC,AC,GAS,GAS,36.823894,-98.266487,ALFALFA,15.00,27N,10W,,,N2,NW,IM,0.0, ,0.0, 
3500321757,https://public.occ.ok.gov/OGCDWellRecords/Search.aspx?searchcommand=%7B%5BOG%20Well%20Records%5D%3A%5BAPI%20Number%5D%3D%223500321757%2A%22%7D,CORBET,#1-3,DECK OIL COMPANY,PA,DRY,PLUGGED,36.7660978,-98.1461515,ALFALFA,3.00,26N,09W,,,CNE,NE,IM,1980.0,W,1980.0,S
3500321758,https://public.occ.ok.gov/OGCDWellRecords/Search.aspx?searchcommand=%7B%5BOG%20Well%20Records%5D%3A%5BAPI%20Number%5D%3D%223500321758%2A%22%7D,MILLER,#2-27,DECK OIL COMPANY,PA,DRY,PLUGGED,36.7932878,-98.1506594,ALFALFA,27.00,27N,09W,,,CW2,NE,IM,660.0,W,1320.0,S
3500321759,https://public.occ.ok.gov/OGCDWellRecords/Search.aspx?searchcommand=%7B%5BOG%20Well%20Records%5D%3A%5BAPI%20Number%5D%3D%223500321759%2A%22%7D,TERRELL,#5-18,DIVERSIFIED PRODUCTION LLC,AC,GAS,GAS,36.560926,-98.520252,ALFALFA,18.00,24N,12W,,,C,NE,IM,1320.0,W,1320.0,S
3500321760,https://public.occ.ok.gov/OGCDWellRecords/Search.aspx?searchcommand=%7B%5BOG%20Well%20Records%5D%3A%5BAPI%20Number%5D%3D%223500321760%2A%22%7D,GOSS JEFFRIES,#4,CHESAPEAKE OPERATING LLC,PA,GAS,PLUGGED,36.539205,-98.50398,ALFALFA,20.00,24N,12W,SE,W2,E2,E2,IM,1020.0,W,1320.0,S
3500321761,https://public.occ.ok.gov/OGCDWellRecords/Search.aspx?searchcommand=%7B%5BOG%20Well%20Records%5D%3A%5BAPI%20Number%5D%3D%223500321761%2A%22%7D,WHITE #4,#4,COG PETROLEUM CORPORATION,STFD,GAS,STATE_FUNDS_PLUGGING,36.629343,-98.41652,ALFALFA,19.00,25N,11W,,N2,NE,SE,IM,1980.0,W,2310.0,S
3500321762,https://public.occ.ok.gov/OGCDWellRecords/Search.aspx?searchcommand=%7B%5BOG%20Well%20Records%5D%3A%5BAPI%20Number%5D%3D%223500321762%2A%22%7D,PARKHURST,#1-36,M3V ENERGY LLC,AC,OIL,OIL,36.517604,-98.214126,ALFALFA,36.00,24N,10W,,C,E2,NE,IM,1980.0,W ,1320.0,S 
3500321763,https://public.occ.ok.gov/OGCDWellRecords/Search.aspx?searchcommand=%7B%5BOG%20Well%20Records%5D%3A%5BAPI%20Number%5D%3D%223500321763%2A%22%7D,RACHEL,#13-1,PARSONS ENGINEERING CORPORATION,PA,DRY,PLUGGED,36.8237377,-98.2221976,ALFALFA,13.00,27N,10W,NW,SE,NW,NE,IM,840.0,W,1840.0,S
3500321764,https://public.occ.ok.gov/OGCDWellRecords/Search.aspx?searchcommand=%7B%5BOG%20Well%20Records%5D%3A%5BAPI%20Number%5D%3D%223500321764%2A%22%7D,BOUZIDEN,#1-28,BRISTOL RESOURCES CORPORATION,PA,DRY,PLUGGED,36.7842495,-98.502145,ALFALFA,28.00,27N,12W,,,CSW,SW,IM,660.0,W,660.0,S
3500321765,https://public.occ.ok.gov/OGCDWellRecords/Search.aspx?searchcommand=%7B%5BOG%20Well%20Records%5D%3A%5BAPI%20Number%5D%3D%223500321765%2A%22%7D,GENE,#1-26,ARROWHEAD ENERGY INC,PA,TA ,PLUGGED,36.7846486,-98.1377049,ALFALFA,26.00,27N,09W,SE,NW,SE,SW,IM,1700.0,W,850.0,S
3500321766,https://public.occ.ok.gov/OGCDWellRecords/Search.aspx?searchcommand=%7B%5BOG%20Well%20Records%5D%3A%5BAPI%20Number%5D%3D%223500321766%2A%22%7D,MILDRED,#2,MIDNIGHT HOUR LLC,PA,DRY,PLUGGED,36.8853504,-98.214333,ALFALFA,19.00,28N,09W,NE,SW,SW,SW,IM,0.0, ,0.0, 
3500321767,https://public.occ.ok.gov/OGCDWellRecords/Search.aspx?searchcommand=%7B%5BOG%20Well%20Records%5D%3A%5BAPI%20Number%5D%3D%223500321767%2A%22%7D,COMER #5,##5,COG PETROLEUM CORPORATION,PASURSF,GAS,PLUGGED,36.638418,-98.40749,ALFALFA,17.00,25N,11W,,CS2,SE,SW,IM,0.0, ,0.0, 
3500321768,https://public.occ.ok.gov/OGCDWellRecords/Search.aspx?searchcommand=%7B%5BOG%20Well%20Records%5D%3A%5BAPI%20Number%5D%3D%223500321768%2A%22%7D,FERRELL BROTHERS,#1-4,ARROW OIL & GAS LLC,PA,DRY,PLUGGED,36.8450736,-98.3861147,ALFALFA,4.00,27N,11W,,CSW,NW,SE,IM,330.0,E,1650.0,S
3500321769,https://public.occ.ok.gov/OGCDWellRecords/Search.aspx?searchcommand=%7B%5BOG%20Well%20Records%5D%3A%5BAPI%20Number%5D%3D%223500321769%2A%22%7D,BLACKLEDGE,#14-3,TWIN RIVER RESOURCES INC,PA,DRY,PLUGGED,36.8169543,-98.2498035,ALFALFA,14.00,27N,10W,,,CNW,SW,IM,660.0,W,1980.0,S
3500321770,https://public.occ.ok.gov/OGCDWellRecords/Search.aspx?searchcommand=%7B%5BOG%20Well%20Records%5D%3A%5BAPI%20Number%5D%3D%223500321770%2A%22%7D,OWENS,#1-14,MOLZ OIL COMPANY INC,PA,GAS,PLUGGED,36.911182,-98.4537061,ALFALFA,14.00,28N,12W,,CW2,NE,NE,IM,1650.0,W,1980.0,S
3500321771,https://public.occ.ok.gov/OGCDWellRecords/Search.aspx?searchcommand=%7B%5BOG%20Well%20Records%5D%3A%5BAPI%20Number%5D%3D%223500321771%2A%22%7D,PARR,#1-36,MACK ENERGY CO.,PA,DRY,PLUGGED,36.9438589,-98.2355746,ALFALFA,36.00,29N,10W,N2,S2,SW,SW,IM,660.0,W,560.0,S
3500321772,https://public.occ.ok.gov/OGCDWellRecords/Search.aspx?searchcommand=%7B%5BOG%20Well%20Records%5D%3A%5BAPI%20Number%5D%3D%223500321772%2A%22%7D,KEISHA,#1,CANYON EXPLORATION COMPANY,PA,DRY,PLUGGED,36.8015148,-98.4525746,ALFALFA,23.00,27N,12W,,CS2,NE,SE,IM,660.0,E,1650.0,S
3500321773,https://public.occ.ok.gov/OGCDWellRecords/Search.aspx?searchcommand=%7B%5BOG%20Well%20Records%5D%3A%5BAPI%20Number%5D%3D%223500321773%2A%22%7D,RICHTER,#1-7,CACTUS ENERGY COMPANY LLC,AC,DRY,DRY,36.661064,-98.42102,ALFALFA,7.00,25N,11W,,,CSW,NE,IM,660.0,W,660.0,S
3500321774,https://public.occ.ok.gov/OGCDWellRecords/Search.aspx?searchcommand=%7B%5BOG%20Well%20Records%5D%3A%5BAPI%20Number%5D%3D%223500321774%2A%22%7D,GRAY/BLACKLEDGE,#11-1,TWIN RIVER RESOURCES INC,PA,DRY,PLUGGED,36.8305505,-98.2351503,ALFALFA,11.00,27N,10W,,SE,NE,SE,IM,0.0, ,0.0, 
3500321775,https://public.occ.ok.gov/OGCDWellRecords/Search.aspx?searchcommand=%7B%5BOG%20Well%20Records%5D%3A%5BAPI%20Number%5D%3D%223500321775%2A%22%7D,WESSELS,#2-28,COMBINED RESOURCES CORPORATION,PA,DRY,PLUGGED,36.7875209,-98.3844186,ALFALFA,28.00,27N,11W,NW,SE,NW,SE,IM,780.0,W,1822.0,S
3500321776,https://public.occ.ok.gov/OGCDWellRecords/Search.aspx?searchcommand=%7B%5BOG%20Well%20Records%5D%3A%5BAPI%20Number%5D%3D%223500321776%2A%22%7D,DAVIS,#1-25,HALCON HOLDINGS INC,PA,DRY,PLUGGED,36.9674737,-98.3304206,ALFALFA,25.00,29N,11W,N2,N2,SE,NE,IM,1980.0,W,1110.0,S
3500321777,https://public.occ.ok.gov/OGCDWellRecords/Search.aspx?searchcommand=%7B%5BOG%20Well%20Records%5D%3A%5BAPI%20Number%5D%3D%223500321777%2A%22%7D,RUTH,#1,MACK ENERGY CO.,PA,DRY,PLUGGED,36.9878658,-98.3315513,ALFALFA,13.00,29N,11W,,CW2,SE,SE,IM,990.0,E,660.0,S
3500321778,https://public.occ.ok.gov/OGCDWellRecords/Search.aspx?searchcommand=%7B%5BOG%20Well%20Records%5D%3A%5BAPI%20Number%5D%3D%223500321778%2A%22%7D,FERRELL BROTHERS,#2-4,ARROW OIL & GAS LLC,AC,WSW,WATER_SUPPLY,36.843261,-98.38386,ALFALFA,4.00,27N,11W,,NE,SW,SE,IM,990.0,W,990.0,S
3500321779,https://public.occ.ok.gov/OGCDWellRecords/Search.aspx?searchcommand=%7B%5BOG%20Well%20Records%5D%3A%5BAPI%20Number%5D%3D%223500321779%2A%22%7D,RALPH,##1,UNIT PETROLEUM COMPANY,PA,DRY,PLUGGED,36.7947171,-98.4548277,ALFALFA,26.00,27N,12W,N2,S2,N2,NE,IM,1320.0,W,1930.0,S
3500321780,https://public.occ.ok.gov/OGCDWellRecords/Search.aspx?searchcommand=%7B%5BOG%20Well%20Records%5D%3A%5BAPI%20Number%5D%3D%223500321780%2A%22%7D,BERNARD,#1-6,COMBINED RESOURCES CORPORATION,PA,DRY,PLUGGED,36.7553557,-98.3218909,ALFALFA,6.00,26N,10W,,,CSW,SW,IM,0.0, ,0.0, 
3500321781,https://public.occ.ok.gov/OGCDWellRecords/Search.aspx?searchcommand=%7B%5BOG%20Well%20Records%5D%3A%5BAPI%20Number%5D%3D%223500321781%2A%22%7D,WHITE #5,##5,COG PETROLEUM CORPORATION,STFD,GAS,STATE_FUNDS_PLUGGING,36.628436,-98.42552,ALFALFA,19.00,25N,11W,,,CNE,SW,IM,0.0, ,0.0, 
3500321782,https://public.occ.ok.gov/OGCDWellRecords/Search.aspx?searchcommand=%7B%5BOG%20Well%20Records%5D%3A%5BAPI%20Number%5D%3D%223500321782%2A%22%7D,JAY,#2-8,ATCHLEY RESOURCES INC,PA,GAS,PLUGGED,36.8382001,-98.195732,ALFALFA,8.00,27N,09W,N2,S2,NW,NW,IM,660.0,W,1681.0,S
3500321783,https://public.occ.ok.gov/OGCDWellRecords/Search.aspx?searchcommand=%7B%5BOG%20Well%20Records%5D%3A%5BAPI%20Number%5D%3D%223500321783%2A%22%7D,BATHURST,#1-4,ARROW OIL & GAS LLC,PA,DRY,PLUGGED,36.848699,-98.3838595,ALFALFA,4.00,27N,11W,,CSE,SW,NE,IM,990.0,W,330.0,S
3500321784,https://public.occ.ok.gov/OGCDWellRecords/Search.aspx?searchcommand=%7B%5BOG%20Well%20Records%5D%3A%5BAPI%20Number%5D%3D%223500321784%2A%22%7D,NOKES,#1,MOORE WILLIAM DBA OVERDRAFT OIL & GAS,AC,GAS,GAS,36.815154,-98.40752,ALFALFA,17.00,27N,11W,,C,E2,SW,IM,1980.0,W ,1320.0,S 
3500321785,https://public.occ.ok.gov/OGCDWellRecords/Search.aspx?searchcommand=%7B%5BOG%20Well%20Records%5D%3A%5BAPI%20Number%5D%3D%223500321785%2A%22%7D,BATHURST,#1-4A,ARROW OIL & GAS LLC,AC,OIL,OIL,36.848699,-98.38442,ALFALFA,4.00,27N,11W,W2,SE,SW,NE,IM,915.0,W,330.0,S
3500321786,https://public.occ.ok.gov/OGCDWellRecords/Search.aspx?searchcommand=%7B%5BOG%20Well%20Records%5D%3A%5BAPI%20Number%5D%3D%223500321786%2A%22%7D,STATELINE,#1,TRIPLETT LARRY W,PA,GAS,PLUGGED,36.991468,-98.27285,ALFALFA,15.00,29N,10W,,CW2,NW,SW,IM,330.0,W,1980.0,S
3500321787,https://public.occ.ok.gov/OGCDWellRecords/Search.aspx?searchcommand=%7B%5BOG%20Well%20Records%5D%3A%5BAPI%20Number%5D%3D%223500321787%2A%22%7D,SOPHIA,#1-4,ARROW OIL & GAS LLC,AC,OIL,OIL,36.850865,-98.389291,ALFALFA,4.00,27N,11W,,CN2,SE,NW,IM,1980.0,W,990.0,S
3500321788,https://public.occ.ok.gov/OGCDWellRecords/Search.aspx?searchcommand=%7B%5BOG%20Well%20Records%5D%3A%5BAPI%20Number%5D%3D%223500321788%2A%22%7D,CARRIE,#1-9,XANADU EXPLORATION COMPANY,PA,DRY,PLUGGED,36.8278531,-98.2774007,ALFALFA,9.00,27N,10W,E2,W2,SW,SE,IM,475.0,W,660.0,S
3500321789,https://public.occ.ok.gov/OGCDWellRecords/Search.aspx?searchcommand=%7B%5BOG%20Well%20Records%5D%3A%5BAPI%20Number%5D%3D%223500321789%2A%22%7D,FELLERS,#1-5,UNIT PETROLEUM COMPANY,AC,OIL,OIL,36.851431,-98.3264,ALFALFA,1.00,27N,11W,,,E2,NE,IM,0.0, ,0.0, 
3500321790,https://public.occ.ok.gov/OGCDWellRecords/Search.aspx?searchcommand=%7B%5BOG%20Well%20Records%5D%3A%5BAPI%20Number%5D%3D%223500321790%2A%22%7D,SINGER,#24-1,MARTIN DRILLING COMPANY,PA,OIL,PLUGGED,36.803197,-98.11574,ALFALFA,24.00,27N,09W,,NW,NW,SE,IM,330.0,W,2310.0,S
3500321791,https://public.occ.ok.gov/OGCDWellRecords/Search.aspx?searchcommand=%7B%5BOG%20Well%20Records%5D%3A%5BAPI%20Number%5D%3D%223500321791%2A%22%7D,PARTHENA #1,#1,COG PETROLEUM CORPORATION,STFD,GAS,STATE_FUNDS_PLUGGING,36.633886,-98.40974,ALFALFA,20.00,25N,11W,,,,CNW,IM,1320.0,W,1320.0,S
3500321792,https://public.occ.ok.gov/OGCDWellRecords/Search.aspx?searchcommand=%7B%5BOG%20Well%20Records%5D%3A%5BAPI%20Number%5D%3D%223500321792%2A%22%7D,SOPHIA,#2-4,ARROW OIL & GAS LLC,PA,DRY,PLUGGED,36.8527773,-98.3883699,ALFALFA,4.00,27N,11W,N2,SE,NE,NW,IM,2310.0,W,1682.0,S
3500321793,https://public.occ.ok.gov/OGCDWellRecords/Search.aspx?searchcommand=%7B%5BOG%20Well%20Records%5D%3A%5BAPI%20Number%5D%3D%223500321793%2A%22%7D,JO ANNE,#2-6,UNIT PETROLEUM COMPANY,AC,OIL,OIL,36.853335,-98.321553,ALFALFA,6.00,27N,10W,,,CNW,NW,IM,0.0, ,0.0, 
3500321794,https://public.occ.ok.gov/OGCDWellRecords/Search.aspx?searchcommand=%7B%5BOG%20Well%20Records%5D%3A%5BAPI%20Number%5D%3D%223500321794%2A%22%7D,WEBER,#1-36,CANVAS ENERGY LLC,PA,OIL,PLUGGED,36.6039494,-98.4446601,ALFALFA,36.00,25N,12W,,CNW,SE,NW,IM,1650.0,W,990.0,S
3500321795,https://public.occ.ok.gov/OGCDWellRecords/Search.aspx?searchcommand=%7B%5BOG%20Well%20Records%5D%3A%5BAPI%20Number%5D%3D%223500321795%2A%22%7D,FERRELL BROTHERS,#3-4,ARROW OIL & GAS LLC,AC,OIL,OIL,36.846886,-98.38499,ALFALFA,4.00,27N,11W,,CN2,NW,SE,IM,660.0,W,2310.0,S
3500321796,https://public.occ.ok.gov/OGCDWellRecords/Search.aspx?searchcommand=%7B%5BOG%20Well%20Records%5D%3A%5BAPI%20Number%5D%3D%223500321796%2A%22%7D,FELLERS,#31-2,GLADIATOR OPERATING LLC,AC,OIL,OIL,36.856902,-98.313928,ALFALFA,31.00,28N,10W,,C,SW,SE,IM,660.0,W,660.0,S
3500321797,https://public.occ.ok.gov/OGCDWellRecords/Search.aspx?searchcommand=%7B%5BOG%20Well%20Records%5D%3A%5BAPI%20Number%5D%3D%223500321797%2A%22%7D,FELLERS,#2-31,GLADIATOR OPERATING LLC,AC,OIL,OIL,36.856044,-98.318535,ALFALFA,31.00,28N,10W,C,S2,SE,SW,IM,1536.0,W,330.0,S
3500321798,https://public.occ.ok.gov/OGCDWellRecords/Search.aspx?searchcommand=%7B%5BOG%20Well%20Records%5D%3A%5BAPI%20Number%5D%3D%223500321798%2A%22%7D,MCCLAFLIN TRUST,#1-6,PETROCORP INCORPORATED,PA,DRY,PLUGGED,36.841912,-98.3179621,ALFALFA,6.00,27N,10W,NW,SW,SE,SW,IM,1264.0,W,400.0,S
3500321799,https://public.occ.ok.gov/OGCDWellRecords/Search.aspx?searchcommand=%7B%5BOG%20Well%20Records%5D%3A%5BAPI%20Number%5D%3D%223500321799%2A%22%7D,PARTHENA,#2,COG PETROLEUM CORPORATION,PA,GAS,PLUGGED,36.629354,-98.40974,ALFALFA,20.00,25N,11W,,CN2,N2,SW,IM,1320.0,W,2310.0,S
3500321800,https://public.occ.ok.gov/OGCDWellRecords/Search.aspx?searchcommand=%7B%5BOG%20Well%20Records%5D%3A%5BAPI%20Number%5D%3D%223500321800%2A%22%7D,DEVETA,#1-4,CHESAPEAKE OPERATING LLC,PA,DRY,PLUGGED,36.9393333,-98.2717659,ALFALFA,4.00,28N,10W,W2,SE,NE,NE,IM,495.0,E,990.0,N
3500321801,https://public.occ.ok.gov/OGCDWellRecords/Search.aspx?searchcommand=%7B%5BOG%20Well%20Records%5D%3A%5BAPI%20Number%5D%3D%223500321801%2A%22%7D,"CAMPBELL, L.D.",#1-10,ANADARKO MINERALS INC,AC,OIL,OIL,36.483293,-98.254154,ALFALFA,10.00,23N,10W,,,CNW,SE,IM,660.0,W,1980.0,S
3500321802,https://public.occ.ok.gov/OGCDWellRecords/Search.aspx?searchcommand=%7B%5BOG%20Well%20Records%5D%3A%5BAPI%20Number%5D%3D%223500321802%2A%22%7D,NE CHEROKEE UNIT (NECU),#16A,MT ENERGY LLC,AC,2RIn,UIC,36.802556,-98.287052,ALFALFA,21.00,27N,10W,S2,N2,NW,SW,IM,660.0,W,2080.0,S
3500321803,https://public.occ.ok.gov/OGCDWellRecords/Search.aspx?searchcommand=%7B%5BOG%20Well%20Records%5D%3A%5BAPI%20Number%5D%3D%223500321803%2A%22%7D,WEBER,#1-34,ELDER & VAUGHN INC,PA,DRY,PLUGGED,36.7815545,-98.4762313,ALFALFA,34.00,27N,12W,,CNW,NW,NE,IM,330.0,W,2310.0,S
3500321804,https://public.occ.ok.gov/OGCDWellRecords/Search.aspx?searchcommand=%7B%5BOG%20Well%20Records%5D%3A%5BAPI%20Number%5D%3D%223500321804%2A%22%7D,LECRONE-WEDEL,#1-10,ANADARKO MINERALS INC,AC,OIL,OIL,36.490535,-98.262977,ALFALFA,10.00,23N,10W,,,CNW,NW,IM,660.0,W,1980.0,S
3500321805,https://public.occ.ok.gov/OGCDWellRecords/Search.aspx?searchcommand=%7B%5BOG%20Well%20Records%5D%3A%5BAPI%20Number%5D%3D%223500321805%2A%22%7D,PAGE,#1-26,"REVOLUTION RESOURCES III, LLC",AC,GAS,GAS,36.611876,-98.140817,ALFALFA,26.00,25N,09W,,,C,SW,IM,1320.0,W,1320.0,S
3500321806,https://public.occ.ok.gov/OGCDWellRecords/Search.aspx?searchcommand=%7B%5BOG%20Well%20Records%5D%3A%5BAPI%20Number%5D%3D%223500321806%2A%22%7D,GINDER,#34-10,REDLAND RESOURCES LLC,PA,DRY,PLUGGED,36.860472,-98.256559,ALFALFA,34.00,28N,10W,,,CN2,SE,IM,1320.0,W,1980.0,S
3500321807,https://public.occ.ok.gov/OGCDWellRecords/Search.aspx?searchcommand=%7B%5BOG%20Well%20Records%5D%3A%5BAPI%20Number%5D%3D%223500321807%2A%22%7D,BUCK,#1-25,VALIDUS ENERGY II MIDCON LLC,AC,GAS,GAS,36.615328,-98.33764,ALFALFA,25.00,25N,11W,N2,N2,N2,SW,IM,1320.0,W,2400.0,S
3500321808,https://public.occ.ok.gov/OGCDWellRecords/Search.aspx?searchcommand=%7B%5BOG%20Well%20Records%5D%3A%5BAPI%20Number%5D%3D%223500321808%2A%22%7D,RICHTER,#1,BUTTRAM ENERGIES INC,PA,DRY,PLUGGED,36.69913,-98.427777,ALFALFA,30.00,26N,11W,,,,CSW,IM,1320.0,W,1320.0,S
3500321809,https://public.occ.ok.gov/OGCDWellRecords/Search.aspx?searchcommand=%7B%5BOG%20Well%20Records%5D%3A%5BAPI%20Number%5D%3D%223500321809%2A%22%7D,MEANS,#2-27,SLOAN PETROLEUM SERVICE INC,PA,GAS,PLUGGED,36.615088,-98.36525,ALFALFA,27.00,25N,11W,N2,N2,N2,SE,IM,0.0, ,0.0, 
3500321810,https://public.occ.ok.gov/OGCDWellRecords/Search.aspx?searchcommand=%7B%5BOG%20Well%20Records%5D%3A%5BAPI%20Number%5D%3D%223500321810%2A%22%7D,BETTY JO,#1,PARWEST LAND EXPLORATION INC,PA,GAS,PLUGGED,36.786008,-98.53594,ALFALFA,30.00,27N,12W,,,,CSW,IM,1320.0,W,1320.0,S
3500321811,https://public.occ.ok.gov/OGCDWellRecords/Search.aspx?searchcommand=%7B%5BOG%20Well%20Records%5D%3A%5BAPI%20Number%5D%3D%223500321811%2A%22%7D,TROTTER,#34-11,REDLAND RESOURCES LLC,PA,DRY,PLUGGED,36.8591121,-98.263326,ALFALFA,34.00,28N,10W,S2,S2,NE,SW,IM,1980.0,W,1600.0,S
3500321812,https://public.occ.ok.gov/OGCDWellRecords/Search.aspx?searchcommand=%7B%5BOG%20Well%20Records%5D%3A%5BAPI%20Number%5D%3D%223500321812%2A%22%7D,NOKES,#2-17,MOORE WILLIAM DBA OVERDRAFT OIL & GAS,AC,OIL,OIL,36.815608,-98.40808,ALFALFA,17.00,27N,11W,SE,SW,NE,SW,IM,1698.0,W,1601.0,S
3500321813,https://public.occ.ok.gov/OGCDWellRecords/Search.aspx?searchcommand=%7B%5BOG%20Well%20Records%5D%3A%5BAPI%20Number%5D%3D%223500321813%2A%22%7D,LITTLEFIELD,#1,BUTTRAM OPERATING COMPANY LLC,PA,OIL,PLUGGED,36.704568,-98.42553,ALFALFA,30.00,26N,11W,,,CSE,NW,IM,1980.0,W,660.0,S
3500321814,https://public.occ.ok.gov/OGCDWellRecords/Search.aspx?searchcommand=%7B%5BOG%20Well%20Records%5D%3A%5BAPI%20Number%5D%3D%223500321814%2A%22%7D,KOST,#1-25,"REVOLUTION RESOURCES III, LLC",AC,GAS,GAS,36.611299,-98.438246,ALFALFA,25.00,25N,12W,C,NE,SW,SE,IM,990.0,W,990.0,S
3500321815,https://public.occ.ok.gov/OGCDWellRecords/Search.aspx?searchcommand=%7B%5BOG%20Well%20Records%5D%3A%5BAPI%20Number%5D%3D%223500321815%2A%22%7D,GINDER (KEIBLER),#1-24,GLB EXPLORATION INC,PA,DRY,PLUGGED,36.7154786,-98.335404,ALFALFA,24.00,26N,11W,,,CNE,SW,IM,1980.0,W,1980.0,S
3500321816,https://public.occ.ok.gov/OGCDWellRecords/Search.aspx?searchcommand=%7B%5BOG%20Well%20Records%5D%3A%5BAPI%20Number%5D%3D%223500321816%2A%22%7D,STATE,#36,W F D OIL CORP.,PA,DRY,PLUGGED,36.6066687,-98.4435361,ALFALFA,36.00,25N,12W,,,CNE,NW,IM,1980.0,W,1980.0,S
3500321817,https://public.occ.ok.gov/OGCDWellRecords/Search.aspx?searchcommand=%7B%5BOG%20Well%20Records%5D%3A%5BAPI%20Number%5D%3D%223500321817%2A%22%7D,NAOMI,#1-29,W F D OIL CORP.,PA,DRY,PLUGGED,36.794647,-98.5150994,ALFALFA,29.00,27N,12W,NW,SE,NE,NW,IM,2125.0,W,1815.0,S
3500321818,https://public.occ.ok.gov/OGCDWellRecords/Search.aspx?searchcommand=%7B%5BOG%20Well%20Records%5D%3A%5BAPI%20Number%5D%3D%223500321818%2A%22%7D,HODGDEN,#1-7,VALIDUS ENERGY II MIDCON LLC,AC,GAS,GAS,36.480715,-98.5225,ALFALFA,7.00,23N,12W,NW,NE,SW,SE,IM,840.0,W ,1250.0,S 
3500321819,https://public.occ.ok.gov/OGCDWellRecords/Search.aspx?searchcommand=%7B%5BOG%20Well%20Records%5D%3A%5BAPI%20Number%5D%3D%223500321819%2A%22%7D,PHELPS,#1,PARWEST LAND EXPLORATION INC,PA,OIL,PLUGGED,36.78057,-98.53819,ALFALFA,31.00,27N,12W,,,CNW,NW,IM,660.0,W,1980.0,S
3500321820,https://public.occ.ok.gov/OGCDWellRecords/Search.aspx?searchcommand=%7B%5BOG%20Well%20Records%5D%3A%5BAPI%20Number%5D%3D%223500321820%2A%22%7D,NORTHEAST CHEROKEE UNIT,#15A,MT ENERGY LLC,AC,OIL,OIL,36.801077,-98.284401,ALFALFA,21.00,27N,10W,SW,SW,NE,SW,IM,0.0, ,0.0, 
3500321821,https://public.occ.ok.gov/OGCDWellRecords/Search.aspx?searchcommand=%7B%5BOG%20Well%20Records%5D%3A%5BAPI%20Number%5D%3D%223500321821%2A%22%7D,NORTHEAST CHEROKEE UNIT,#87,MT ENERGY LLC,AC,OIL,OIL,36.797995,-98.293773,ALFALFA,20.00,27N,10W,NW,SW,SE,SE,IM,1300.0,E,415.0,S
3500321822,https://public.occ.ok.gov/OGCDWellRecords/Search.aspx?searchcommand=%7B%5BOG%20Well%20Records%5D%3A%5BAPI%20Number%5D%3D%223500321822%2A%22%7D,BETTY JO,#2,NEILSON INC,AC,2DCm,UIC,36.787367,-98.53594,ALFALFA,30.00,27N,12W,N2,S2,N2,SW,IM,0.0, ,0.0, 
3500321823,https://public.occ.ok.gov/OGCDWellRecords/Search.aspx?searchcommand=%7B%5BOG%20Well%20Records%5D%3A%5BAPI%20Number%5D%3D%223500321823%2A%22%7D,GINDER,#2,GLB EXPLORATION INC,AC,OIL,OIL,36.720011,-98.33203,ALFALFA,24.00,26N,11W,,CNW,SW,NE,IM,330.0,W,990.0,S
3500321824,https://public.occ.ok.gov/OGCDWellRecords/Search.aspx?searchcommand=%7B%5BOG%20Well%20Records%5D%3A%5BAPI%20Number%5D%3D%223500321824%2A%22%7D,SALT FORK,#1-24,ASHLOCK RESOURCES LLC,AC,GAS,GAS,36.806064,-98.43455,ALFALFA,24.00,27N,12W,,,SE,NE,IM,1980.0,W,660.0,S
3500321825,https://public.occ.ok.gov/OGCDWellRecords/Search.aspx?searchcommand=%7B%5BOG%20Well%20Records%5D%3A%5BAPI%20Number%5D%3D%223500321825%2A%22%7D,GOEKEN,#1-17,SANDRIDGE EXPLORATION & PRODUCTION LLC,PA,NT,PLUGGED,36.815155,-98.40301,ALFALFA,17.00,27N,11W,,,CW2,SE,IM,660.0,W,1320.0,S
3500321826,https://public.occ.ok.gov/OGCDWellRecords/Search.aspx?searchcommand=%7B%5BOG%20Well%20Records%5D%3A%5BAPI%20Number%5D%3D%223500321826%2A%22%7D,RDK,#1-30,SUPERIOR OIL & GAS LLC,PA,Gas,PLUGGED,36.611991,-98.52692,ALFALFA,30.00,25N,12W,,,,CSE,IM,1320.0,W,1320.0,S
3500321827,https://public.occ.ok.gov/OGCDWellRecords/Search.aspx?searchcommand=%7B%5BOG%20Well%20Records%5D%3A%5BAPI%20Number%5D%3D%223500321827%2A%22%7D,LUCILLE,#1-8,VALIDUS ENERGY II MIDCON LLC,AC,OIL,OIL,36.49026,-98.51183,ALFALFA,8.00,23N,12W,,C,N2,NW,IM,1320.0,W ,1980.0,S 
3500321828,https://public.occ.ok.gov/OGCDWellRecords/Search.aspx?searchcommand=%7B%5BOG%20Well%20Records%5D%3A%5BAPI%20Number%5D%3D%223500321828%2A%22%7D,ORLA,#1-15,EARLSBORO ENERGIES CORPORATION,PA,NT,PLUGGED,36.726349,-98.37146,ALFALFA,15.00,26N,11W,,,CSE,SW,IM,0.0, ,0.0, 
3500321829,https://public.occ.ok.gov/OGCDWellRecords/Search.aspx?searchcommand=%7B%5BOG%20Well%20Records%5D%3A%5BAPI%20Number%5D%3D%223500321829%2A%22%7D,GOODWIN,#1-32,CHESAPEAKE OPERATING LLC,PA,GAS,PLUGGED,36.693704,-98.412,ALFALFA,32.00,26N,11W,,,CNW,NW,IM,660.0,W,660.0,N
3500321830,https://public.occ.ok.gov/OGCDWellRecords/Search.aspx?searchcommand=%7B%5BOG%20Well%20Records%5D%3A%5BAPI%20Number%5D%3D%223500321830%2A%22%7D,HADWIGER,#1-8,CHESAPEAKE OPERATING LLC,PA,OIL,PLUGGED,36.918478,-98.40302,ALFALFA,8.00,28N,11W,,,CNW,SE,IM,660.0,W,1980.0,S
3500321831,https://public.occ.ok.gov/OGCDWellRecords/Search.aspx?searchcommand=%7B%5BOG%20Well%20Records%5D%3A%5BAPI%20Number%5D%3D%223500321831%2A%22%7D,SCHMOOK,#1,BUTTRAM OPERATING COMPANY LLC,PA,GAS,PLUGGED,36.700048,-98.412,ALFALFA,29.00,26N,11W,,CS2,NW,SW,IM,660.0,W,1650.0,S
3500321832,https://public.occ.ok.gov/OGCDWellRecords/Search.aspx?searchcommand=%7B%5BOG%20Well%20Records%5D%3A%5BAPI%20Number%5D%3D%223500321832%2A%22%7D,MILAM,#2-32,MARTIN'S RESOURCES LLC,AC,2DNC,UIC,36.864674,-98.301659,ALFALFA,32.00,28N,10W,SW,NW,SE,NW,IM,1630.0,W,860.0,S
3500321833,https://public.occ.ok.gov/OGCDWellRecords/Search.aspx?searchcommand=%7B%5BOG%20Well%20Records%5D%3A%5BAPI%20Number%5D%3D%223500321833%2A%22%7D,MCCOLLUM,#1-9,ANADARKO MINERALS INC,AC,OIL,OIL,36.483132,-98.27998,ALFALFA,9.00,23N,10W,W2,E2,NW,SW,IM,800.0,W,1980.0,S
3500321834,https://public.occ.ok.gov/OGCDWellRecords/Search.aspx?searchcommand=%7B%5BOG%20Well%20Records%5D%3A%5BAPI%20Number%5D%3D%223500321834%2A%22%7D,WESSELS,#1-31,G A W OIL COMPANY LLC,PA,DRY,PLUGGED,36.865024,-98.3174,ALFALFA,31.00,28N,10W,,CN2,SE,NW,IM,1980.0,W,990.0,S
3500321835,https://public.occ.ok.gov/OGCDWellRecords/Search.aspx?searchcommand=%7B%5BOG%20Well%20Records%5D%3A%5BAPI%20Number%5D%3D%223500321835%2A%22%7D,WEDEL,#1-10,ANADARKO MINERALS INC,AC,OIL,OIL,36.483225,-98.263037,ALFALFA,10.00,23N,10W,,,CNW,SW,IM,660.0,W,1980.0,S
3500321836,https://public.occ.ok.gov/OGCDWellRecords/Search.aspx?searchcommand=%7B%5BOG%20Well%20Records%5D%3A%5BAPI%20Number%5D%3D%223500321836%2A%22%7D,ROSE MARY,#1-32,BROWER ROBERT C,AC,OIL,OIL,36.867736,-98.295927,ALFALFA,32.00,28N,10W,,C,NW,NE,IM,660.0,W,1980.0,S
3500321837,https://public.occ.ok.gov/OGCDWellRecords/Search.aspx?searchcommand=%7B%5BOG%20Well%20Records%5D%3A%5BAPI%20Number%5D%3D%223500321837%2A%22%7D,GOEKEN,#2-17,SANDRIDGE EXPLORATION & PRODUCTION LLC,PA,GAS,PLUGGED,36.819687,-98.40188,ALFALFA,17.00,27N,11W,,CSE,SW,NE,IM,990.0,W,330.0,S
3500321838,https://public.occ.ok.gov/OGCDWellRecords/Search.aspx?searchcommand=%7B%5BOG%20Well%20Records%5D%3A%5BAPI%20Number%5D%3D%223500321838%2A%22%7D,GEIS,#1-21,W F D OIL CORP.,PA,GAS,PLUGGED,36.800565,-98.49088,ALFALFA,21.00,27N,12W,,,,CSE,IM,1320.0,W,1320.0,S
3500321839,https://public.occ.ok.gov/OGCDWellRecords/Search.aspx?searchcommand=%7B%5BOG%20Well%20Records%5D%3A%5BAPI%20Number%5D%3D%223500321839%2A%22%7D,REFUGE,#2,MARJO OPERATING COMPANY INC,PA,DRY,PLUGGED,36.8309699,-98.2131932,ALFALFA,7.00,27N,09W,NW,SE,NW,SW,IM,845.0,W,1890.0,S
3500321840,https://public.occ.ok.gov/OGCDWellRecords/Search.aspx?searchcommand=%7B%5BOG%20Well%20Records%5D%3A%5BAPI%20Number%5D%3D%223500321840%2A%22%7D,ALFALFA SWD,#1,AMPLIFY OKLAHOMA OPERATING LLC,AC,2DNC,UIC,36.621854,-98.173176,ALFALFA,28.00,25N,09W,NE,NE,NE,NW,IM,2404.0,W,2363.0,S
3500321841,https://public.occ.ok.gov/OGCDWellRecords/Search.aspx?searchcommand=%7B%5BOG%20Well%20Records%5D%3A%5BAPI%20Number%5D%3D%223500321841%2A%22%7D,GINDER,#3,GLB EXPLORATION INC,PA,DRY,PLUGGED,36.72397222222222,-98.33011111111111,ALFALFA,24.00,26N,11W,W2,NE,NW,NE,IM,860.0,W,2310.0,S
3500321842,https://public.occ.ok.gov/OGCDWellRecords/Search.aspx?searchcommand=%7B%5BOG%20Well%20Records%5D%3A%5BAPI%20Number%5D%3D%223500321842%2A%22%7D,GEORGIA,#1-29,CHESAPEAKE OPERATING LLC,PA,DRY,PLUGGED,36.704638888888894,-98.412,ALFALFA,29.00,26N,11W,,,CSW,NW,IM,660.0,W,660.0,S
3500321843,https://public.occ.ok.gov/OGCDWellRecords/Search.aspx?searchcommand=%7B%5BOG%20Well%20Records%5D%3A%5BAPI%20Number%5D%3D%223500321843%2A%22%7D,KELVIN,#1-H,"REVOLUTION RESOURCES III, LLC",AC,GAS,GAS,36.619023,-98.167889,ALFALFA,28.00,25N,09W,,,C,NE,IM,1320.0,W,1320.0,S
3500321844,https://public.occ.ok.gov/OGCDWellRecords/Search.aspx?searchcommand=%7B%5BOG%20Well%20Records%5D%3A%5BAPI%20Number%5D%3D%223500321844%2A%22%7D,JOANN,#1-19,UNIT PETROLEUM COMPANY,AC,GAS,GAS,36.802689,-98.52918,ALFALFA,19.00,27N,12W,,,CNW,SE,IM,660.0,W,1980.0,S
3500321845,https://public.occ.ok.gov/OGCDWellRecords/Search.aspx?searchcommand=%7B%5BOG%20Well%20Records%5D%3A%5BAPI%20Number%5D%3D%223500321845%2A%22%7D,DOROTHY,#1-22,EARLSBORO ENERGIES CORPORATION,PA,DRY,PLUGGED,36.71925,-98.36675,ALFALFA,22.00,26N,11W,W2,E2,SW,NE,IM,735.0,W,660.0,S
3500321846,https://public.occ.ok.gov/OGCDWellRecords/Search.aspx?searchcommand=%7B%5BOG%20Well%20Records%5D%3A%5BAPI%20Number%5D%3D%223500321846%2A%22%7D,PECHA,#1,MOORE WILLIAM DBA OVERDRAFT OIL & GAS,AC,OIL,OIL,36.487717,-98.169814,ALFALFA,9.00,23N,09W,E2,NW,SE,NW,IM,1760.0,W,990.0,S
3500321847,https://public.occ.ok.gov/OGCDWellRecords/Search.aspx?searchcommand=%7B%5BOG%20Well%20Records%5D%3A%5BAPI%20Number%5D%3D%223500321847%2A%22%7D,KNOPF,#1-8,TC ENERGY LLC,PA,GAS,PLUGGED,36.8281944444444,-98.4029722222222,ALFALFA,8.00,27N,11W,,,CSW,SE,IM,660.0,W,660.0,S
3500321848,https://public.occ.ok.gov/OGCDWellRecords/Search.aspx?searchcommand=%7B%5BOG%20Well%20Records%5D%3A%5BAPI%20Number%5D%3D%223500321848%2A%22%7D,HDW SWD,#1-2,BCE-MACH LLC,AC,2DNC,UIC,36.592502,-98.137936,ALFALFA,2.00,24N,09W,SW,NE,NW,NW,IM,700.0,W ,2240.0,S 
3500321849,https://public.occ.ok.gov/OGCDWellRecords/Search.aspx?searchcommand=%7B%5BOG%20Well%20Records%5D%3A%5BAPI%20Number%5D%3D%223500321849%2A%22%7D,CHEROKEE,#1-8,D & J OIL COMPANY INC,PA,DRY,PLUGGED,36.741055555555555,-98.5065,ALFALFA,8.00,26N,12W,,,CSE,SE,IM,1980.0,W,660.0,S
3500321850,https://public.occ.ok.gov/OGCDWellRecords/Search.aspx?searchcommand=%7B%5BOG%20Well%20Records%5D%3A%5BAPI%20Number%5D%3D%223500321850%2A%22%7D,REBA,#1-8,VALIDUS ENERGY II MIDCON LLC,AC,OIL,OIL,36.482556,-98.51408,ALFALFA,8.00,23N,12W,N2,S2,NW,SW,IM,660.0,W,1770.0,S
3500321851,https://public.occ.ok.gov/OGCDWellRecords/Search.aspx?searchcommand=%7B%5BOG%20Well%20Records%5D%3A%5BAPI%20Number%5D%3D%223500321851%2A%22%7D,BASS UNIT,#1-36,BLUE STEEL INVESTMENTS LLC,PA,GAS,PLUGGED,36.780388,-98.117175,ALFALFA,36.00,27N,09W,,,CNW,NE,IM,660.0,W,1980.0,S
3500321852,https://public.occ.ok.gov/OGCDWellRecords/Search.aspx?searchcommand=%7B%5BOG%20Well%20Records%5D%3A%5BAPI%20Number%5D%3D%223500321852%2A%22%7D,MYERS,#1-33,D & J OIL COMPANY INC,AC,OIL,OIL,36.775952,-98.165939,ALFALFA,33.00,27N,09W,,CSE,SE,NE,IM,2310.0,W,330.0,S
3500321853,https://public.occ.ok.gov/OGCDWellRecords/Search.aspx?searchcommand=%7B%5BOG%20Well%20Records%5D%3A%5BAPI%20Number%5D%3D%223500321853%2A%22%7D,CROWN,#1-8,SM ENERGY COMPANY,PA,GAS,PLUGGED,36.917506,-98.1822057,ALFALFA,8.00,28N,09W,,CS2,NE,SE,IM,1980.0,W,1650.0,S
3500321854,https://public.occ.ok.gov/OGCDWellRecords/Search.aspx?searchcommand=%7B%5BOG%20Well%20Records%5D%3A%5BAPI%20Number%5D%3D%223500321854%2A%22%7D,RICHARD DAVIS,#1-2H,BCE-MACH LLC,AC,GAS,GAS,36.592581,-98.138961,ALFALFA,2.00,24N,09W,SE,NW,NW,NW,IM,1996.0,E,2306.0,S
3500321855,https://public.occ.ok.gov/OGCDWellRecords/Search.aspx?searchcommand=%7B%5BOG%20Well%20Records%5D%3A%5BAPI%20Number%5D%3D%223500321855%2A%22%7D,GENE,#1-1,MT ENERGY LLC,AC,GAS,GAS,36.502159,-98.106671,ALFALFA,1.00,23N,09W,N2,N2,SE,NE,IM,660.0,E,1585.0,N
3500321856,https://public.occ.ok.gov/OGCDWellRecords/Search.aspx?searchcommand=%7B%5BOG%20Well%20Records%5D%3A%5BAPI%20Number%5D%3D%223500321856%2A%22%7D,TYNER,#3-16,ANADARKO MINERALS INC,AC,GAS,GAS,36.473971,-98.17107,ALFALFA,16.00,23N,09W,E2,E2,W2,NW,IM,1220.0,W,1320.0,S
3500321857,https://public.occ.ok.gov/OGCDWellRecords/Search.aspx?searchcommand=%7B%5BOG%20Well%20Records%5D%3A%5BAPI%20Number%5D%3D%223500321857%2A%22%7D,RDK,#2-30,TRUEVINE GAS COMPANY,PA,DRY,PLUGGED,36.6101784,-98.5246685,ALFALFA,30.00,25N,12W,,,CSE,SE,IM,1980.0,W,660.0,S
3500321858,https://public.occ.ok.gov/OGCDWellRecords/Search.aspx?searchcommand=%7B%5BOG%20Well%20Records%5D%3A%5BAPI%20Number%5D%3D%223500321858%2A%22%7D,THORNTON,#1,BUTTRAM OPERATING COMPANY LLC,PA,GAS,PLUGGED,36.69913888888888,-98.40366666666667,ALFALFA,29.00,26N,11W,NE,NW,SW,SE,IM,510.0,W,1270.0,S
3500321859,https://public.occ.ok.gov/OGCDWellRecords/Search.aspx?searchcommand=%7B%5BOG%20Well%20Records%5D%3A%5BAPI%20Number%5D%3D%223500321859%2A%22%7D,ROSIE (OPAL KASPAREK 1-1),#1-15,CAPSTONE ENERGY INC,PA,DRY,PLUGGED,36.8150889,-98.4796175,ALFALFA,15.00,27N,12W,,,CE2,SW,IM,1980.0,W,1320.0,S
3500321860,https://public.occ.ok.gov/OGCDWellRecords/Search.aspx?searchcommand=%7B%5BOG%20Well%20Records%5D%3A%5BAPI%20Number%5D%3D%223500321860%2A%22%7D,GREEN,#1-32,RIVIERA OPERATING LLC,PA,GAS,PLUGGED,36.606695,-98.41198,ALFALFA,32.00,25N,11W,,,CNW,NW,IM,660.0,W,660.0,N
3500321861,https://public.occ.ok.gov/OGCDWellRecords/Search.aspx?searchcommand=%7B%5BOG%20Well%20Records%5D%3A%5BAPI%20Number%5D%3D%223500321861%2A%22%7D,CORDES,#1-1,CHESAPEAKE OPERATING LLC,PA,GAS,PLUGGED,36.842318,-98.43455,ALFALFA,1.00,27N,12W,,,CSE,SE,IM,660.0,E,660.0,S
3500321862,https://public.occ.ok.gov/OGCDWellRecords/Search.aspx?searchcommand=%7B%5BOG%20Well%20Records%5D%3A%5BAPI%20Number%5D%3D%223500321862%2A%22%7D,JOHNNIE DAVIS,#1-34,BCE-MACH LLC,AC,GAS,GAS,36.593018,-98.139705,ALFALFA,2.00,24N,09W,NW,NW,NW,NW,IM,185.0,W ,220.0,N 
3500321863,https://public.occ.ok.gov/OGCDWellRecords/Search.aspx?searchcommand=%7B%5BOG%20Well%20Records%5D%3A%5BAPI%20Number%5D%3D%223500321863%2A%22%7D,DORIS,#1-5,VALIDUS ENERGY II MIDCON LLC,AC,OIL,OIL,36.502497,-98.50285,ALFALFA,5.00,23N,12W,N2,N2,S2,NE,IM,1320.0,W,1204.0,S
3500321864,https://public.occ.ok.gov/OGCDWellRecords/Search.aspx?searchcommand=%7B%5BOG%20Well%20Records%5D%3A%5BAPI%20Number%5D%3D%223500321864%2A%22%7D,PECHA,#2,GOOD VAUGHN OIL COMPANY LLC,PA,P&A,PLUGGED,36.4789563,-98.1682698,ALFALFA,9.00,23N,09W,N2,S2,SE,SW,IM,1980.0,W,360.0,S
3500321865,https://public.occ.ok.gov/OGCDWellRecords/Search.aspx?searchcommand=%7B%5BOG%20Well%20Records%5D%3A%5BAPI%20Number%5D%3D%223500321865%2A%22%7D,THORP,#1-31,BCE-MACH LLC,AC,GAS,GAS,36.604919,-98.311601,ALFALFA,31.00,25N,10W,,,C,NW,IM,1320.0,E,1320.0,N
3500321866,https://public.occ.ok.gov/OGCDWellRecords/Search.aspx?searchcommand=%7B%5BOG%20Well%20Records%5D%3A%5BAPI%20Number%5D%3D%223500321866%2A%22%7D,J.L. DAVIS,#1-35H,BCE-MACH LLC,AC,GAS,GAS,36.593003,-98.138941,ALFALFA,2.00,24N,09W,NE,NW,NW,NW,IM,701.0,E,709.0,N
3500321867,https://public.occ.ok.gov/OGCDWellRecords/Search.aspx?searchcommand=%7B%5BOG%20Well%20Records%5D%3A%5BAPI%20Number%5D%3D%223500321867%2A%22%7D,JACK,#1-13,CHESAPEAKE OPERATING LLC,PA,OIL,PLUGGED,36.820566,-98.43906,ALFALFA,13.00,27N,12W,,,CSW,NE,IM,0.0, ,0.0, 
3500321868,https://public.occ.ok.gov/OGCDWellRecords/Search.aspx?searchcommand=%7B%5BOG%20Well%20Records%5D%3A%5BAPI%20Number%5D%3D%223500321868%2A%22%7D,THOMAS,#1-32,AEXCO PETROLEUM INC,AC,2DNC,UIC,36.606592,-98.304619,ALFALFA,32.00,25N,10W,,C,NW,NW,IM,660.0,W,660.0,N
3500321869,https://public.occ.ok.gov/OGCDWellRecords/Search.aspx?searchcommand=%7B%5BOG%20Well%20Records%5D%3A%5BAPI%20Number%5D%3D%223500321869%2A%22%7D,HENDRICKS,#1-30,BCE-MACH LLC,AC,GAS,GAS,36.8745277777778,-98.4261111111111,ALFALFA,30.00,28N,11W,C,SW,NE,SW,IM,1650.0,W,1650.0,S
3500321870,https://public.occ.ok.gov/OGCDWellRecords/Search.aspx?searchcommand=%7B%5BOG%20Well%20Records%5D%3A%5BAPI%20Number%5D%3D%223500321870%2A%22%7D,PECHA,#2A,SUPERIOR OIL & GAS LLC,AC,OIL,OIL,36.478956,-98.16883,ALFALFA,9.00,23N,09W,NE,SW,SE,SW,IM,1930.0,W,360.0,S
3500321871,https://public.occ.ok.gov/OGCDWellRecords/Search.aspx?searchcommand=%7B%5BOG%20Well%20Records%5D%3A%5BAPI%20Number%5D%3D%223500321871%2A%22%7D,DAVIS,#1-3H,BCE-MACH LLC,AC,GAS,GAS,36.592564,-98.139633,ALFALFA,2.00,24N,09W,SW,NW,NW,NW,IM,761.0,W,1801.0,S
3500321872,https://public.occ.ok.gov/OGCDWellRecords/Search.aspx?searchcommand=%7B%5BOG%20Well%20Records%5D%3A%5BAPI%20Number%5D%3D%223500321872%2A%22%7D,FERN,#1-18,VALIDUS ENERGY II MIDCON LLC,AC,GAS,GAS,36.472105,-98.51857,ALFALFA,18.00,23N,12W,,C,SE,NE,IM,1980.0,W,660.0,S
3500321873,https://public.occ.ok.gov/OGCDWellRecords/Search.aspx?searchcommand=%7B%5BOG%20Well%20Records%5D%3A%5BAPI%20Number%5D%3D%223500321873%2A%22%7D,HUGHES,#1-22,CHESAPEAKE OPERATING LLC,PA,OIL,PLUGGED,36.544692,-98.47311,ALFALFA,22.00,24N,12W,,CT,SE,NW,IM,1980.0,W,660.0,S
3500321874,https://public.occ.ok.gov/OGCDWellRecords/Search.aspx?searchcommand=%7B%5BOG%20Well%20Records%5D%3A%5BAPI%20Number%5D%3D%223500321874%2A%22%7D,ALDER,#1-28,G A W OIL COMPANY LLC,PA,OIL,PLUGGED,36.87453,-98.27684,ALFALFA,28.00,28N,10W,N2,S2,NW,SE,IM,660.0,W,1780.0,S
3500321875,https://public.occ.ok.gov/OGCDWellRecords/Search.aspx?searchcommand=%7B%5BOG%20Well%20Records%5D%3A%5BAPI%20Number%5D%3D%223500321875%2A%22%7D,DREW,#1-18,W F D OIL CORP.,PA,GAS,PLUGGED,36.813198,-98.53595,ALFALFA,18.00,27N,12W,,CT,S2,SW,IM,1320.0,W,660.0,S
3500321876,https://public.occ.ok.gov/OGCDWellRecords/Search.aspx?searchcommand=%7B%5BOG%20Well%20Records%5D%3A%5BAPI%20Number%5D%3D%223500321876%2A%22%7D,STARKS,#1-26,RAMSEY PROPERTY MANAGEMENT LLC,PA,DRY,PLUGGED,36.9623226,-98.1339551,ALFALFA,26.00,29N,09W,,CT,N2,SE,IM,1320.0,W,1980.0,S
3500321877,https://public.occ.ok.gov/OGCDWellRecords/Search.aspx?searchcommand=%7B%5BOG%20Well%20Records%5D%3A%5BAPI%20Number%5D%3D%223500321877%2A%22%7D,EDWARD,#1,"REVOLUTION RESOURCES III, LLC",AC,GAS,GAS,36.699,-98.52748,ALFALFA,30.00,26N,12W,E2,E2,W2,SE,IM,1325.0,E,1320.0,S
3500321878,https://public.occ.ok.gov/OGCDWellRecords/Search.aspx?searchcommand=%7B%5BOG%20Well%20Records%5D%3A%5BAPI%20Number%5D%3D%223500321878%2A%22%7D,PROCHASKA,#14-1,MERIDIAN RESOURCES & EXPL LLC,EX,NT,OTHER,36.4739176,-98.1256069,ALFALFA,14.00,23N,09W,,,CT,NE,IM,1320.0,W,1320.0,S
3500321879,https://public.occ.ok.gov/OGCDWellRecords/Search.aspx?searchcommand=%7B%5BOG%20Well%20Records%5D%3A%5BAPI%20Number%5D%3D%223500321879%2A%22%7D,HAYS,#1-29,BCE-MACH LLC,AC,GAS,GAS,36.611234,-98.303545,ALFALFA,29.00,25N,10W,C,NE,SW,SW,IM,990.0,W,990.0,S
3500321880,https://public.occ.ok.gov/OGCDWellRecords/Search.aspx?searchcommand=%7B%5BOG%20Well%20Records%5D%3A%5BAPI%20Number%5D%3D%223500321880%2A%22%7D,LEAMON,#1,AMPLIFY OKLAHOMA OPERATING LLC,AC,2DNC,UIC,36.703106,-98.51959,ALFALFA,29.00,26N,12W,SW,SE,SW,NW,IM,1740.0,E,100.0,S
3500321881,https://public.occ.ok.gov/OGCDWellRecords/Search.aspx?searchcommand=%7B%5BOG%20Well%20Records%5D%3A%5BAPI%20Number%5D%3D%223500321881%2A%22%7D,SMITH,#1-H,"REVOLUTION RESOURCES III, LLC",AC,GAS,GAS,36.608635,-98.181916,ALFALFA,29.00,25N,09W,SE,SE,SE,SE,IM,180.0,W,246.0,S
3500321882,https://public.occ.ok.gov/OGCDWellRecords/Search.aspx?searchcommand=%7B%5BOG%20Well%20Records%5D%3A%5BAPI%20Number%5D%3D%223500321882%2A%22%7D,R & R CATTLE,#1-19,SAVOY ENERGY LP,PA,DRY,PLUGGED,36.9768226,-98.5426998,ALFALFA,19.00,29N,12W,,CT,NW,SW,IM,660.0,W,1980.0,S
3500321883,https://public.occ.ok.gov/OGCDWellRecords/Search.aspx?searchcommand=%7B%5BOG%20Well%20Records%5D%3A%5BAPI%20Number%5D%3D%223500321883%2A%22%7D,KIRKPATRICK,#1-28,BROWER ROBERT C,AC,OIL,OIL,36.873165,-98.283475,ALFALFA,28.00,28N,10W,C,W2,E2,SW,IM,1650.0,W,1320.0,S
3500321884,https://public.occ.ok.gov/OGCDWellRecords/Search.aspx?searchcommand=%7B%5BOG%20Well%20Records%5D%3A%5BAPI%20Number%5D%3D%223500321884%2A%22%7D,RUPP,#1-33,G A W OIL COMPANY LLC,PA,OIL,PLUGGED,36.867731,-98.28586,ALFALFA,33.00,28N,10W,,CT,NW,NW,IM,660.0,W,1980.0,S
3500321885,https://public.occ.ok.gov/OGCDWellRecords/Search.aspx?searchcommand=%7B%5BOG%20Well%20Records%5D%3A%5BAPI%20Number%5D%3D%223500321885%2A%22%7D,GIDEON SWD,#1-29,CHESAPEAKE OPERATING LLC,EX,NT,OTHER,36.6972649,-98.1821994,ALFALFA,29.00,26N,09W,,CT,SE,SE,IM,660.0,E,660.0,S
3500321886,https://public.occ.ok.gov/OGCDWellRecords/Search.aspx?searchcommand=%7B%5BOG%20Well%20Records%5D%3A%5BAPI%20Number%5D%3D%223500321886%2A%22%7D,SOLO,#1-30,CHESAPEAKE OPERATING LLC,EX,NT,OTHER,36.6112482,-98.310057,ALFALFA,30.00,25N,10W,W2,NW,SE,SE,IM,1090.0,E,990.0,S
3500321887,https://public.occ.ok.gov/OGCDWellRecords/Search.aspx?searchcommand=%7B%5BOG%20Well%20Records%5D%3A%5BAPI%20Number%5D%3D%223500321887%2A%22%7D,KOST,#1-31,DIVERSIFIED PRODUCTION LLC,AC,GAS,GAS,36.603511,-98.42607,ALFALFA,31.00,25N,11W,SE,NW,SE,NW,IM,1685.0,W,1685.0,N
3500321888,https://public.occ.ok.gov/OGCDWellRecords/Search.aspx?searchcommand=%7B%5BOG%20Well%20Records%5D%3A%5BAPI%20Number%5D%3D%223500321888%2A%22%7D,BETTY,#1-17,VALIDUS ENERGY II MIDCON LLC,AC,GAS,GAS,36.476211,-98.51463,ALFALFA,17.00,23N,12W,SE,NW,NW,NW,IM,510.0,W,2200.0,S
3500321889,https://public.occ.ok.gov/OGCDWellRecords/Search.aspx?searchcommand=%7B%5BOG%20Well%20Records%5D%3A%5BAPI%20Number%5D%3D%223500321889%2A%22%7D,LWH TRUST,#1-14,SUPERIOR PRODUCTION LLC,AC,GAS,GAS,36.475828,-98.4512,ALFALFA,14.00,23N,12W,,C,NW,NE,IM,660.0,W,1980.0,S
3500321890,https://public.occ.ok.gov/OGCDWellRecords/Search.aspx?searchcommand=%7B%5BOG%20Well%20Records%5D%3A%5BAPI%20Number%5D%3D%223500321890%2A%22%7D,ANTHONY,#1-34,TD OPERATING INC,PA,OIL,PLUGGED,36.511991,-98.469147,ALFALFA,34.00,24N,12W,,C,NW,SE,IM,660.0,W,660.0,N
3500321891,https://public.occ.ok.gov/OGCDWellRecords/Search.aspx?searchcommand=%7B%5BOG%20Well%20Records%5D%3A%5BAPI%20Number%5D%3D%223500321891%2A%22%7D,THORNBURGH,#1-H,"REVOLUTION RESOURCES III, LLC",AC,GAS,GAS,36.608726,-98.181918,ALFALFA,29.00,25N,09W,SE,SE,SE,SE,IM,180.0,E,211.0,S
3500321892,https://public.occ.ok.gov/OGCDWellRecords/Search.aspx?searchcommand=%7B%5BOG%20Well%20Records%5D%3A%5BAPI%20Number%5D%3D%223500321892%2A%22%7D,VIVIAN,#1-24,NORTH LAKE RESOURCES LLC,AC,GAS,GAS,36.715321,-98.125682,ALFALFA,24.00,26N,09W,,C,NW,SW,IM,660.0,W,1980.0,S
3500321893,https://public.occ.ok.gov/OGCDWellRecords/Search.aspx?searchcommand=%7B%5BOG%20Well%20Records%5D%3A%5BAPI%20Number%5D%3D%223500321893%2A%22%7D,PAUL,#1-31,CHACO ENERGY COMPANY,AC,OIL,OIL,36.510004,-98.303699,ALFALFA,31.00,24N,10W,N2,N2,SE,SE,IM,1980.0,W,1200.0,S
3500321894,https://public.occ.ok.gov/OGCDWellRecords/Search.aspx?searchcommand=%7B%5BOG%20Well%20Records%5D%3A%5BAPI%20Number%5D%3D%223500321894%2A%22%7D,ZANE,#1-21,CHESAPEAKE OPERATING LLC,EX,NT,OTHER,36.7162743,-98.1748692,ALFALFA,21.00,26N,09W,W2,NW,NE,SW,IM,1485.0,W,2310.0,S
3500321895,https://public.occ.ok.gov/OGCDWellRecords/Search.aspx?searchcommand=%7B%5BOG%20Well%20Records%5D%3A%5BAPI%20Number%5D%3D%223500321895%2A%22%7D,GRACIE,#1-31,CHACO ENERGY COMPANY,AC,OIL,OIL,36.507614,-98.311011,ALFALFA,31.00,24N,10W,W2,SE,SE,SW,IM,2295.0,W,330.0,S
3500321896,https://public.occ.ok.gov/OGCDWellRecords/Search.aspx?searchcommand=%7B%5BOG%20Well%20Records%5D%3A%5BAPI%20Number%5D%3D%223500321896%2A%22%7D,SIMONE,#1-32,BCE-MACH LLC,AC,GAS,GAS,36.693309,-98.185601,ALFALFA,32.00,26N,09W,NW,SW,NE,NE,IM,1090.0,E,700.0,N
3500321897,https://public.occ.ok.gov/OGCDWellRecords/Search.aspx?searchcommand=%7B%5BOG%20Well%20Records%5D%3A%5BAPI%20Number%5D%3D%223500321897%2A%22%7D,GIDEON SWD,#1-32,BCE-MACH LLC,AC,2DNC,UIC,36.693246,-98.184626,ALFALFA,32.00,26N,09W,NE,SW,NE,NE,IM,940.0,E,700.0,N
3500321898,https://public.occ.ok.gov/OGCDWellRecords/Search.aspx?searchcommand=%7B%5BOG%20Well%20Records%5D%3A%5BAPI%20Number%5D%3D%223500321898%2A%22%7D,PHOEBE,#1-26,SANDRIDGE EXPLORATION & PRODUCTION LLC,PA,OIL,PLUGGED,36.967892,-98.24235,ALFALFA,26.00,29N,10W,,,CT,NE,IM,1320.0,W,1320.0,S
3500321899,https://public.occ.ok.gov/OGCDWellRecords/Search.aspx?searchcommand=%7B%5BOG%20Well%20Records%5D%3A%5BAPI%20Number%5D%3D%223500321899%2A%22%7D,HENRY J,#1-5,AOG OPERATING LLC,AC,GAS,GAS,36.937405,-98.295856,ALFALFA,5.00,28N,10W,S2,N2,SW,NE,IM,660.0,W,810.0,S
3500321900,https://public.occ.ok.gov/OGCDWellRecords/Search.aspx?searchcommand=%7B%5BOG%20Well%20Records%5D%3A%5BAPI%20Number%5D%3D%223500321900%2A%22%7D,DIEL,#2-24,SANDRIDGE EXPLORATION & PRODUCTION LLC,PA,GAS,PLUGGED,36.798813,-98.43906,ALFALFA,24.00,27N,12W,,CT,SW,SE,IM,660.0,W,660.0,S
3500321901,https://public.occ.ok.gov/OGCDWellRecords/Search.aspx?searchcommand=%7B%5BOG%20Well%20Records%5D%3A%5BAPI%20Number%5D%3D%223500321901%2A%22%7D,MARSHALL,#2-H,"REVOLUTION RESOURCES III, LLC",AC,GAS,GAS,36.622028,-98.198911,ALFALFA,29.00,25N,09W,NW,NW,NW,NW,IM,172.0,W,214.0,N
3500321902,https://public.occ.ok.gov/OGCDWellRecords/Search.aspx?searchcommand=%7B%5BOG%20Well%20Records%5D%3A%5BAPI%20Number%5D%3D%223500321902%2A%22%7D,CHARLIE,#1-4,VALIDUS ENERGY II MIDCON LLC,AC,GAS,GAS,36.497414,-98.482594,ALFALFA,4.00,23N,12W,N2,S2,NE,SE,IM,1980.0,W,1880.0,S
3500321903,https://public.occ.ok.gov/OGCDWellRecords/Search.aspx?searchcommand=%7B%5BOG%20Well%20Records%5D%3A%5BAPI%20Number%5D%3D%223500321903%2A%22%7D,ETHEL,#1-17,EARLSBORO ENERGIES CORPORATION,PA,OIL,PLUGGED,36.468507,-98.51015,ALFALFA,17.00,23N,12W,E2,W2,NE,SW,IM,1880.0,W,1980.0,S
3500321904,https://public.occ.ok.gov/OGCDWellRecords/Search.aspx?searchcommand=%7B%5BOG%20Well%20Records%5D%3A%5BAPI%20Number%5D%3D%223500321904%2A%22%7D,RUTH,#1-11,DIVERSIFIED PRODUCTION LLC,AC,OIL,OIL,36.479517,-98.3524,ALFALFA,11.00,23N,11W,,C,SW,SW,IM,660.0,W,660.0,S
3500321905,https://public.occ.ok.gov/OGCDWellRecords/Search.aspx?searchcommand=%7B%5BOG%20Well%20Records%5D%3A%5BAPI%20Number%5D%3D%223500321905%2A%22%7D,FRECH,#3-3,SANDRIDGE EXPLORATION & PRODUCTION LLC,AC,OIL,OIL,36.500814,-98.36588,ALFALFA,3.00,23N,11W,N2,S2,SE,NW,IM,1980.0,W,651.0,S
3500321906,https://public.occ.ok.gov/OGCDWellRecords/Search.aspx?searchcommand=%7B%5BOG%20Well%20Records%5D%3A%5BAPI%20Number%5D%3D%223500321906%2A%22%7D,CLAIR,#1-9,CHESAPEAKE OPERATING LLC,PA,OIL,PLUGGED,36.483132,-98.38384,ALFALFA,9.00,23N,11W,,C,NE,SW,IM,660.0,E,660.0,N
3500321907,https://public.occ.ok.gov/OGCDWellRecords/Search.aspx?searchcommand=%7B%5BOG%20Well%20Records%5D%3A%5BAPI%20Number%5D%3D%223500321907%2A%22%7D,CASTLE,#1-H,"REVOLUTION RESOURCES III, LLC",AC,GAS,GAS,36.608842,-98.181913,ALFALFA,29.00,25N,09W,SE,SE,SE,SE,IM,180.0,E,176.0,S
3500321908,https://public.occ.ok.gov/OGCDWellRecords/Search.aspx?searchcommand=%7B%5BOG%20Well%20Records%5D%3A%5BAPI%20Number%5D%3D%223500321908%2A%22%7D,ORVILLA,#1-16,CHESAPEAKE OPERATING LLC,PA,DRY,PLUGGED,36.475882,-98.37486,ALFALFA,16.00,23N,11W,,C,NE,NE,IM,660.0,E,660.0,N
3500321909,https://public.occ.ok.gov/OGCDWellRecords/Search.aspx?searchcommand=%7B%5BOG%20Well%20Records%5D%3A%5BAPI%20Number%5D%3D%223500321909%2A%22%7D,BULLER,#1,SUPERIOR OIL & GAS LLC,AC,OIL,OIL,36.483179,-98.191734,ALFALFA,8.00,23N,09W,,C,NW,SW,IM,660.0,W,1980.0,S
3500321910,https://public.occ.ok.gov/OGCDWellRecords/Search.aspx?searchcommand=%7B%5BOG%20Well%20Records%5D%3A%5BAPI%20Number%5D%3D%223500321910%2A%22%7D,KEN ALLEN,#1-18,SANDRIDGE ENERGY INC,EX,NT,OTHER,36.4758925,-98.3074917,ALFALFA,18.00,23N,10W,,,CNW,NE,IM,660.0,W,1980.0,S
3500321911,https://public.occ.ok.gov/OGCDWellRecords/Search.aspx?searchcommand=%7B%5BOG%20Well%20Records%5D%3A%5BAPI%20Number%5D%3D%223500321911%2A%22%7D,GEORGIANNA,#1-35,NORTH LAKE RESOURCES LLC,AC,GAS,GAS,36.512147,-98.35241,ALFALFA,35.00,24N,11W,,C,NW,SW,IM,660.0,W,1980.0,S
3500321912,https://public.occ.ok.gov/OGCDWellRecords/Search.aspx?searchcommand=%7B%5BOG%20Well%20Records%5D%3A%5BAPI%20Number%5D%3D%223500321912%2A%22%7D,BERRY,#1-9,SANDRIDGE ENERGY INC,EX,NT,OTHER,36.9257371,-98.2858741,ALFALFA,9.00,28N,10W,,,CNW,NW,IM,660.0,W,1980.0,S
3500321913,https://public.occ.ok.gov/OGCDWellRecords/Search.aspx?searchcommand=%7B%5BOG%20Well%20Records%5D%3A%5BAPI%20Number%5D%3D%223500321913%2A%22%7D,CASE,#1-15,SANDRIDGE EXPLORATION & PRODUCTION LLC,PA,OIL,PLUGGED,36.468555,-98.47815,ALFALFA,15.00,23N,12W,,C,NW,SW,IM,660.0,W,1980.0,S
3500321914,https://public.occ.ok.gov/OGCDWellRecords/Search.aspx?searchcommand=%7B%5BOG%20Well%20Records%5D%3A%5BAPI%20Number%5D%3D%223500321914%2A%22%7D,REBA GAIL,#1-13,SANDRIDGE EXPLORATION & PRODUCTION LLC,PA,OIL,PLUGGED,36.476062,-98.222951,ALFALFA,13.00,23N,10W,,C,NE,NW,IM,1980.0,W,1980.0,S
3500321915,https://public.occ.ok.gov/OGCDWellRecords/Search.aspx?searchcommand=%7B%5BOG%20Well%20Records%5D%3A%5BAPI%20Number%5D%3D%223500321915%2A%22%7D,ATHEY,#1-29,BCE-MACH LLC,AC,GAS,GAS,36.694483,-98.185927,ALFALFA,32.00,26N,09W,NW,NW,NE,NE,IM,1173.0,E,300.0,N
3500321916,https://public.occ.ok.gov/OGCDWellRecords/Search.aspx?searchcommand=%7B%5BOG%20Well%20Records%5D%3A%5BAPI%20Number%5D%3D%223500321916%2A%22%7D,LILY SWD,#1-27,SANDRIDGE EXPLORATION & PRODUCTION LLC,PA,TM,PLUGGED,36.969509,-98.259103,ALFALFA,27.00,29N,10W,W2,W2,NE,NE,IM,1580.0,W,1980.0,S
3500321917,https://public.occ.ok.gov/OGCDWellRecords/Search.aspx?searchcommand=%7B%5BOG%20Well%20Records%5D%3A%5BAPI%20Number%5D%3D%223500321917%2A%22%7D,LILY,#1-27,SANDRIDGE EXPLORATION & PRODUCTION LLC,PA,GAS,PLUGGED,36.969718,-98.25816,ALFALFA,27.00,29N,10W,,C,NE,NE,IM,1980.0,W,1980.0,S
3500321918,https://public.occ.ok.gov/OGCDWellRecords/Search.aspx?searchcommand=%7B%5BOG%20Well%20Records%5D%3A%5BAPI%20Number%5D%3D%223500321918%2A%22%7D,SCOOTER,#1-29,SANDRIDGE EXPLORATION & PRODUCTION LLC,AC,GAS,GAS,36.531992,-98.397316,ALFALFA,29.00,24N,11W,,C,W2,NE,IM,660.0,W,1320.0,S
3500321919,https://public.occ.ok.gov/OGCDWellRecords/Search.aspx?searchcommand=%7B%5BOG%20Well%20Records%5D%3A%5BAPI%20Number%5D%3D%223500321919%2A%22%7D,WHEELER,#1,"REVOLUTION RESOURCES III, LLC",AC,GAS,GAS,36.703532,-98.52523,ALFALFA,30.00,26N,12W,E2,SW,SE,NE,IM,750.0,E,330.0,S
3500321920,https://public.occ.ok.gov/OGCDWellRecords/Search.aspx?searchcommand=%7B%5BOG%20Well%20Records%5D%3A%5BAPI%20Number%5D%3D%223500321920%2A%22%7D,CAMPBELL,#1-32,BCE-MACH LLC,AC,GAS,GAS,36.686222,-98.192984,ALFALFA,32.00,26N,09W,,C,NE,SW,IM,1980.0,W,1980.0,S
3500321921,https://public.occ.ok.gov/OGCDWellRecords/Search.aspx?searchcommand=%7B%5BOG%20Well%20Records%5D%3A%5BAPI%20Number%5D%3D%223500321921%2A%22%7D,BECKWITH,#1-10,KIRKPATRICK OIL COMPANY INC,AC,OIL,OIL,36.483139,-98.36139,ALFALFA,10.00,23N,11W,,C,NW,SE,IM,660.0,W,660.0,N
3500321922,https://public.occ.ok.gov/OGCDWellRecords/Search.aspx?searchcommand=%7B%5BOG%20Well%20Records%5D%3A%5BAPI%20Number%5D%3D%223500321922%2A%22%7D,STANLEY,#1-28,CHESAPEAKE OPERATING LLC,PA,DRY,PLUGGED,36.694093,-98.18276,ALFALFA,32.00,26N,09W,SE,NW,NE,NE,IM,879.0,E,333.0,N
3500321923,https://public.occ.ok.gov/OGCDWellRecords/Search.aspx?searchcommand=%7B%5BOG%20Well%20Records%5D%3A%5BAPI%20Number%5D%3D%223500321923%2A%22%7D,TUMBLEWEED,#1-33,AMPLIFY OKLAHOMA OPERATING LLC,PA,GAS,PLUGGED,36.691804,-98.49143,ALFALFA,33.00,26N,12W,,,C,NE,IM,1320.0,E,1320.0,N
3500321924,https://public.occ.ok.gov/OGCDWellRecords/Search.aspx?searchcommand=%7B%5BOG%20Well%20Records%5D%3A%5BAPI%20Number%5D%3D%223500321924%2A%22%7D,KODIAK,#1-14,CHESAPEAKE OPERATING LLC,PA,GAS,PLUGGED,36.641545,-98.45538,ALFALFA,14.00,25N,12W,SE,SE,NW,SE,IM,1485.0,E,1485.0,S
3500321925,https://public.occ.ok.gov/OGCDWellRecords/Search.aspx?searchcommand=%7B%5BOG%20Well%20Records%5D%3A%5BAPI%20Number%5D%3D%223500321925%2A%22%7D,LONE EAGLE,#1-8,"REVOLUTION RESOURCES III, LLC",AC,GAS,GAS,36.662774,-98.51789,ALFALFA,8.00,25N,12W,,,C,NW,IM,1320.0,W,1320.0,N
3500321926,https://public.occ.ok.gov/OGCDWellRecords/Search.aspx?searchcommand=%7B%5BOG%20Well%20Records%5D%3A%5BAPI%20Number%5D%3D%223500321926%2A%22%7D,WOLVERINE,#1-23,CHESAPEAKE OPERATING LLC,PA,GAS,PLUGGED,36.633842,-98.45482,ALFALFA,23.00,25N,12W,,,C,NE,IM,1320.0,E,1320.0,N
3500321927,https://public.occ.ok.gov/OGCDWellRecords/Search.aspx?searchcommand=%7B%5BOG%20Well%20Records%5D%3A%5BAPI%20Number%5D%3D%223500321927%2A%22%7D,CHUCK,#1-33,SANDRIDGE ENERGY INC,EX,NT,OTHER,36.5157626,-98.3748607,ALFALFA,33.00,24N,11W,,,CSE,NE,IM,1980.0,W,660.0,S
3500321928,https://public.occ.ok.gov/OGCDWellRecords/Search.aspx?searchcommand=%7B%5BOG%20Well%20Records%5D%3A%5BAPI%20Number%5D%3D%223500321928%2A%22%7D,CHURCH,#1-31,BCE-MACH LLC,AC,GAS,GAS,36.684483,-98.204549,ALFALFA,31.00,26N,09W,E2,E2,W2,SE,IM,1420.0,E,1320.0,S
3500321929,https://public.occ.ok.gov/OGCDWellRecords/Search.aspx?searchcommand=%7B%5BOG%20Well%20Records%5D%3A%5BAPI%20Number%5D%3D%223500321929%2A%22%7D,SEVERIN,#1-18,SUPERIOR PRODUCTION LLC,AC,GAS,GAS,36.472314,-98.195255,ALFALFA,18.00,23N,09W,,C,SE,NE,IM,1980.0,W,660.0,S
3500321930,https://public.occ.ok.gov/OGCDWellRecords/Search.aspx?searchcommand=%7B%5BOG%20Well%20Records%5D%3A%5BAPI%20Number%5D%3D%223500321930%2A%22%7D,JOURNEY,#1-33,CHESAPEAKE OPERATING LLC,EX,NT,OTHER,36.6940928,-98.1827616,ALFALFA,32.00,26N,09W,SE,NW,NE,NE,IM,888.0,E,483.0,N
3500321931,https://public.occ.ok.gov/OGCDWellRecords/Search.aspx?searchcommand=%7B%5BOG%20Well%20Records%5D%3A%5BAPI%20Number%5D%3D%223500321931%2A%22%7D,DUTCH HARBOR SWD,#1-14,BCE-MACH LLC,PA,TM,PLUGGED,36.638051,-98.451166,ALFALFA,14.00,25N,12W,SE,SE,SE,SE,IM,273.0,E,221.0,S
3500321932,https://public.occ.ok.gov/OGCDWellRecords/Search.aspx?searchcommand=%7B%5BOG%20Well%20Records%5D%3A%5BAPI%20Number%5D%3D%223500321932%2A%22%7D,B SEVERIN,#1-11,SANDRIDGE ENERGY INC,EX,NT,OTHER,36.4902315,-98.1368311,ALFALFA,11.00,23N,09W,,CT,NW,NW,IM,660.0,W,1980.0,S
3500321933,https://public.occ.ok.gov/OGCDWellRecords/Search.aspx?searchcommand=%7B%5BOG%20Well%20Records%5D%3A%5BAPI%20Number%5D%3D%223500321933%2A%22%7D,PARR,#1-26,"KANDLETOP OPERATING, LLC",AC,GAS,GAS,36.964878,-98.253638,ALFALFA,26.00,29N,10W,C,S2,SW,NW,IM,660.0,W,330.0,S
3500321934,https://public.occ.ok.gov/OGCDWellRecords/Search.aspx?searchcommand=%7B%5BOG%20Well%20Records%5D%3A%5BAPI%20Number%5D%3D%223500321934%2A%22%7D,ZION,#1-3,CHESAPEAKE OPERATING LLC,EX,NT,OTHER,36.675463,-98.1573996,ALFALFA,3.00,25N,09W,,C,S2,NW,IM,1320.0,W,1980.0,N
3500321935,https://public.occ.ok.gov/OGCDWellRecords/Search.aspx?searchcommand=%7B%5BOG%20Well%20Records%5D%3A%5BAPI%20Number%5D%3D%223500321935%2A%22%7D,BENFORD,#1-3,DIVERSIFIED PRODUCTION LLC,AC,GAS,GAS,36.494023,-98.155779,ALFALFA,3.00,23N,09W,W2,E2,SW,SW,IM,710.0,W,660.0,S
3500321936,https://public.occ.ok.gov/OGCDWellRecords/Search.aspx?searchcommand=%7B%5BOG%20Well%20Records%5D%3A%5BAPI%20Number%5D%3D%223500321936%2A%22%7D,WILBER,#1-19,BUTTRAM OPERATING COMPANY LLC,EX,NT,OTHER,36.8930548,-98.2081275,ALFALFA,19.00,28N,09W,CT,E2,SE,NW,IM,2310.0,W,660.0,S
3500321937,https://public.occ.ok.gov/OGCDWellRecords/Search.aspx?searchcommand=%7B%5BOG%20Well%20Records%5D%3A%5BAPI%20Number%5D%3D%223500321937%2A%22%7D,FORTRESS,#1-25,DIVERSIFIED PRODUCTION LLC,AC,OIL,OIL,36.70004,-98.32769,ALFALFA,25.00,26N,11W,C,SW,NE,SE,IM,990.0,E,1650.0,S
3500321938,https://public.occ.ok.gov/OGCDWellRecords/Search.aspx?searchcommand=%7B%5BOG%20Well%20Records%5D%3A%5BAPI%20Number%5D%3D%223500321938%2A%22%7D,PENNER,#2-4,DEKA EXPLORATION INC,EX,NT,OTHER,36.49480005,-98.165604266,ALFALFA,4.00,23N,09W,C,NW,SW,SE,IM,330.0,W,990.0,S
3500321939,https://public.occ.ok.gov/OGCDWellRecords/Search.aspx?searchcommand=%7B%5BOG%20Well%20Records%5D%3A%5BAPI%20Number%5D%3D%223500321939%2A%22%7D,STACEY,#1-5,LADD LLC,PA,DRY,PLUGGED,36.929354,-98.4030197,ALFALFA,5.00,28N,11W,,C,SW,SE,IM,660.0,W,660.0,S
3500321940,https://public.occ.ok.gov/OGCDWellRecords/Search.aspx?searchcommand=%7B%5BOG%20Well%20Records%5D%3A%5BAPI%20Number%5D%3D%223500321940%2A%22%7D,HARMS,#4,SUPERIOR PRODUCTION LLC,AC,OIL,OIL,36.500444,-98.178113,ALFALFA,5.00,23N,09W,NW,SE,SE,NE,IM,2030.0,W,380.0,S
3500321941,https://public.occ.ok.gov/OGCDWellRecords/Search.aspx?searchcommand=%7B%5BOG%20Well%20Records%5D%3A%5BAPI%20Number%5D%3D%223500321941%2A%22%7D,LITTLE MULE,#1,CMX INC OF KANSAS,PA,NT,PLUGGED,36.9804771,-98.5223749,ALFALFA,20.00,29N,12W,,C,S2,NW,IM,1320.0,W,660.0,S
3500321942,https://public.occ.ok.gov/OGCDWellRecords/Search.aspx?searchcommand=%7B%5BOG%20Well%20Records%5D%3A%5BAPI%20Number%5D%3D%223500321942%2A%22%7D,BURRIGHT,##2-14,BRG PETROLEUM LLC,AC,OIL,OIL,36.46876,-98.34849,ALFALFA,14.00,23N,11W,NW,SE,NE,SW,IM,1983.0,W,1901.0,S
3500321943,https://public.occ.ok.gov/OGCDWellRecords/Search.aspx?searchcommand=%7B%5BOG%20Well%20Records%5D%3A%5BAPI%20Number%5D%3D%223500321943%2A%22%7D,SCOTT DAVID,#1-19,SANDRIDGE EXPLORATION & PRODUCTION LLC,AC,OIL,OIL,36.893165,-98.207587,ALFALFA,19.00,28N,09W,C,W2,SW,NE,IM,330.0,W,660.0,S
3500321944,https://public.occ.ok.gov/OGCDWellRecords/Search.aspx?searchcommand=%7B%5BOG%20Well%20Records%5D%3A%5BAPI%20Number%5D%3D%223500321944%2A%22%7D,VAN METER,#1-4,DEKA EXPLORATION INC,PA,NT,PLUGGED,36.4783,-98.1659,ALFALFA,4.00,23N,09W,SW,SE,SW,SE,IM,780.0,W,185.0,S
3500321945,https://public.occ.ok.gov/OGCDWellRecords/Search.aspx?searchcommand=%7B%5BOG%20Well%20Records%5D%3A%5BAPI%20Number%5D%3D%223500321945%2A%22%7D,CYNTHIA,#1-23,"KANDLETOP OPERATING, LLC",AC,GAS,GAS,36.973165,-98.252931,ALFALFA,23.00,29N,10W,,C,SW,SW,IM,660.0,W,660.0,S
3500321946,https://public.occ.ok.gov/OGCDWellRecords/Search.aspx?searchcommand=%7B%5BOG%20Well%20Records%5D%3A%5BAPI%20Number%5D%3D%223500321946%2A%22%7D,JEFFREY,#1-27H,SANDRIDGE EXPLORATION & PRODUCTION LLC,AC,OIL,OIL,36.957747,-98.258063,ALFALFA,27.00,29N,10W,C,S2,SE,SE,IM,650.0,E,725.0,S
3500321947,https://public.occ.ok.gov/OGCDWellRecords/Search.aspx?searchcommand=%7B%5BOG%20Well%20Records%5D%3A%5BAPI%20Number%5D%3D%223500321947%2A%22%7D,TONTO,#1-12H,SANDRIDGE EXPLORATION & PRODUCTION LLC,AC,OIL,OIL,36.914,-98.4343,ALFALFA,12.00,28N,12W,SE,SE,SW,SE,IM,880.0,E,200.0,S
